{
    "info": {
        "author": "Thomas Waldmann",
        "author_email": "tw@waldmann-edv.de",
        "bugtrack_url": null,
        "classifiers": [
            "Development Status :: 5 - Production/Stable",
            "Environment :: Console",
            "Intended Audience :: Developers",
            "License :: OSI Approved :: Python Software Foundation License",
            "Operating System :: OS Independent",
            "Programming Language :: Python",
            "Programming Language :: Python :: 2",
            "Programming Language :: Python :: 2.3",
            "Programming Language :: Python :: 2.4",
            "Programming Language :: Python :: 2.5",
            "Programming Language :: Python :: 2.6",
            "Programming Language :: Python :: 2.7",
            "Programming Language :: Python :: 3",
            "Programming Language :: Python :: 3.0",
            "Programming Language :: Python :: 3.1",
            "Programming Language :: Python :: 3.2",
            "Programming Language :: Python :: 3.3",
            "Programming Language :: Python :: 3.4",
            "Topic :: Software Development"
        ],
        "description": "The argparse module makes it easy to write user friendly command line\ninterfaces.\n\nThe program defines what arguments it requires, and argparse will figure out\nhow to parse those out of sys.argv. The argparse module also automatically\ngenerates help and usage messages and issues errors when users give the\nprogram invalid arguments.\n\nAs of Python >= 2.7 and >= 3.2, the argparse module is maintained within the\nPython standard library. For users who still need to support Python < 2.7 or\n< 3.2, it is also provided as a separate package, which tries to stay\ncompatible with the module in the standard library, but also supports older\nPython versions.\n\nAlso, we can fix bugs here for users who are stuck on some non-current python\nversion, like e.g. 3.2.3 (which has bugs that were fixed in a later 3.2.x\nrelease).\n\nargparse is licensed under the Python license, for details see LICENSE.txt.\n\n\nCompatibility\n-------------\n\nargparse should work on Python >= 2.3, it was tested on:\n\n* 2.3, 2.4, 2.5, 2.6 and 2.7\n* 3.1, 3.2, 3.3, 3.4\n\n\nInstallation\n------------\n\nTry one of these:\n\n    python setup.py install\n\n    easy_install argparse\n\n    pip install argparse\n\n    putting argparse.py in some directory listed in sys.path should also work\n\n\nBugs\n----\n\nIf you find a bug in argparse (pypi), please try to reproduce it with latest\npython 2.7 and 3.4 (and use argparse from stdlib).\n\nIf it happens there also, please file a bug in the python.org issue tracker.\nIf it does not happen there, file a bug in the argparse package issue tracker.",
        "description_content_type": null,
        "docs_url": null,
        "download_url": "UNKNOWN",
        "downloads": {
            "last_day": -1,
            "last_month": -1,
            "last_week": -1
        },
        "home_page": "https://github.com/ThomasWaldmann/argparse/",
        "keywords": "argparse command line parser parsing",
        "license": "Python Software Foundation License",
        "maintainer": null,
        "maintainer_email": null,
        "name": "argparse",
        "package_url": "https://pypi.org/project/argparse/",
        "platform": "any",
        "project_url": "https://pypi.org/project/argparse/",
        "release_url": "https://pypi.org/project/argparse/1.4.0/",
        "requires_dist": null,
        "requires_python": null,
        "summary": "Python command-line parsing library",
        "version": "1.4.0"
    },
    "last_serial": 1722172,
    "releases": {
        "0.0.1": [],
        "0.1.0": [
            {
                "comment_text": "",
                "digests": {
                    "md5": "3b4a09b921177dc6b06fd01476bed810",
                    "sha256": "2d11d445e80dbbc9759cbc402e276f5d72bf1dc66f659d403164fdd01a9fc1c5"
                },
                "downloads": -1,
                "filename": "argparse-0.1.0.tar.gz",
                "has_sig": false,
                "md5_digest": "3b4a09b921177dc6b06fd01476bed810",
                "packagetype": "sdist",
                "python_version": "source",
                "size": 14005,
                "upload_time": "2006-10-10T22:21:29",
                "url": "https://files.pythonhosted.org/packages/3a/12/c9e40e7106f274a3780fec3787aadefccd859b49823a2e73b1811427491b/argparse-0.1.0.tar.gz"
            },
            {
                "comment_text": "",
                "digests": {
                    "md5": "876031ad8d0ea7e5ea96fcb93523b9ab",
                    "sha256": "3dc9276753c4d7179c54031e1be7795cc55a9ddf981e7eb8d9478d60ce052774"
                },
                "downloads": -1,
                "filename": "argparse-0.1.0.win32.exe",
                "has_sig": false,
                "md5_digest": "876031ad8d0ea7e5ea96fcb93523b9ab",
                "packagetype": "bdist_wininst",
                "python_version": "any",
                "size": 75868,
                "upload_time": "2006-10-10T22:21:33",
                "url": "https://files.pythonhosted.org/packages/cc/71/f9e9b4be2819b59815956bd12e80d72efa5bce0974e3e51439f08b51b115/argparse-0.1.0.win32.exe"
            }
        ],
        "0.2.0": [
            {
                "comment_text": "",
                "digests": {
                    "md5": "8d1fd066ed0bcbe018ed1927dd7c392a",
                    "sha256": "e626c6329f974a319ab0d9a181f7f52b922dbdf1c4ad1e2b255c950b8d6a1175"
                },
                "downloads": -1,
                "filename": "argparse-0.2.0.win32.exe",
                "has_sig": false,
                "md5_digest": "8d1fd066ed0bcbe018ed1927dd7c392a",
                "packagetype": "bdist_wininst",
                "python_version": "any",
                "size": 75917,
                "upload_time": "2006-10-23T23:10:49",
                "url": "https://files.pythonhosted.org/packages/98/b8/d1ce6bb2234aaf868fbd98759d34ef3fadbc10ba183aac74dc7502d9e049/argparse-0.2.0.win32.exe"
            },
            {
                "comment_text": "",
                "digests": {
                    "md5": "f2ab893381c89c3521140ec11860d7dc",
                    "sha256": "932d2f6a245f2ce1eaf30b2dcdc8f1303ee120e7a0d63ef6102186a31e067d46"
                },
                "downloads": -1,
                "filename": "argparse-0.2.0.zip",
                "has_sig": false,
                "md5_digest": "f2ab893381c89c3521140ec11860d7dc",
                "packagetype": "sdist",
                "python_version": "source",
                "size": 14902,
                "upload_time": "2006-10-23T23:10:47",
                "url": "https://files.pythonhosted.org/packages/9a/3f/b073ff07eea98629b2af2f2e43e0189cdb55a110362e0cadc90c10342d54/argparse-0.2.0.zip"
            }
        ],
        "0.3.0": [
            {
                "comment_text": "",
                "digests": {
                    "md5": "cd9f3e23ec694ca5cb62b3d1ad73b594",
                    "sha256": "a6bf2ce762a74146e0f61d2514392f5098a5166541f6df80d5a70cfb2686252b"
                },
                "downloads": -1,
                "filename": "argparse-0.3.0.win32.exe",
                "has_sig": false,
                "md5_digest": "cd9f3e23ec694ca5cb62b3d1ad73b594",
                "packagetype": "bdist_wininst",
                "python_version": "any",
                "size": 75954,
                "upload_time": "2006-12-05T17:14:28",
                "url": "https://files.pythonhosted.org/packages/57/80/6ac6364b13ece8e229ba67f8e39966d60f17981fe45e2699d7208f0a621f/argparse-0.3.0.win32.exe"
            },
            {
                "comment_text": "",
                "digests": {
                    "md5": "f1402d20e7cb0e8aa972a8b801337082",
                    "sha256": "9034eb8a8ef8a6191825ce966be02952e2d2e93d097483e0747939c164356b8e"
                },
                "downloads": -1,
                "filename": "argparse-0.3.0.zip",
                "has_sig": false,
                "md5_digest": "f1402d20e7cb0e8aa972a8b801337082",
                "packagetype": "sdist",
                "python_version": "source",
                "size": 14938,
                "upload_time": "2006-12-05T17:14:29",
                "url": "https://files.pythonhosted.org/packages/73/d0/523bd5bd2135908cf968587edfab12621dca1c4c5bb30ad2152db91c8b82/argparse-0.3.0.zip"
            }
        ],
        "0.4.0": [
            {
                "comment_text": "",
                "digests": {
                    "md5": "b73c5d70861b3d73bdf62baff0ad7973",
                    "sha256": "ebf61dfe9da5d2d4f48c34f42387920cd9128b67afe9a6a6b22230949253554c"
                },
                "downloads": -1,
                "filename": "argparse-0.4.0.win32.exe",
                "has_sig": false,
                "md5_digest": "b73c5d70861b3d73bdf62baff0ad7973",
                "packagetype": "bdist_wininst",
                "python_version": "any",
                "size": 76046,
                "upload_time": "2007-01-05T00:45:59",
                "url": "https://files.pythonhosted.org/packages/e5/e1/6fc48539147b87018a55faf06f78cdb721e21d2b2e835aa68c31e525e116/argparse-0.4.0.win32.exe"
            },
            {
                "comment_text": "",
                "digests": {
                    "md5": "9240b1183f2c08a1eb5b48e0adae689b",
                    "sha256": "ced2c1a18794fbd6232780f050e77f86a1e1a6ab28e1fce1aacc97b2b18b0618"
                },
                "downloads": -1,
                "filename": "argparse-0.4.0.zip",
                "has_sig": false,
                "md5_digest": "9240b1183f2c08a1eb5b48e0adae689b",
                "packagetype": "sdist",
                "python_version": "source",
                "size": 15031,
                "upload_time": "2007-01-05T00:45:56",
                "url": "https://files.pythonhosted.org/packages/d7/b3/6d9a2003b9f8e0766a131ec140259c57b302429b95f4d9c431ecc1207bce/argparse-0.4.0.zip"
            }
        ],
        "0.5.0": [
            {
                "comment_text": "",
                "digests": {
                    "md5": "9cf20b0c8cd8fd7489d7400eee1cec32",
                    "sha256": "b49ab5679c271e4ad3ab20fe1986971ad84c2b4930df4c675e07de30d989fb35"
                },
                "downloads": -1,
                "filename": "argparse-0.5.0.win32.exe",
                "has_sig": false,
                "md5_digest": "9cf20b0c8cd8fd7489d7400eee1cec32",
                "packagetype": "bdist_wininst",
                "python_version": "any",
                "size": 76856,
                "upload_time": "2007-01-17T02:31:25",
                "url": "https://files.pythonhosted.org/packages/9a/dc/2a2883bb453e00b7b1a47215fd73f91b5a5c99e11b127d71887e74028d9f/argparse-0.5.0.win32.exe"
            },
            {
                "comment_text": "",
                "digests": {
                    "md5": "dbc3603e049e4dd624cfc615a544b4e2",
                    "sha256": "b03fad7552188a6d950987a9edca2e33ac096f012de2fbbff4e726b6e5f05691"
                },
                "downloads": -1,
                "filename": "argparse-0.5.0.zip",
                "has_sig": false,
                "md5_digest": "dbc3603e049e4dd624cfc615a544b4e2",
                "packagetype": "sdist",
                "python_version": "source",
                "size": 15843,
                "upload_time": "2007-01-17T02:31:26",
                "url": "https://files.pythonhosted.org/packages/3b/3e/8ead694c4d94b0cee3ed3c1fb496f1f39a279c7737c5fcf3b96d5d5eda64/argparse-0.5.0.zip"
            }
        ],
        "0.6.0": [
            {
                "comment_text": "",
                "digests": {
                    "md5": "0cf921fb10efde0d03e9f528c362f4b3",
                    "sha256": "751cffef3f59a39757d190d9c4fdfa5da9045b05fc8e94317b29090b6e42ba07"
                },
                "downloads": -1,
                "filename": "argparse-0.6.0.win32.exe",
                "has_sig": false,
                "md5_digest": "0cf921fb10efde0d03e9f528c362f4b3",
                "packagetype": "bdist_wininst",
                "python_version": "any",
                "size": 77203,
                "upload_time": "2007-02-25T15:35:21",
                "url": "https://files.pythonhosted.org/packages/1e/1a/0c328a8342dbe2eb482f0d1b60bbebaf513da472148da92fa52b9110ffde/argparse-0.6.0.win32.exe"
            },
            {
                "comment_text": "",
                "digests": {
                    "md5": "d4d3149101768c6aca5da6b47fa59b36",
                    "sha256": "e7964f8ef3e5c96108d913ab8489df2c5ad59bce6b8c4b32d065ba99b7cfd307"
                },
                "downloads": -1,
                "filename": "argparse-0.6.0.zip",
                "has_sig": false,
                "md5_digest": "d4d3149101768c6aca5da6b47fa59b36",
                "packagetype": "sdist",
                "python_version": "source",
                "size": 30599,
                "upload_time": "2007-02-25T15:35:19",
                "url": "https://files.pythonhosted.org/packages/41/a4/d4cf49ff745e92a25088317311609c03a567d15a4fed17dee5530b46a615/argparse-0.6.0.zip"
            }
        ],
        "0.7.0": [
            {
                "comment_text": "",
                "digests": {
                    "md5": "922c6b29218000460547221cd260997c",
                    "sha256": "f1b76b2f215bd5e35809296cf34c28f29074ec1304b4e64c1a157f900065884a"
                },
                "downloads": -1,
                "filename": "argparse-0.7.0.win32.exe",
                "has_sig": false,
                "md5_digest": "922c6b29218000460547221cd260997c",
                "packagetype": "bdist_wininst",
                "python_version": "any",
                "size": 77479,
                "upload_time": "2007-03-25T17:05:24",
                "url": "https://files.pythonhosted.org/packages/84/0b/484d541de2b82945a0bc71669b295de37a9ce3f2ccc5b19075cd6585a2b2/argparse-0.7.0.win32.exe"
            },
            {
                "comment_text": "",
                "digests": {
                    "md5": "39c102f3bf8e4f110649feed248bbdef",
                    "sha256": "5d37bc56a75e5c5edfba1382f22c67e9bdfc1b684b7d20f834d1de0c7b0477a8"
                },
                "downloads": -1,
                "filename": "argparse-0.7.0.zip",
                "has_sig": false,
                "md5_digest": "39c102f3bf8e4f110649feed248bbdef",
                "packagetype": "sdist",
                "python_version": "source",
                "size": 31140,
                "upload_time": "2007-03-25T17:05:21",
                "url": "https://files.pythonhosted.org/packages/1e/42/0c5cde5f05a76164e29fdb78f633484306d48583c844fe00a42ce8e3a069/argparse-0.7.0.zip"
            }
        ],
        "0.8.0": [
            {
                "comment_text": "",
                "digests": {
                    "md5": "79de440b45f4e0f3219e2ea35734d735",
                    "sha256": "016c0f48da80525ecb579537d1ab93cad610960841938512ed4b92d37e296cde"
                },
                "downloads": -1,
                "filename": "argparse-0.8.0.win32.exe",
                "has_sig": false,
                "md5_digest": "79de440b45f4e0f3219e2ea35734d735",
                "packagetype": "bdist_wininst",
                "python_version": "any",
                "size": 78139,
                "upload_time": "2007-05-27T16:17:38",
                "url": "https://files.pythonhosted.org/packages/d6/60/e10509af7f48364c75f11c4f98b44223c94ef656ecf17c32900f27648c57/argparse-0.8.0.win32.exe"
            },
            {
                "comment_text": "",
                "digests": {
                    "md5": "fc3ac46fecf541e8ca25caeae75b1b8d",
                    "sha256": "3873c26d999cc6398bf1508618b3eb8d9a8becbe39103ffb440cb94c3b3661d0"
                },
                "downloads": -1,
                "filename": "argparse-0.8.0.zip",
                "has_sig": false,
                "md5_digest": "fc3ac46fecf541e8ca25caeae75b1b8d",
                "packagetype": "sdist",
                "python_version": "source",
                "size": 32469,
                "upload_time": "2007-05-26T20:00:45",
                "url": "https://files.pythonhosted.org/packages/f9/1e/67f15e9f4569d3a7e00e56b0e1dede1f4387bbad7696f0ef615fb57da8a1/argparse-0.8.0.zip"
            }
        ],
        "0.9.0": [
            {
                "comment_text": "",
                "digests": {
                    "md5": "bffd29668493eea4b8f5e5e58512595a",
                    "sha256": "ff8dd63a8bd6910beec1a0c25696fd3e79bee88be0574a6c22017637ef2bc075"
                },
                "downloads": -1,
                "filename": "argparse-0.9.0.win32.exe",
                "has_sig": false,
                "md5_digest": "bffd29668493eea4b8f5e5e58512595a",
                "packagetype": "bdist_wininst",
                "python_version": "any",
                "size": 84236,
                "upload_time": "2009-03-29T23:56:28",
                "url": "https://files.pythonhosted.org/packages/3b/d2/5b4030747cc85297886b1880439ee1a3aec53e131bbf810256c3246d4237/argparse-0.9.0.win32.exe"
            },
            {
                "comment_text": "",
                "digests": {
                    "md5": "0cd9857b48c05ce4995599afbe117dbe",
                    "sha256": "08b86ae571033f189a302157b828c14a61aa2592d9d60c6594c74eb191480e02"
                },
                "downloads": -1,
                "filename": "argparse-0.9.0.zip",
                "has_sig": false,
                "md5_digest": "0cd9857b48c05ce4995599afbe117dbe",
                "packagetype": "sdist",
                "python_version": "source",
                "size": 114585,
                "upload_time": "2009-03-29T23:42:47",
                "url": "https://files.pythonhosted.org/packages/ed/35/06969dcef7067b2132278cd33f4b9f2a1f0714781c30ec54aeb47bcf82d4/argparse-0.9.0.zip"
            }
        ],
        "0.9.1": [
            {
                "comment_text": "",
                "digests": {
                    "md5": "58d02e5b95cab4f58054f3aa8ae893c5",
                    "sha256": "dd9462b45b24551c86e00d6a58385d942b89282d87a6fc3eeaa4299c8abb87eb"
                },
                "downloads": -1,
                "filename": "argparse-0.9.1.win32.exe",
                "has_sig": false,
                "md5_digest": "58d02e5b95cab4f58054f3aa8ae893c5",
                "packagetype": "bdist_wininst",
                "python_version": "any",
                "size": 84283,
                "upload_time": "2009-04-28T17:41:18",
                "url": "https://files.pythonhosted.org/packages/62/8f/52dd4d3a53d41c2eb8f751c8fa06a5afbcf30301a6329a7307a21ea473cd/argparse-0.9.1.win32.exe"
            },
            {
                "comment_text": "",
                "digests": {
                    "md5": "37675a2dd5822a2f5bd16f3fd4d8b4f1",
                    "sha256": "d560ebd2198643e787890ff19c923b7ca4950c9a927b95ab4eee32c6b9185c02"
                },
                "downloads": -1,
                "filename": "argparse-0.9.1.zip",
                "has_sig": false,
                "md5_digest": "37675a2dd5822a2f5bd16f3fd4d8b4f1",
                "packagetype": "sdist",
                "python_version": "source",
                "size": 114894,
                "upload_time": "2009-04-28T17:41:15",
                "url": "https://files.pythonhosted.org/packages/15/dc/48b0cada9ef524f45489ea32ae473aa8008e91feed2a1b97cf6598c29764/argparse-0.9.1.zip"
            }
        ],
        "1.0": [
            {
                "comment_text": "",
                "digests": {
                    "md5": "8b1ab70277ff87ea2eca57752472dc8c",
                    "sha256": "8691a050f2600a218cb0ef47c488c3fd431374a22e87b3dd1f6c79edf21c1e0e"
                },
                "downloads": -1,
                "filename": "argparse-1.0.zip",
                "has_sig": false,
                "md5_digest": "8b1ab70277ff87ea2eca57752472dc8c",
                "packagetype": "sdist",
                "python_version": "source",
                "size": 145615,
                "upload_time": "2009-07-26T17:50:08",
                "url": "https://files.pythonhosted.org/packages/03/a2/023628577e07f3068ae83c44902beb9bf11ac25839a26b35a591cd0886d2/argparse-1.0.zip"
            }
        ],
        "1.0.1": [
            {
                "comment_text": "",
                "digests": {
                    "md5": "6c9491b1d7c083cb3b38c4523a0c7434",
                    "sha256": "8423622e0c995685446a23b4f632c0188c75461d524365085779b710b45dcc55"
                },
                "downloads": -1,
                "filename": "argparse-1.0.1.win32.msi",
                "has_sig": false,
                "md5_digest": "6c9491b1d7c083cb3b38c4523a0c7434",
                "packagetype": "bdist_msi",
                "python_version": "any",
                "size": 163840,
                "upload_time": "2009-09-15T08:09:44",
                "url": "https://files.pythonhosted.org/packages/ae/30/ccf284f65f9fa9b825618945cdd998dd421259dbee953236332b5fa0ad0f/argparse-1.0.1.win32.msi"
            },
            {
                "comment_text": "",
                "digests": {
                    "md5": "371d12bf6099a98f49cfaed2a29f2355",
                    "sha256": "5242bfffd14b81cc963849abfb94d7b5255c02bbe288d8041b7e63efdb33e318"
                },
                "downloads": -1,
                "filename": "argparse-1.0.1.zip",
                "has_sig": false,
                "md5_digest": "371d12bf6099a98f49cfaed2a29f2355",
                "packagetype": "sdist",
                "python_version": "source",
                "size": 148371,
                "upload_time": "2009-09-15T15:42:26",
                "url": "https://files.pythonhosted.org/packages/c3/1b/fcea0d1f3e2b35f56a0831689eb1a8ca3bd180a2b5a44bcceeb4dc92b559/argparse-1.0.1.zip"
            }
        ],
        "1.1": [
            {
                "comment_text": "",
                "digests": {
                    "md5": "1bad87b66962668c626fa4e843f7d335",
                    "sha256": "83aa6d2a117c3fb5ada747c652972cb437ba7f2bb2b63c5fee94be79d1de0403"
                },
                "downloads": -1,
                "filename": "argparse-1.1.win32.msi",
                "has_sig": false,
                "md5_digest": "1bad87b66962668c626fa4e843f7d335",
                "packagetype": "bdist_msi",
                "python_version": "any",
                "size": 163840,
                "upload_time": "2010-03-01T09:10:18",
                "url": "https://files.pythonhosted.org/packages/bf/5b/35b761a62c19b8f21032eb7f6791ec728b962264c6178260c8a8cf28cae6/argparse-1.1.win32.msi"
            },
            {
                "comment_text": "",
                "digests": {
                    "md5": "087399b73047fa5a6482037411ddc968",
                    "sha256": "ee6da1aaad8b08a74a33eb82264b1a2bf12a7d5aefc7e9d7d40a8f8fa9912e62"
                },
                "downloads": -1,
                "filename": "argparse-1.1.zip",
                "has_sig": false,
                "md5_digest": "087399b73047fa5a6482037411ddc968",
                "packagetype": "sdist",
                "python_version": "source",
                "size": 151471,
                "upload_time": "2010-03-01T09:08:57",
                "url": "https://files.pythonhosted.org/packages/45/0b/c5cdf94e911872072b9bd17a6412145c7cda88934f241dcc8a0d11b10c5c/argparse-1.1.zip"
            }
        ],
        "1.2": [],
        "1.2.1": [
            {
                "comment_text": "",
                "digests": {
                    "md5": "2fbef8cb61e506c706957ab6e135840c",
                    "sha256": "ddaf4b0a618335a32b6664d4ae038a1de8fbada3b25033f9021510ed2b3941a4"
                },
                "downloads": -1,
                "filename": "argparse-1.2.1.tar.gz",
                "has_sig": false,
                "md5_digest": "2fbef8cb61e506c706957ab6e135840c",
                "packagetype": "sdist",
                "python_version": "source",
                "size": 69297,
                "upload_time": "2014-05-09T22:18:05",
                "url": "https://files.pythonhosted.org/packages/6f/ad/86448942ad49c5fe05bfdf7ebc874807f521dfcca5ee543afaca2974ad5a/argparse-1.2.1.tar.gz"
            }
        ],
        "1.2.2": [
            {
                "comment_text": "",
                "digests": {
                    "md5": "170f859884c959343d45730b1682f434",
                    "sha256": "14adf170c4083a8e8e1a71e628aba4cddb1165aeec53683415a30f314dee166e"
                },
                "downloads": -1,
                "filename": "argparse-1.2.2-py2.py3-none-any.whl",
                "has_sig": true,
                "md5_digest": "170f859884c959343d45730b1682f434",
                "packagetype": "bdist_wheel",
                "python_version": "2.7",
                "size": 22319,
                "upload_time": "2014-11-15T19:44:08",
                "url": "https://files.pythonhosted.org/packages/36/b6/efdf93fb2dcfb84e10a55d89d806c64e5d15960d5aacbe6f7d08fee9f7f6/argparse-1.2.2-py2.py3-none-any.whl"
            },
            {
                "comment_text": "",
                "digests": {
                    "md5": "38589b29d9120b19dfca32f86406a1f5",
                    "sha256": "0c8d9e45969c4849264b8f8d4025e0ab9076ebe44bfaed70e24f494fa554b2c6"
                },
                "downloads": -1,
                "filename": "argparse-1.2.2.tar.gz",
                "has_sig": true,
                "md5_digest": "38589b29d9120b19dfca32f86406a1f5",
                "packagetype": "sdist",
                "python_version": "source",
                "size": 68703,
                "upload_time": "2014-11-15T19:44:05",
                "url": "https://files.pythonhosted.org/packages/77/2e/520228ff080b1bd87c30327acee7c8c707abd23314e4c1abe231f8692c6a/argparse-1.2.2.tar.gz"
            }
        ],
        "1.3.0": [
            {
                "comment_text": "",
                "digests": {
                    "md5": "c89395a1a43b61ca6a116aed5e3b1d59",
                    "sha256": "d01978e9a8c51ea7b34ec71f3fced1326437cd366b9c2e19265ace050924e0e2"
                },
                "downloads": -1,
                "filename": "argparse-1.3.0-py2.py3-none-any.whl",
                "has_sig": true,
                "md5_digest": "c89395a1a43b61ca6a116aed5e3b1d59",
                "packagetype": "bdist_wheel",
                "python_version": "2.7",
                "size": 22545,
                "upload_time": "2014-12-15T17:52:01",
                "url": "https://files.pythonhosted.org/packages/cc/b3/5c40541f259ab09c1e36dbc5e62b05291ca47b0df5e3a84b1e01c7f2bf10/argparse-1.3.0-py2.py3-none-any.whl"
            },
            {
                "comment_text": "",
                "digests": {
                    "md5": "9bcf7f612190885c8c85e30ba41db3c7",
                    "sha256": "b3a79a23d37b5a02faa550b92cbbbebeb4aa1d77e649c3eb39c19abf5262da04"
                },
                "downloads": -1,
                "filename": "argparse-1.3.0.tar.gz",
                "has_sig": true,
                "md5_digest": "9bcf7f612190885c8c85e30ba41db3c7",
                "packagetype": "sdist",
                "python_version": "source",
                "size": 93240,
                "upload_time": "2014-12-15T17:51:59",
                "url": "https://files.pythonhosted.org/packages/b3/8d/109a9a60ca878cdd694eb2953cdcc6e197e217b61a0cc56e89c1dff2159b/argparse-1.3.0.tar.gz"
            }
        ],
        "1.4.0": [
            {
                "comment_text": "",
                "digests": {
                    "md5": "c37216a954c8669054e2b2c54853dd49",
                    "sha256": "c31647edb69fd3d465a847ea3157d37bed1f95f19760b11a47aa91c04b666314"
                },
                "downloads": -1,
                "filename": "argparse-1.4.0-py2.py3-none-any.whl",
                "has_sig": true,
                "md5_digest": "c37216a954c8669054e2b2c54853dd49",
                "packagetype": "bdist_wheel",
                "python_version": "2.7",
                "size": 23000,
                "upload_time": "2015-09-14T16:03:16",
                "url": "https://files.pythonhosted.org/packages/f2/94/3af39d34be01a24a6e65433d19e107099374224905f1e0cc6bbe1fd22a2f/argparse-1.4.0-py2.py3-none-any.whl"
            },
            {
                "comment_text": "",
                "digests": {
                    "md5": "08062d2ceb6596fcbc5a7e725b53746f",
                    "sha256": "62b089a55be1d8949cd2bc7e0df0bddb9e028faefc8c32038cc84862aefdd6e4"
                },
                "downloads": -1,
                "filename": "argparse-1.4.0.tar.gz",
                "has_sig": true,
                "md5_digest": "08062d2ceb6596fcbc5a7e725b53746f",
                "packagetype": "sdist",
                "python_version": "source",
                "size": 70508,
                "upload_time": "2015-09-12T20:22:16",
                "url": "https://files.pythonhosted.org/packages/18/dd/e617cfc3f6210ae183374cd9f6a26b20514bbb5a792af97949c5aacddf0f/argparse-1.4.0.tar.gz"
            }
        ]
    },
    "urls": [
        {
            "comment_text": "",
            "digests": {
                "md5": "c37216a954c8669054e2b2c54853dd49",
                "sha256": "c31647edb69fd3d465a847ea3157d37bed1f95f19760b11a47aa91c04b666314"
            },
            "downloads": -1,
            "filename": "argparse-1.4.0-py2.py3-none-any.whl",
            "has_sig": true,
            "md5_digest": "c37216a954c8669054e2b2c54853dd49",
            "packagetype": "bdist_wheel",
            "python_version": "2.7",
            "size": 23000,
            "upload_time": "2015-09-14T16:03:16",
            "url": "https://files.pythonhosted.org/packages/f2/94/3af39d34be01a24a6e65433d19e107099374224905f1e0cc6bbe1fd22a2f/argparse-1.4.0-py2.py3-none-any.whl"
        },
        {
            "comment_text": "",
            "digests": {
                "md5": "08062d2ceb6596fcbc5a7e725b53746f",
                "sha256": "62b089a55be1d8949cd2bc7e0df0bddb9e028faefc8c32038cc84862aefdd6e4"
            },
            "downloads": -1,
            "filename": "argparse-1.4.0.tar.gz",
            "has_sig": true,
            "md5_digest": "08062d2ceb6596fcbc5a7e725b53746f",
            "packagetype": "sdist",
            "python_version": "source",
            "size": 70508,
            "upload_time": "2015-09-12T20:22:16",
            "url": "https://files.pythonhosted.org/packages/18/dd/e617cfc3f6210ae183374cd9f6a26b20514bbb5a792af97949c5aacddf0f/argparse-1.4.0.tar.gz"
        }
    ],
    "package_name": "argparse"
}