{
    "info": {
        "author": "Armin Ronacher",
        "author_email": "armin.ronacher@active-4.com",
        "bugtrack_url": null,
        "classifiers": [
            "Development Status :: 5 - Production/Stable",
            "Environment :: Web Environment",
            "Framework :: Flask",
            "Intended Audience :: Developers",
            "License :: OSI Approved :: BSD License",
            "Operating System :: OS Independent",
            "Programming Language :: Python",
            "Programming Language :: Python :: 2",
            "Programming Language :: Python :: 2.7",
            "Programming Language :: Python :: 3",
            "Programming Language :: Python :: 3.4",
            "Programming Language :: Python :: 3.5",
            "Programming Language :: Python :: 3.6",
            "Topic :: Internet :: WWW/HTTP :: Dynamic Content",
            "Topic :: Internet :: WWW/HTTP :: WSGI :: Application",
            "Topic :: Software Development :: Libraries :: Application Frameworks",
            "Topic :: Software Development :: Libraries :: Python Modules"
        ],
        "description": "Flask\n=====\n\nFlask is a lightweight `WSGI`_ web application framework. It is designed\nto make getting started quick and easy, with the ability to scale up to\ncomplex applications. It began as a simple wrapper around `Werkzeug`_\nand `Jinja`_ and has become one of the most popular Python web\napplication frameworks.\n\nFlask offers suggestions, but doesn't enforce any dependencies or\nproject layout. It is up to the developer to choose the tools and\nlibraries they want to use. There are many extensions provided by the\ncommunity that make adding new functionality easy.\n\n\nInstalling\n----------\n\nInstall and update using `pip`_:\n\n.. code-block:: text\n\n    pip install -U Flask\n\n\nA Simple Example\n----------------\n\n.. code-block:: python\n\n    from flask import Flask\n\n    app = Flask(__name__)\n\n    @app.route('/')\n    def hello():\n        return 'Hello, World!'\n\n.. code-block:: text\n\n    $ FLASK_APP=hello.py flask run\n     * Serving Flask app \"hello\"\n     * Running on http://127.0.0.1:5000/ (Press CTRL+C to quit)\n\n\nDonate\n------\n\nThe Pallets organization develops and supports Flask and the libraries\nit uses. In order to grow the community of contributors and users, and\nallow the maintainers to devote more time to the projects, `please\ndonate today`_.\n\n.. _please donate today: https://psfmember.org/civicrm/contribute/transact?reset=1&id=20\n\n\nLinks\n-----\n\n* Website: https://www.palletsprojects.com/p/flask/\n* Documentation: http://flask.pocoo.org/docs/\n* License: `BSD <https://github.com/pallets/flask/blob/master/LICENSE>`_\n* Releases: https://pypi.org/project/Flask/\n* Code: https://github.com/pallets/flask\n* Issue tracker: https://github.com/pallets/flask/issues\n* Test status:\n\n  * Linux, Mac: https://travis-ci.org/pallets/flask\n  * Windows: https://ci.appveyor.com/project/pallets/flask\n\n* Test coverage: https://codecov.io/gh/pallets/flask\n\n.. _WSGI: https://wsgi.readthedocs.io\n.. _Werkzeug: https://www.palletsprojects.com/p/werkzeug/\n.. _Jinja: https://www.palletsprojects.com/p/jinja/\n.. _pip: https://pip.pypa.io/en/stable/quickstart/\n\n\n",
        "description_content_type": "",
        "docs_url": null,
        "download_url": "",
        "downloads": {
            "last_day": -1,
            "last_month": -1,
            "last_week": -1
        },
        "home_page": "https://www.palletsprojects.com/p/flask/",
        "keywords": "",
        "license": "BSD",
        "maintainer": "Pallets team",
        "maintainer_email": "contact@palletsprojects.com",
        "name": "Flask",
        "package_url": "https://pypi.org/project/Flask/",
        "platform": "any",
        "project_url": "https://pypi.org/project/Flask/",
        "release_url": "https://pypi.org/project/Flask/1.0.2/",
        "requires_dist": [
            "python-dotenv; extra == 'dotenv'",
            "sphinxcontrib-log-cabinet; extra == 'docs'",
            "pallets-sphinx-themes; extra == 'docs'",
            "sphinx; extra == 'docs'",
            "sphinxcontrib-log-cabinet; extra == 'dev'",
            "pallets-sphinx-themes; extra == 'dev'",
            "sphinx; extra == 'dev'",
            "tox; extra == 'dev'",
            "coverage; extra == 'dev'",
            "pytest (>=3); extra == 'dev'",
            "click (>=5.1)",
            "itsdangerous (>=0.24)",
            "Jinja2 (>=2.10)",
            "Werkzeug (>=0.14)"
        ],
        "requires_python": "",
        "summary": "A simple framework for building complex web applications.",
        "version": "1.0.2"
    },
    "last_serial": 3827293,
    "releases": {
        "0.1": [
            {
                "comment_text": "",
                "digests": {
                    "md5": "d0c458397c49114fa279716798ca80c8",
                    "sha256": "9da884457e910bf0847d396cb4b778ad9f3c3d17db1c5997cb861937bd284237"
                },
                "downloads": -1,
                "filename": "Flask-0.1.tar.gz",
                "has_sig": false,
                "md5_digest": "d0c458397c49114fa279716798ca80c8",
                "packagetype": "sdist",
                "python_version": "source",
                "size": 9168,
                "upload_time": "2010-04-16T14:29:37",
                "url": "https://files.pythonhosted.org/packages/6e/49/43b514bfdaf4af12e6ef1f17aa25447157bcbb864c07775dacd72e8c8e02/Flask-0.1.tar.gz"
            }
        ],
        "0.10": [
            {
                "comment_text": "",
                "digests": {
                    "md5": "92bc6b6ebd37d3120c235430a0491a15",
                    "sha256": "84b3b352c3d6b888ee56c645d83a3b54a86fab6236be3d44fd55a275f2c8b207"
                },
                "downloads": -1,
                "filename": "Flask-0.10.tar.gz",
                "has_sig": false,
                "md5_digest": "92bc6b6ebd37d3120c235430a0491a15",
                "packagetype": "sdist",
                "python_version": "source",
                "size": 544031,
                "upload_time": "2013-06-13T08:35:51",
                "url": "https://files.pythonhosted.org/packages/f3/46/53d83cbdb79b27678c7b032d5deaa556655dd034cc747ee609b3e3cbf95b/Flask-0.10.tar.gz"
            }
        ],
        "0.10.1": [
            {
                "comment_text": "",
                "digests": {
                    "md5": "378670fe456957eb3c27ddaef60b2b24",
                    "sha256": "4c83829ff83d408b5e1d4995472265411d2c414112298f2eb4b359d9e4563373"
                },
                "downloads": -1,
                "filename": "Flask-0.10.1.tar.gz",
                "has_sig": false,
                "md5_digest": "378670fe456957eb3c27ddaef60b2b24",
                "packagetype": "sdist",
                "python_version": "source",
                "size": 544247,
                "upload_time": "2013-06-14T08:54:19",
                "url": "https://files.pythonhosted.org/packages/db/9c/149ba60c47d107f85fe52564133348458f093dd5e6b57a5b60ab9ac517bb/Flask-0.10.1.tar.gz"
            }
        ],
        "0.11": [
            {
                "comment_text": "",
                "digests": {
                    "md5": "fa0c2ac5c6980fc92e2591ebfcad706c",
                    "sha256": "6b221aef9684a92209628c8ffeba35fc60a0c89e4424662809e7da6035f257a7"
                },
                "downloads": -1,
                "filename": "Flask-0.11-py2.py3-none-any.whl",
                "has_sig": false,
                "md5_digest": "fa0c2ac5c6980fc92e2591ebfcad706c",
                "packagetype": "bdist_wheel",
                "python_version": "2.7",
                "size": 80577,
                "upload_time": "2016-05-29T09:02:35",
                "url": "https://files.pythonhosted.org/packages/ac/0b/191c5dc6b3e22dfacb8e1eba2bb8dc211c16972b23a0b419f8a33b3deb71/Flask-0.11-py2.py3-none-any.whl"
            },
            {
                "comment_text": "",
                "digests": {
                    "md5": "89fbdcb04b7b96c5b24625ae299cf48b",
                    "sha256": "29a7405a7f0de178232fe48cd9b2a2403083bf03bd34eabe12168863d4cdb493"
                },
                "downloads": -1,
                "filename": "Flask-0.11.tar.gz",
                "has_sig": false,
                "md5_digest": "89fbdcb04b7b96c5b24625ae299cf48b",
                "packagetype": "sdist",
                "python_version": "source",
                "size": 563928,
                "upload_time": "2016-05-29T09:02:29",
                "url": "https://files.pythonhosted.org/packages/dc/ca/c0ed9cc90c079085c698e284b672edbc1ffd6866b1830574095cbc5b7752/Flask-0.11.tar.gz"
            }
        ],
        "0.11.1": [
            {
                "comment_text": "",
                "digests": {
                    "md5": "920be5772ee6399f70794d33a9eb9a13",
                    "sha256": "a4f97abd30d289e548434ef42317a793f58087be1989eab96f2c647470e77000"
                },
                "downloads": -1,
                "filename": "Flask-0.11.1-py2.py3-none-any.whl",
                "has_sig": false,
                "md5_digest": "920be5772ee6399f70794d33a9eb9a13",
                "packagetype": "bdist_wheel",
                "python_version": "2.7",
                "size": 80615,
                "upload_time": "2016-06-07T16:25:21",
                "url": "https://files.pythonhosted.org/packages/63/2b/01f5ed23a78391f6e3e73075973da0ecb467c831376a0b09c0ec5afd7977/Flask-0.11.1-py2.py3-none-any.whl"
            },
            {
                "comment_text": "",
                "digests": {
                    "md5": "d2af95d8fe79cf7da099f062dd122a08",
                    "sha256": "b4713f2bfb9ebc2966b8a49903ae0d3984781d5c878591cf2f7b484d28756b0e"
                },
                "downloads": -1,
                "filename": "Flask-0.11.1.tar.gz",
                "has_sig": false,
                "md5_digest": "d2af95d8fe79cf7da099f062dd122a08",
                "packagetype": "sdist",
                "python_version": "source",
                "size": 564993,
                "upload_time": "2016-06-07T16:25:04",
                "url": "https://files.pythonhosted.org/packages/55/8a/78e165d30f0c8bb5d57c429a30ee5749825ed461ad6c959688872643ffb3/Flask-0.11.1.tar.gz"
            }
        ],
        "0.12": [
            {
                "comment_text": "",
                "digests": {
                    "md5": "d3351b10f54446203ac0fd8839850c62",
                    "sha256": "7f03bb2c255452444f7265eddb51601806e5447b6f8a2d50bbc77a654a14c118"
                },
                "downloads": -1,
                "filename": "Flask-0.12-py2.py3-none-any.whl",
                "has_sig": false,
                "md5_digest": "d3351b10f54446203ac0fd8839850c62",
                "packagetype": "bdist_wheel",
                "python_version": "2.7",
                "size": 82841,
                "upload_time": "2016-12-21T20:22:15",
                "url": "https://files.pythonhosted.org/packages/0e/e9/37ee66dde483dceefe45bb5e92b387f990d4f097df40c400cf816dcebaa4/Flask-0.12-py2.py3-none-any.whl"
            },
            {
                "comment_text": "",
                "digests": {
                    "md5": "c1d30f51cff4a38f9454b23328a15c5a",
                    "sha256": "93e803cdbe326a61ebd5c5d353959397c85f829bec610d59cb635c9f97d7ca8b"
                },
                "downloads": -1,
                "filename": "Flask-0.12.tar.gz",
                "has_sig": false,
                "md5_digest": "c1d30f51cff4a38f9454b23328a15c5a",
                "packagetype": "sdist",
                "python_version": "source",
                "size": 531923,
                "upload_time": "2016-12-21T20:22:12",
                "url": "https://files.pythonhosted.org/packages/4b/3a/4c20183df155dd2e39168e35d53a388efb384a512ca6c73001d8292c094a/Flask-0.12.tar.gz"
            }
        ],
        "0.12.1": [
            {
                "comment_text": "",
                "digests": {
                    "md5": "8229cb65bc853afb6e4cf4f251f026eb",
                    "sha256": "6c3130c8927109a08225993e4e503de4ac4f2678678ae211b33b519c622a7242"
                },
                "downloads": -1,
                "filename": "Flask-0.12.1-py2.py3-none-any.whl",
                "has_sig": false,
                "md5_digest": "8229cb65bc853afb6e4cf4f251f026eb",
                "packagetype": "bdist_wheel",
                "python_version": "2.7",
                "size": 82997,
                "upload_time": "2017-03-31T16:43:41",
                "url": "https://files.pythonhosted.org/packages/f4/43/fb2d5fb1d10e1d0402dd57836cf9a78b7f69c8b5f76a04b6e6113d0d7c5a/Flask-0.12.1-py2.py3-none-any.whl"
            },
            {
                "comment_text": "",
                "digests": {
                    "md5": "76e9fee5c3afcf4634b9baf96c578207",
                    "sha256": "9dce4b6bfbb5b062181d3f7da8f727ff70c1156cbb4024351eafd426deb5fb88"
                },
                "downloads": -1,
                "filename": "Flask-0.12.1.tar.gz",
                "has_sig": false,
                "md5_digest": "76e9fee5c3afcf4634b9baf96c578207",
                "packagetype": "sdist",
                "python_version": "source",
                "size": 548511,
                "upload_time": "2017-03-31T16:43:38",
                "url": "https://files.pythonhosted.org/packages/24/6e/11b9c57e46f276a8a8dfda85a2fa7ada62b0463b68693616c7ab5df356fa/Flask-0.12.1.tar.gz"
            }
        ],
        "0.12.2": [
            {
                "comment_text": "",
                "digests": {
                    "md5": "a0ded1d9a2066d3522efba953b4ed874",
                    "sha256": "0749df235e3ff61ac108f69ac178c9770caeaccad2509cb762ce1f65570a8856"
                },
                "downloads": -1,
                "filename": "Flask-0.12.2-py2.py3-none-any.whl",
                "has_sig": false,
                "md5_digest": "a0ded1d9a2066d3522efba953b4ed874",
                "packagetype": "bdist_wheel",
                "python_version": "2.7",
                "size": 83018,
                "upload_time": "2017-05-16T06:39:38",
                "url": "https://files.pythonhosted.org/packages/77/32/e3597cb19ffffe724ad4bf0beca4153419918e7fa4ba6a34b04ee4da3371/Flask-0.12.2-py2.py3-none-any.whl"
            },
            {
                "comment_text": "",
                "digests": {
                    "md5": "97278dfdafda98ba7902e890b0289177",
                    "sha256": "49f44461237b69ecd901cc7ce66feea0319b9158743dd27a2899962ab214dac1"
                },
                "downloads": -1,
                "filename": "Flask-0.12.2.tar.gz",
                "has_sig": false,
                "md5_digest": "97278dfdafda98ba7902e890b0289177",
                "packagetype": "sdist",
                "python_version": "source",
                "size": 548510,
                "upload_time": "2017-05-16T06:39:34",
                "url": "https://files.pythonhosted.org/packages/eb/12/1c7bd06fcbd08ba544f25bf2c6612e305a70ea51ca0eda8007344ec3f123/Flask-0.12.2.tar.gz"
            }
        ],
        "0.12.3": [
            {
                "comment_text": "",
                "digests": {
                    "md5": "7ff37015d2c34754c92bcbc7afeb94ae",
                    "sha256": "74bb782687731332b86aa8ab0817be14c9e63e5fa837934de8be4f9236d6d0d2"
                },
                "downloads": -1,
                "filename": "Flask-0.12.3-py2.py3-none-any.whl",
                "has_sig": true,
                "md5_digest": "7ff37015d2c34754c92bcbc7afeb94ae",
                "packagetype": "bdist_wheel",
                "python_version": "py2.py3",
                "size": 88361,
                "upload_time": "2018-04-26T20:12:32",
                "url": "https://files.pythonhosted.org/packages/24/3e/1b6aa496fa9bb119f6b22263ca5ca9e826aaa132431fd78f413c8bcc18e3/Flask-0.12.3-py2.py3-none-any.whl"
            },
            {
                "comment_text": "",
                "digests": {
                    "md5": "a27a2c89b82d4ff44eb2a2cc9e450e09",
                    "sha256": "0f431076a50908f0484dcddd0f2fd0241129ef9ca1876799b3ebe14d823f60de"
                },
                "downloads": -1,
                "filename": "Flask-0.12.3.tar.gz",
                "has_sig": true,
                "md5_digest": "a27a2c89b82d4ff44eb2a2cc9e450e09",
                "packagetype": "sdist",
                "python_version": "source",
                "size": 531380,
                "upload_time": "2018-04-26T20:12:34",
                "url": "https://files.pythonhosted.org/packages/80/84/ddf5d2141e84f71ba184ea58b3d9b9caaee9cc49ca0303051ac02381791c/Flask-0.12.3.tar.gz"
            }
        ],
        "0.12.4": [
            {
                "comment_text": "",
                "digests": {
                    "md5": "3b498df2add69ee16b228e8bdd581bce",
                    "sha256": "6c02dbaa5a9ef790d8219bdced392e2d549c10cd5a5ba4b6aa65126b2271af29"
                },
                "downloads": -1,
                "filename": "Flask-0.12.4-py2.py3-none-any.whl",
                "has_sig": false,
                "md5_digest": "3b498df2add69ee16b228e8bdd581bce",
                "packagetype": "bdist_wheel",
                "python_version": "py2.py3",
                "size": 81756,
                "upload_time": "2018-04-30T01:24:56",
                "url": "https://files.pythonhosted.org/packages/2e/48/f1936dadac2326b3d73f2fe0a964a87d16be16eb9d7fc56f09c1bea3d17c/Flask-0.12.4-py2.py3-none-any.whl"
            },
            {
                "comment_text": "",
                "digests": {
                    "md5": "f885afe6dd25e8d48d5ba23f2857687e",
                    "sha256": "2ea22336f6d388b4b242bc3abf8a01244a8aa3e236e7407469ef78c16ba355dd"
                },
                "downloads": -1,
                "filename": "Flask-0.12.4.tar.gz",
                "has_sig": false,
                "md5_digest": "f885afe6dd25e8d48d5ba23f2857687e",
                "packagetype": "sdist",
                "python_version": "source",
                "size": 531086,
                "upload_time": "2018-04-30T01:25:00",
                "url": "https://files.pythonhosted.org/packages/1b/72/ffc594a6832337ace475f939e61c34a44cbb150cde9589f98c482b407dd8/Flask-0.12.4.tar.gz"
            }
        ],
        "0.2": [
            {
                "comment_text": "",
                "digests": {
                    "md5": "6926822b17cc5c7baa7df9d22c9cf114",
                    "sha256": "2f992b8081cc6091a29b2b5f65d56433857320889c733da837e75b51c7d1b743"
                },
                "downloads": -1,
                "filename": "Flask-0.2.tar.gz",
                "has_sig": false,
                "md5_digest": "6926822b17cc5c7baa7df9d22c9cf114",
                "packagetype": "sdist",
                "python_version": "source",
                "size": 13877,
                "upload_time": "2010-05-12T01:31:26",
                "url": "https://files.pythonhosted.org/packages/9a/db/245abc92428bcdfdc32d8017ddd1b079afffce9c74f94e34d1aa777bc771/Flask-0.2.tar.gz"
            }
        ],
        "0.3": [
            {
                "comment_text": "",
                "digests": {
                    "md5": "5beb1e1b3c243d3ca078fe1ea9d6dbd8",
                    "sha256": "943ffb10abcc6fef6c3fbcc04f3be81cc6caa598ee7469d446f52d18bee1160f"
                },
                "downloads": -1,
                "filename": "Flask-0.3.tar.gz",
                "has_sig": false,
                "md5_digest": "5beb1e1b3c243d3ca078fe1ea9d6dbd8",
                "packagetype": "sdist",
                "python_version": "source",
                "size": 1001397,
                "upload_time": "2010-05-28T01:24:37",
                "url": "https://files.pythonhosted.org/packages/8b/cb/706dbb37f4ef3a75366c9e715f41d22e73ca4594303f48d229d906c80632/Flask-0.3.tar.gz"
            }
        ],
        "0.3.1": [
            {
                "comment_text": "",
                "digests": {
                    "md5": "22bde65fbbcd93c6509b9939817e3853",
                    "sha256": "7d80bc18748e4243e389cf1cac50d24b74a39b631dd5176525f10dad01ebae1d"
                },
                "downloads": -1,
                "filename": "Flask-0.3.1.tar.gz",
                "has_sig": false,
                "md5_digest": "22bde65fbbcd93c6509b9939817e3853",
                "packagetype": "sdist",
                "python_version": "source",
                "size": 339666,
                "upload_time": "2010-05-28T21:23:15",
                "url": "https://files.pythonhosted.org/packages/e0/d7/4de91ad9fc1854e651cf03f87eff939a92cd06716645dee86b0382674ea3/Flask-0.3.1.tar.gz"
            }
        ],
        "0.4": [
            {
                "comment_text": "",
                "digests": {
                    "md5": "aec554ae684e7ff5895fd1b5c0dea378",
                    "sha256": "4fc67fa570801209413fbd649e85e435bd3441a19d2d5cbebe7e44f33094940f"
                },
                "downloads": -1,
                "filename": "Flask-0.4.tar.gz",
                "has_sig": false,
                "md5_digest": "aec554ae684e7ff5895fd1b5c0dea378",
                "packagetype": "sdist",
                "python_version": "source",
                "size": 352924,
                "upload_time": "2010-06-18T17:14:06",
                "url": "https://files.pythonhosted.org/packages/a3/89/a4bf29e78a87e11f0f6fdd4d9e02a0aece1eecd38118496da58d4826d7e3/Flask-0.4.tar.gz"
            }
        ],
        "0.5": [
            {
                "comment_text": "",
                "digests": {
                    "md5": "b5580ae05d75d80485c8694532f95910",
                    "sha256": "20e176b1db0e2bfe92d869f7b5d0ee3e5d6cb60e793755aaf2284bd78a6202ea"
                },
                "downloads": -1,
                "filename": "Flask-0.5.tar.gz",
                "has_sig": false,
                "md5_digest": "b5580ae05d75d80485c8694532f95910",
                "packagetype": "sdist",
                "python_version": "source",
                "size": 369558,
                "upload_time": "2010-07-06T16:28:02",
                "url": "https://files.pythonhosted.org/packages/d4/6a/93500f2a7089b4e993fb095215979890b6204a5ba3f6b0f63dc6c3c6c827/Flask-0.5.tar.gz"
            }
        ],
        "0.5.1": [
            {
                "comment_text": "",
                "digests": {
                    "md5": "c54da4a640554eb616e4210f256199e6",
                    "sha256": "09a90f9678e2ffdefd2848d6c6a5d6476d675bef874cfd0f06c7608b99682e1d"
                },
                "downloads": -1,
                "filename": "Flask-0.5.1.tar.gz",
                "has_sig": false,
                "md5_digest": "c54da4a640554eb616e4210f256199e6",
                "packagetype": "sdist",
                "python_version": "source",
                "size": 369739,
                "upload_time": "2010-07-06T19:25:37",
                "url": "https://files.pythonhosted.org/packages/16/a6/c458d3305e689d7e06a23eacee414ea10d870074a7673864ffea67109f9d/Flask-0.5.1.tar.gz"
            }
        ],
        "0.5.2": [
            {
                "comment_text": "",
                "digests": {
                    "md5": "002b8ff41fa14d82662b1d7763f77855",
                    "sha256": "7a78e498cb9cdb104429ed2ff8823b8a4dd10db32ff9a20bb3ef3132a3885e8d"
                },
                "downloads": -1,
                "filename": "Flask-0.5.2.tar.gz",
                "has_sig": false,
                "md5_digest": "002b8ff41fa14d82662b1d7763f77855",
                "packagetype": "sdist",
                "python_version": "source",
                "size": 369791,
                "upload_time": "2010-07-15T20:02:56",
                "url": "https://files.pythonhosted.org/packages/1c/b5/03c412ba48148e6c222e238201a0924360a85d755ce9597acbd99a1a6240/Flask-0.5.2.tar.gz"
            }
        ],
        "0.6": [
            {
                "comment_text": "",
                "digests": {
                    "md5": "55a5222123978c8c16dae385724c0f3a",
                    "sha256": "9dc18a7c673bf0a6fada51e011fc411285a8301f6dfc1c000ebfa272b5e609e4"
                },
                "downloads": -1,
                "filename": "Flask-0.6.tar.gz",
                "has_sig": false,
                "md5_digest": "55a5222123978c8c16dae385724c0f3a",
                "packagetype": "sdist",
                "python_version": "source",
                "size": 388672,
                "upload_time": "2010-07-27T14:39:13",
                "url": "https://files.pythonhosted.org/packages/44/86/481371798994529e105633a50b2332638105a1e191053bc0f4bbc9b91791/Flask-0.6.tar.gz"
            }
        ],
        "0.6.1": [
            {
                "comment_text": "",
                "digests": {
                    "md5": "7af56e33fb6a35db2818c20e604c8698",
                    "sha256": "fe0e31bf71a1fc1d2e0786052855c94cd9ee43546d3e15ff98ccee0c5bc21f70"
                },
                "downloads": -1,
                "filename": "Flask-0.6.1.tar.gz",
                "has_sig": false,
                "md5_digest": "7af56e33fb6a35db2818c20e604c8698",
                "packagetype": "sdist",
                "python_version": "source",
                "size": 413766,
                "upload_time": "2010-12-31T15:23:05",
                "url": "https://files.pythonhosted.org/packages/8f/1c/453a427f55b91239b3368c8b975b55d089d5d79dc37545af41cd7157c187/Flask-0.6.1.tar.gz"
            }
        ],
        "0.7": [
            {
                "comment_text": "",
                "digests": {
                    "md5": "1aaf5504ae28925fb97fb3ab8b85d3cd",
                    "sha256": "ab377ff4113d76d7dd3496c05716ff7a7a7b9e492460e775991e9addc271ba16"
                },
                "downloads": -1,
                "filename": "Flask-0.7.tar.gz",
                "has_sig": false,
                "md5_digest": "1aaf5504ae28925fb97fb3ab8b85d3cd",
                "packagetype": "sdist",
                "python_version": "source",
                "size": 469417,
                "upload_time": "2011-06-28T16:06:18",
                "url": "https://files.pythonhosted.org/packages/43/08/e4907533c6ca0ebb1867182fa94b1ffa41fa3aba5f6cb4969e108262e92b/Flask-0.7.tar.gz"
            }
        ],
        "0.7.1": [
            {
                "comment_text": "",
                "digests": {
                    "md5": "4705d31035839dec320a1fd76ac2fa30",
                    "sha256": "7a60e179884b1037ca6182639659f819a0b89675a0cc02d7d9cd21819bfa8d3f"
                },
                "downloads": -1,
                "filename": "Flask-0.7.1.tar.gz",
                "has_sig": false,
                "md5_digest": "4705d31035839dec320a1fd76ac2fa30",
                "packagetype": "sdist",
                "python_version": "source",
                "size": 469692,
                "upload_time": "2011-06-29T18:37:29",
                "url": "https://files.pythonhosted.org/packages/fe/3e/ad5eb51d4666e76f389cd4f9c6cc22e1544e0daf72419ccab8705e918911/Flask-0.7.1.tar.gz"
            }
        ],
        "0.7.2": [
            {
                "comment_text": "",
                "digests": {
                    "md5": "a6f52d8de1f536ec982b363e4b6a0387",
                    "sha256": "95fb72b7f2b0ccc68757fc03f7ae559d9fb8814fa5ddbfa27ae2a6d9b1e3f8cb"
                },
                "downloads": -1,
                "filename": "Flask-0.7.2.tar.gz",
                "has_sig": false,
                "md5_digest": "a6f52d8de1f536ec982b363e4b6a0387",
                "packagetype": "sdist",
                "python_version": "source",
                "size": 469996,
                "upload_time": "2011-07-06T10:19:39",
                "url": "https://files.pythonhosted.org/packages/1c/c7/a361d00f4c9ed3f1b7ab77976e820ca347f3b0aec4dee6c66fe5c5a2124d/Flask-0.7.2.tar.gz"
            }
        ],
        "0.8": [
            {
                "comment_text": "",
                "digests": {
                    "md5": "a5169306cfe49b3b369086f2a63816ab",
                    "sha256": "937504fc2ae59c44f2181be139733190ed98c51a00adbb6013873692e90b06c9"
                },
                "downloads": -1,
                "filename": "Flask-0.8.tar.gz",
                "has_sig": false,
                "md5_digest": "a5169306cfe49b3b369086f2a63816ab",
                "packagetype": "sdist",
                "python_version": "source",
                "size": 494211,
                "upload_time": "2011-09-29T23:34:21",
                "url": "https://files.pythonhosted.org/packages/f0/84/e3c207a6aad1acfdfe1eda20abeadff47035f24820f09ac6870f9c8a26a3/Flask-0.8.tar.gz"
            }
        ],
        "0.8.1": [
            {
                "comment_text": "",
                "digests": {
                    "md5": "4b9e866bf43723d834b3ce8fcd13574d",
                    "sha256": "f3fcaca39ab1ebd9e6e7def0928bf9f280cafb3f90a6e1c70420e9c1c25b8b6e"
                },
                "downloads": -1,
                "filename": "Flask-0.8.1.tar.gz",
                "has_sig": false,
                "md5_digest": "4b9e866bf43723d834b3ce8fcd13574d",
                "packagetype": "sdist",
                "python_version": "source",
                "size": 458490,
                "upload_time": "2012-07-01T13:08:59",
                "url": "https://files.pythonhosted.org/packages/20/5d/f355d122c9d7a45d7846449f94b9f1d26df88556f705f14dd84a8fa264ea/Flask-0.8.1.tar.gz"
            }
        ],
        "0.9": [
            {
                "comment_text": "",
                "digests": {
                    "md5": "4a89ef2b3ab0f151f781182bd0cc8933",
                    "sha256": "2fd5d4ffe81f762dd2a3e58472d690a0dbba3766776506003aee3ed7aaa8afef"
                },
                "downloads": -1,
                "filename": "Flask-0.9.tar.gz",
                "has_sig": false,
                "md5_digest": "4a89ef2b3ab0f151f781182bd0cc8933",
                "packagetype": "sdist",
                "python_version": "source",
                "size": 481982,
                "upload_time": "2012-07-01T13:12:50",
                "url": "https://files.pythonhosted.org/packages/49/0a/fe5021b35436202d3d4225a766f3bdc7fb51521ad89e73c5162db36cdbc7/Flask-0.9.tar.gz"
            }
        ],
        "1.0": [
            {
                "comment_text": "",
                "digests": {
                    "md5": "4c0757a5a489d4db8260c6d722c5e6b0",
                    "sha256": "b1883637bbee4dc7bc98d900792d0a304d609fce0f5bd9ca91d1b6457e5918dd"
                },
                "downloads": -1,
                "filename": "Flask-1.0-py2.py3-none-any.whl",
                "has_sig": true,
                "md5_digest": "4c0757a5a489d4db8260c6d722c5e6b0",
                "packagetype": "bdist_wheel",
                "python_version": "py2.py3",
                "size": 97791,
                "upload_time": "2018-04-26T20:12:52",
                "url": "https://files.pythonhosted.org/packages/55/b1/4365193655df97227ace49311365cc296e74b60c7f5c63d23cd30175e2f6/Flask-1.0-py2.py3-none-any.whl"
            },
            {
                "comment_text": "",
                "digests": {
                    "md5": "7140df3116386c7af0f389800a91817b",
                    "sha256": "7fab1062d11dd0038434e790d18c5b9133fd9e6b7257d707c4578ccc1e38b67c"
                },
                "downloads": -1,
                "filename": "Flask-1.0.tar.gz",
                "has_sig": true,
                "md5_digest": "7140df3116386c7af0f389800a91817b",
                "packagetype": "sdist",
                "python_version": "source",
                "size": 643442,
                "upload_time": "2018-04-26T20:12:54",
                "url": "https://files.pythonhosted.org/packages/99/ab/eedb921f26adf7057ade1291f9c1bfa35a506d64894f58546457ef658772/Flask-1.0.tar.gz"
            }
        ],
        "1.0.1": [
            {
                "comment_text": "",
                "digests": {
                    "md5": "f0e1421b2f993c166d59d3858f03cd93",
                    "sha256": "dbe2a9f539f4d0fe26fa44c08d6e556e2a4a4dd3a3fb0550f39954cf57571363"
                },
                "downloads": -1,
                "filename": "Flask-1.0.1-py2.py3-none-any.whl",
                "has_sig": true,
                "md5_digest": "f0e1421b2f993c166d59d3858f03cd93",
                "packagetype": "bdist_wheel",
                "python_version": "py2.py3",
                "size": 91320,
                "upload_time": "2018-04-30T02:09:48",
                "url": "https://files.pythonhosted.org/packages/90/72/b5ed853418364d8e7006550dbdb2cb9ac3e33ce3c9145acc7898fca8c0b6/Flask-1.0.1-py2.py3-none-any.whl"
            },
            {
                "comment_text": "",
                "digests": {
                    "md5": "a4a7d9d73575ea210267f26b5ab94129",
                    "sha256": "cfc15b45622f9cfee6b5803723070fd0f489b3bd662179195e702cb95fd924c8"
                },
                "downloads": -1,
                "filename": "Flask-1.0.1.tar.gz",
                "has_sig": true,
                "md5_digest": "a4a7d9d73575ea210267f26b5ab94129",
                "packagetype": "sdist",
                "python_version": "source",
                "size": 644402,
                "upload_time": "2018-04-30T02:09:53",
                "url": "https://files.pythonhosted.org/packages/6d/2f/95a73db56fa2c2b3187bb69783cb2bea4327d1e7b2e0cf60e15df59502ee/Flask-1.0.1.tar.gz"
            }
        ],
        "1.0.2": [
            {
                "comment_text": "",
                "digests": {
                    "md5": "d1d5c106d04d90bba6121d0df5bfee76",
                    "sha256": "a080b744b7e345ccfcbc77954861cb05b3c63786e93f2b3875e0913d44b43f05"
                },
                "downloads": -1,
                "filename": "Flask-1.0.2-py2.py3-none-any.whl",
                "has_sig": true,
                "md5_digest": "d1d5c106d04d90bba6121d0df5bfee76",
                "packagetype": "bdist_wheel",
                "python_version": "py2.py3",
                "size": 91364,
                "upload_time": "2018-05-02T14:26:26",
                "url": "https://files.pythonhosted.org/packages/7f/e7/08578774ed4536d3242b14dacb4696386634607af824ea997202cd0edb4b/Flask-1.0.2-py2.py3-none-any.whl"
            },
            {
                "comment_text": "",
                "digests": {
                    "md5": "824f0f20aae1f44c9c7dc4054adb7969",
                    "sha256": "2271c0070dbcb5275fad4a82e29f23ab92682dc45f9dfbc22c02ba9b9322ce48"
                },
                "downloads": -1,
                "filename": "Flask-1.0.2.tar.gz",
                "has_sig": true,
                "md5_digest": "824f0f20aae1f44c9c7dc4054adb7969",
                "packagetype": "sdist",
                "python_version": "source",
                "size": 644534,
                "upload_time": "2018-05-02T14:26:28",
                "url": "https://files.pythonhosted.org/packages/4b/12/c1fbf4971fda0e4de05565694c9f0c92646223cff53f15b6eb248a310a62/Flask-1.0.2.tar.gz"
            }
        ]
    },
    "urls": [
        {
            "comment_text": "",
            "digests": {
                "md5": "d1d5c106d04d90bba6121d0df5bfee76",
                "sha256": "a080b744b7e345ccfcbc77954861cb05b3c63786e93f2b3875e0913d44b43f05"
            },
            "downloads": -1,
            "filename": "Flask-1.0.2-py2.py3-none-any.whl",
            "has_sig": true,
            "md5_digest": "d1d5c106d04d90bba6121d0df5bfee76",
            "packagetype": "bdist_wheel",
            "python_version": "py2.py3",
            "size": 91364,
            "upload_time": "2018-05-02T14:26:26",
            "url": "https://files.pythonhosted.org/packages/7f/e7/08578774ed4536d3242b14dacb4696386634607af824ea997202cd0edb4b/Flask-1.0.2-py2.py3-none-any.whl"
        },
        {
            "comment_text": "",
            "digests": {
                "md5": "824f0f20aae1f44c9c7dc4054adb7969",
                "sha256": "2271c0070dbcb5275fad4a82e29f23ab92682dc45f9dfbc22c02ba9b9322ce48"
            },
            "downloads": -1,
            "filename": "Flask-1.0.2.tar.gz",
            "has_sig": true,
            "md5_digest": "824f0f20aae1f44c9c7dc4054adb7969",
            "packagetype": "sdist",
            "python_version": "source",
            "size": 644534,
            "upload_time": "2018-05-02T14:26:28",
            "url": "https://files.pythonhosted.org/packages/4b/12/c1fbf4971fda0e4de05565694c9f0c92646223cff53f15b6eb248a310a62/Flask-1.0.2.tar.gz"
        }
    ],
    "package_name": "flask"
}