{
    "info": {
        "author": "James Saryerwinnie",
        "author_email": "js@jamesls.com",
        "bugtrack_url": null,
        "classifiers": [
            "Development Status :: 5 - Production/Stable",
            "Intended Audience :: Developers",
            "License :: OSI Approved :: MIT License",
            "Natural Language :: English",
            "Programming Language :: Python",
            "Programming Language :: Python :: 2.6",
            "Programming Language :: Python :: 2.7",
            "Programming Language :: Python :: 3",
            "Programming Language :: Python :: 3.3",
            "Programming Language :: Python :: 3.4",
            "Programming Language :: Python :: 3.5",
            "Programming Language :: Python :: 3.6",
            "Programming Language :: Python :: Implementation :: CPython",
            "Programming Language :: Python :: Implementation :: PyPy"
        ],
        "description": "JMESPath\n========\n\n\n.. image:: https://badges.gitter.im/Join Chat.svg\n   :target: https://gitter.im/jmespath/chat\n\n\n.. image:: https://secure.travis-ci.org/jmespath/jmespath.py.png?branch=develop\n   :target: http://travis-ci.org/jmespath/jmespath.py\n\n\n.. image:: https://codecov.io/github/jmespath/jmespath.py/coverage.svg?branch=develop\n    :target: https://codecov.io/github/jmespath/jmespath.py?branch=develop\n\n\nJMESPath (pronounced \"james path\") allows you to declaratively specify how to\nextract elements from a JSON document.\n\nFor example, given this document::\n\n    {\"foo\": {\"bar\": \"baz\"}}\n\nThe jmespath expression ``foo.bar`` will return \"baz\".\n\nJMESPath also supports:\n\nReferencing elements in a list.  Given the data::\n\n    {\"foo\": {\"bar\": [\"one\", \"two\"]}}\n\nThe expression: ``foo.bar[0]`` will return \"one\".\nYou can also reference all the items in a list using the ``*``\nsyntax::\n\n   {\"foo\": {\"bar\": [{\"name\": \"one\"}, {\"name\": \"two\"}]}}\n\nThe expression: ``foo.bar[*].name`` will return [\"one\", \"two\"].\nNegative indexing is also supported (-1 refers to the last element\nin the list).  Given the data above, the expression\n``foo.bar[-1].name`` will return \"two\".\n\nThe ``*`` can also be used for hash types::\n\n   {\"foo\": {\"bar\": {\"name\": \"one\"}, \"baz\": {\"name\": \"two\"}}}\n\nThe expression: ``foo.*.name`` will return [\"one\", \"two\"].\n\n\nAPI\n===\n\nThe ``jmespath.py`` library has two functions\nthat operate on python data structures.  You can use ``search``\nand give it the jmespath expression and the data:\n\n.. code:: python\n\n    >>> import jmespath\n    >>> path = jmespath.search('foo.bar', {'foo': {'bar': 'baz'}})\n    'baz'\n\nSimilar to the ``re`` module, you can use the ``compile`` function\nto compile the JMESPath expression and use this parsed expression\nto perform repeated searches:\n\n.. code:: python\n\n    >>> import jmespath\n    >>> expression = jmespath.compile('foo.bar')\n    >>> expression.search({'foo': {'bar': 'baz'}})\n    'baz'\n    >>> expression.search({'foo': {'bar': 'other'}})\n    'other'\n\nThis is useful if you're going to use the same jmespath expression to\nsearch multiple documents.  This avoids having to reparse the\nJMESPath expression each time you search a new document.\n\nOptions\n-------\n\nYou can provide an instance of ``jmespath.Options`` to control how\na JMESPath expression is evaluated.  The most common scenario for\nusing an ``Options`` instance is if you want to have ordered output\nof your dict keys.  To do this you can use either of these options:\n\n.. code:: python\n\n    >>> import jmespath\n    >>> jmespath.search('{a: a, b: b},\n    ...                 mydata,\n    ...                 jmespath.Options(dict_cls=collections.OrderedDict))\n\n\n    >>> import jmespath\n    >>> parsed = jmespath.compile('{a: a, b: b}')\n    >>> parsed.search('{a: a, b: b},\n    ...               mydata,\n    ...               jmespath.Options(dict_cls=collections.OrderedDict))\n\n\nCustom Functions\n~~~~~~~~~~~~~~~~\n\nThe JMESPath language has numerous\n`built-in functions\n<http://jmespath.org/specification.html#built-in-functions>`__, but it is\nalso possible to add your own custom functions.  Keep in mind that\ncustom function support in jmespath.py is experimental and the API may\nchange based on feedback.\n\n**If you have a custom function that you've found useful, consider submitting\nit to jmespath.site and propose that it be added to the JMESPath language.**\nYou can submit proposals\n`here <https://github.com/jmespath/jmespath.site/issues>`__.\n\nTo create custom functions:\n\n* Create a subclass of ``jmespath.functions.Functions``.\n* Create a method with the name ``_func_<your function name>``.\n* Apply the ``jmespath.functions.signature`` decorator that indicates\n  the expected types of the function arguments.\n* Provide an instance of your subclass in a ``jmespath.Options`` object.\n\nBelow are a few examples:\n\n.. code:: python\n\n    import jmespath\n    from jmespath import functions\n\n    # 1. Create a subclass of functions.Functions.\n    #    The function.Functions base class has logic\n    #    that introspects all of its methods and automatically\n    #    registers your custom functions in its function table.\n    class CustomFunctions(functions.Functions):\n\n        # 2 and 3.  Create a function that starts with _func_\n        # and decorate it with @signature which indicates its\n        # expected types.\n        # In this example, we're creating a jmespath function\n        # called \"unique_letters\" that accepts a single argument\n        # with an expected type \"string\".\n        @functions.signature({'types': ['string']})\n        def _func_unique_letters(self, s):\n            # Given a string s, return a sorted\n            # string of unique letters: 'ccbbadd' ->  'abcd'\n            return ''.join(sorted(set(s)))\n\n        # Here's another example.  This is creating\n        # a jmespath function called \"my_add\" that expects\n        # two arguments, both of which should be of type number.\n        @functions.signature({'types': ['number']}, {'types': ['number']})\n        def _func_my_add(self, x, y):\n            return x + y\n\n    # 4. Provide an instance of your subclass in a Options object.\n    options = jmespath.Options(custom_functions=CustomFunctions())\n\n    # Provide this value to jmespath.search:\n    # This will print 3\n    print(\n        jmespath.search(\n            'my_add(`1`, `2`)', {}, options=options)\n    )\n\n    # This will print \"abcd\"\n    print(\n        jmespath.search(\n            'foo.bar | unique_letters(@)',\n            {'foo': {'bar': 'ccbbadd'}},\n            options=options)\n    )\n\nAgain, if you come up with useful functions that you think make\nsense in the JMESPath language (and make sense to implement in all\nJMESPath libraries, not just python), please let us know at\n`jmespath.site <https://github.com/jmespath/jmespath.site/issues>`__.\n\n\nSpecification\n=============\n\nIf you'd like to learn more about the JMESPath language, you can check out\nthe `JMESPath tutorial <http://jmespath.org/tutorial.html>`__.  Also check\nout the `JMESPath examples page <http://jmespath.org/examples.html>`__ for\nexamples of more complex jmespath queries.\n\nThe grammar is specified using ABNF, as described in\n`RFC4234 <http://www.ietf.org/rfc/rfc4234.txt>`_.\nYou can find the most up to date\n`grammar for JMESPath here <http://jmespath.org/specification.html#grammar>`__.\n\nYou can read the full\n`JMESPath specification here <http://jmespath.org/specification.html>`__.\n\n\nTesting\n=======\n\nIn addition to the unit tests for the jmespath modules,\nthere is a ``tests/compliance`` directory that contains\n.json files with test cases.  This allows other implementations\nto verify they are producing the correct output.  Each json\nfile is grouped by feature.\n\n\nDiscuss\n=======\n\nJoin us on our `Gitter channel <https://gitter.im/jmespath/chat>`__\nif you want to chat or if you have any questions.",
        "description_content_type": null,
        "docs_url": null,
        "download_url": "",
        "downloads": {
            "last_day": -1,
            "last_month": -1,
            "last_week": -1
        },
        "home_page": "https://github.com/jmespath/jmespath.py",
        "keywords": "",
        "license": "MIT",
        "maintainer": "",
        "maintainer_email": "",
        "name": "jmespath",
        "package_url": "https://pypi.org/project/jmespath/",
        "platform": "UNKNOWN",
        "project_url": "https://pypi.org/project/jmespath/",
        "release_url": "https://pypi.org/project/jmespath/0.9.3/",
        "requires_dist": null,
        "requires_python": "",
        "summary": "JSON Matching Expressions",
        "version": "0.9.3"
    },
    "last_serial": 2900965,
    "releases": {
        "0.0.1": [
            {
                "comment_text": "",
                "digests": {
                    "md5": "b592e7b6044c53493134e5229ae5c360",
                    "sha256": "00b4b8b6f3028cf61f1d6cc1ce429bf22920247eb50578b47ca18564ec1b5111"
                },
                "downloads": -1,
                "filename": "jmespath-0.0.1.tar.gz",
                "has_sig": false,
                "md5_digest": "b592e7b6044c53493134e5229ae5c360",
                "packagetype": "sdist",
                "python_version": "source",
                "size": 6771,
                "upload_time": "2013-02-27T16:25:11",
                "url": "https://files.pythonhosted.org/packages/c6/77/a557fe7483826488f2d40aa68e21abed7cfc1522775d410008f11eb52bfe/jmespath-0.0.1.tar.gz"
            }
        ],
        "0.0.2": [
            {
                "comment_text": "",
                "digests": {
                    "md5": "766a603779f568c5b0b391e937c147c0",
                    "sha256": "3ce34292993eff87d66e160496c74520e0938c3fce01c55220b98cb5ab976b19"
                },
                "downloads": -1,
                "filename": "jmespath-0.0.2.tar.gz",
                "has_sig": false,
                "md5_digest": "766a603779f568c5b0b391e937c147c0",
                "packagetype": "sdist",
                "python_version": "source",
                "size": 7325,
                "upload_time": "2013-03-22T19:03:47",
                "url": "https://files.pythonhosted.org/packages/b5/d5/56a45396b5d2f662c98c89ae276399d7b771294ff5082333ec1fd3850af9/jmespath-0.0.2.tar.gz"
            }
        ],
        "0.0.3": [
            {
                "comment_text": "",
                "digests": {
                    "md5": "a5708b065c0578166c1ae4e4025f2666",
                    "sha256": "d9a6ff1b7bec5f8f255eb0b0b33ec4824c9ca8fa0cb10ac8070527caf98659b4"
                },
                "downloads": -1,
                "filename": "jmespath-0.0.3.tar.gz",
                "has_sig": false,
                "md5_digest": "a5708b065c0578166c1ae4e4025f2666",
                "packagetype": "sdist",
                "python_version": "source",
                "size": 8955,
                "upload_time": "2013-10-09T22:19:30",
                "url": "https://files.pythonhosted.org/packages/a6/db/848779748451b0049d9daccd1f84219f49e6fcf2ac66e74817967ba5bbc2/jmespath-0.0.3.tar.gz"
            }
        ],
        "0.1.0": [
            {
                "comment_text": "",
                "digests": {
                    "md5": "82e6cc85631e4a3b0f896de099249a1f",
                    "sha256": "8113f1f4188e95a54d3cb91f03e34f291e77b980f57d8bbaf5386ccbe80dae6d"
                },
                "downloads": -1,
                "filename": "jmespath-0.1.0.tar.gz",
                "has_sig": false,
                "md5_digest": "82e6cc85631e4a3b0f896de099249a1f",
                "packagetype": "sdist",
                "python_version": "source",
                "size": 11548,
                "upload_time": "2013-10-17T22:42:29",
                "url": "https://files.pythonhosted.org/packages/ec/bb/03f368b9aa1c2f19c87b296b8f072260cc09592e3618c3c33b062152877e/jmespath-0.1.0.tar.gz"
            }
        ],
        "0.2.0": [
            {
                "comment_text": "",
                "digests": {
                    "md5": "304d0dc541d2f20609523f4e24f5140f",
                    "sha256": "f2a2d56241ce57b447510b2a637838c4c80248275a5021c1e3eecb2138ed6c57"
                },
                "downloads": -1,
                "filename": "jmespath-0.2.0.tar.gz",
                "has_sig": false,
                "md5_digest": "304d0dc541d2f20609523f4e24f5140f",
                "packagetype": "sdist",
                "python_version": "source",
                "size": 12251,
                "upload_time": "2013-12-06T00:02:41",
                "url": "https://files.pythonhosted.org/packages/6a/55/e79b9422223c21c3bcf1bf82a49e1501ddbbfa8e8da058fb9c90b9459669/jmespath-0.2.0.tar.gz"
            }
        ],
        "0.2.1": [
            {
                "comment_text": "",
                "digests": {
                    "md5": "7800775aa12c6303f9ad597b6a8fa03c",
                    "sha256": "227ac4d44459faa27d66723999594d10e3e2da76d1b85a93f87ace238f4cc704"
                },
                "downloads": -1,
                "filename": "jmespath-0.2.1.tar.gz",
                "has_sig": false,
                "md5_digest": "7800775aa12c6303f9ad597b6a8fa03c",
                "packagetype": "sdist",
                "python_version": "source",
                "size": 11759,
                "upload_time": "2013-12-19T23:14:08",
                "url": "https://files.pythonhosted.org/packages/09/19/b73404e1ecbc28a70d191e9f7eb12f7c61f1e1bb5c1c1ad336a5c3ef71ed/jmespath-0.2.1.tar.gz"
            }
        ],
        "0.3.0": [
            {
                "comment_text": "",
                "digests": {
                    "md5": "17b068073f570bd6dac0826325a5be7a",
                    "sha256": "610cbb5361102ad03b51e6eb702cc355b65c5f7f01c75edaa676b353bae481fd"
                },
                "downloads": -1,
                "filename": "jmespath-0.3.0.tar.gz",
                "has_sig": false,
                "md5_digest": "17b068073f570bd6dac0826325a5be7a",
                "packagetype": "sdist",
                "python_version": "source",
                "size": 17217,
                "upload_time": "2014-02-28T00:23:20",
                "url": "https://files.pythonhosted.org/packages/50/3b/cb443c979f7399e601889d85e1a26da854959ddd832b86a15eb78871c13f/jmespath-0.3.0.tar.gz"
            }
        ],
        "0.3.1": [
            {
                "comment_text": "",
                "digests": {
                    "md5": "88b8a92ab663a40107cf8f26aa4c76dd",
                    "sha256": "92f8a5b50c80c7f9eb174aea8949cfe544e6901f6ba45ea636433bd979592074"
                },
                "downloads": -1,
                "filename": "jmespath-0.3.1.tar.gz",
                "has_sig": false,
                "md5_digest": "88b8a92ab663a40107cf8f26aa4c76dd",
                "packagetype": "sdist",
                "python_version": "source",
                "size": 21482,
                "upload_time": "2014-03-06T19:46:05",
                "url": "https://files.pythonhosted.org/packages/11/03/0ccd84983e3fba71d7a53041dd3752ee6b2d9374c08d23ab4e5fa6966dfc/jmespath-0.3.1.tar.gz"
            }
        ],
        "0.4.0": [
            {
                "comment_text": "",
                "digests": {
                    "md5": "ebd54fd91ed2e36b33076bce71ac0ea9",
                    "sha256": "18fe4184b0a2756657b5fc69e9748284678bd5fc4c539b24d1a5bdac7c990323"
                },
                "downloads": -1,
                "filename": "jmespath-0.4.0.tar.gz",
                "has_sig": false,
                "md5_digest": "ebd54fd91ed2e36b33076bce71ac0ea9",
                "packagetype": "sdist",
                "python_version": "source",
                "size": 20089,
                "upload_time": "2014-04-23T19:01:12",
                "url": "https://files.pythonhosted.org/packages/82/db/8e5a1124218d293475f74b69d36682e6f66f25984a640e26c975ba5704b3/jmespath-0.4.0.tar.gz"
            }
        ],
        "0.4.1": [
            {
                "comment_text": "",
                "digests": {
                    "md5": "a11ae39472672a650dfb55feab7d65eb",
                    "sha256": "891c49161f8216d1bda07104562dc7bac22aacd4c69ae149ddf1ccd59a4e3096"
                },
                "downloads": -1,
                "filename": "jmespath-0.4.1.tar.gz",
                "has_sig": false,
                "md5_digest": "a11ae39472672a650dfb55feab7d65eb",
                "packagetype": "sdist",
                "python_version": "source",
                "size": 20135,
                "upload_time": "2014-05-01T04:17:59",
                "url": "https://files.pythonhosted.org/packages/33/17/29c504d35346967bb4ff5d4316736cc7e4ea183cd04fcd8ec0f1b34c28da/jmespath-0.4.1.tar.gz"
            }
        ],
        "0.5.0": [
            {
                "comment_text": "",
                "digests": {
                    "md5": "55da4a6944a337b95b42207b343e18de",
                    "sha256": "c3243fb93f914df1852cc3699115c87982009860290b60910c1b2715bec238c2"
                },
                "downloads": -1,
                "filename": "jmespath-0.5.0.tar.gz",
                "has_sig": false,
                "md5_digest": "55da4a6944a337b95b42207b343e18de",
                "packagetype": "sdist",
                "python_version": "source",
                "size": 18175,
                "upload_time": "2014-11-06T00:48:12",
                "url": "https://files.pythonhosted.org/packages/ee/7c/f8e35867dd7309ecc10be8411c6a37ecb04a2db2007cc07223be2708e6db/jmespath-0.5.0.tar.gz"
            }
        ],
        "0.6.0": [
            {
                "comment_text": "",
                "digests": {
                    "md5": "b99d0c0148ce644ab9f6d22b494c45d1",
                    "sha256": "d993f92d07668dd16a1f55c2fa9887aec3dca446d725ded296fa22ffa85d3c3a"
                },
                "downloads": -1,
                "filename": "jmespath-0.6.0.tar.gz",
                "has_sig": false,
                "md5_digest": "b99d0c0148ce644ab9f6d22b494c45d1",
                "packagetype": "sdist",
                "python_version": "source",
                "size": 19255,
                "upload_time": "2015-01-31T21:19:07",
                "url": "https://files.pythonhosted.org/packages/e1/50/c1f0ab49df8c54e2ec485bf5ba5810c095ee3d3f7171e4357f9366d8a339/jmespath-0.6.0.tar.gz"
            }
        ],
        "0.6.1": [
            {
                "comment_text": "",
                "digests": {
                    "md5": "59fa8c2bc3fbf3d5244a329093211562",
                    "sha256": "f9f1a745049092979fa4f0aa263ad2d4efce9f239c0c07f937d0452fccecf6b8"
                },
                "downloads": -1,
                "filename": "jmespath-0.6.1.tar.gz",
                "has_sig": false,
                "md5_digest": "59fa8c2bc3fbf3d5244a329093211562",
                "packagetype": "sdist",
                "python_version": "source",
                "size": 19284,
                "upload_time": "2015-02-03T21:19:52",
                "url": "https://files.pythonhosted.org/packages/99/d0/7c1b3dc119f7d992c976728e7f783254212809fe38b221ec0ddc60cfcf7f/jmespath-0.6.1.tar.gz"
            }
        ],
        "0.6.2": [
            {
                "comment_text": "",
                "digests": {
                    "md5": "b7283fbb6972ab8eafd7b5d2b13f6138",
                    "sha256": "b10237fd30ab535367be6453aeb249299e1de0fb61567ff5efc22d1f88f2ae00"
                },
                "downloads": -1,
                "filename": "jmespath-0.6.2.tar.gz",
                "has_sig": false,
                "md5_digest": "b7283fbb6972ab8eafd7b5d2b13f6138",
                "packagetype": "sdist",
                "python_version": "source",
                "size": 19856,
                "upload_time": "2015-04-09T11:02:53",
                "url": "https://files.pythonhosted.org/packages/4a/01/3784d49ec4d004663ca861a000542adabadbaa632aa3b6b82943da07e359/jmespath-0.6.2.tar.gz"
            }
        ],
        "0.7.0": [
            {
                "comment_text": "",
                "digests": {
                    "md5": "baa6aa02950cc35613a7eebbe267d496",
                    "sha256": "a3a2f1e9a86b265d420939c0bb263511009d7179d1886b2d18122d5603b43a9a"
                },
                "downloads": -1,
                "filename": "jmespath-0.7.0.tar.gz",
                "has_sig": false,
                "md5_digest": "baa6aa02950cc35613a7eebbe267d496",
                "packagetype": "sdist",
                "python_version": "source",
                "size": 16036,
                "upload_time": "2015-04-21T06:35:29",
                "url": "https://files.pythonhosted.org/packages/12/0d/e7d23cbf46a8186c03781bd3961cb6b1903b645c97c364e64ba10a001e3e/jmespath-0.7.0.tar.gz"
            }
        ],
        "0.7.1": [
            {
                "comment_text": "",
                "digests": {
                    "md5": "1977b145d6923911ee1088d0b0221b8a",
                    "sha256": "cb99b58dcf853f791bec28aa016c121663b79ee6125c892297d773d7fd4dcecf"
                },
                "downloads": -1,
                "filename": "jmespath-0.7.1-py2.py3-none-any.whl",
                "has_sig": false,
                "md5_digest": "1977b145d6923911ee1088d0b0221b8a",
                "packagetype": "bdist_wheel",
                "python_version": "py2.py3",
                "size": 19776,
                "upload_time": "2015-04-27T17:31:18",
                "url": "https://files.pythonhosted.org/packages/1c/e7/c7381144a6c96d2641ab46c69384c02dcb491d8c8f7fc90cfb97cfdbe7cd/jmespath-0.7.1-py2.py3-none-any.whl"
            },
            {
                "comment_text": "",
                "digests": {
                    "md5": "ca76cb014165306c1eded212cfb78cf5",
                    "sha256": "cd5a12ee3dfa470283a020a35e69e83b0700d44fe413014fd35ad5584c5f5fd1"
                },
                "downloads": -1,
                "filename": "jmespath-0.7.1.tar.gz",
                "has_sig": false,
                "md5_digest": "ca76cb014165306c1eded212cfb78cf5",
                "packagetype": "sdist",
                "python_version": "source",
                "size": 19696,
                "upload_time": "2015-04-27T17:30:55",
                "url": "https://files.pythonhosted.org/packages/82/5c/8439a7719f598449120a63f9f2f23423577d7a49374f927e7b5be338524f/jmespath-0.7.1.tar.gz"
            }
        ],
        "0.8.0": [
            {
                "comment_text": "",
                "digests": {
                    "md5": "2f9e8c37df2e979ce7fe15333374e296",
                    "sha256": "d23fc2c68790b11ba6141cec9548440d6ca53a80b4668834e8711b05c4343b8a"
                },
                "downloads": -1,
                "filename": "jmespath-0.8.0-py2.py3-none-any.whl",
                "has_sig": false,
                "md5_digest": "2f9e8c37df2e979ce7fe15333374e296",
                "packagetype": "bdist_wheel",
                "python_version": "py2.py3",
                "size": 20364,
                "upload_time": "2015-09-23T05:11:15",
                "url": "https://files.pythonhosted.org/packages/93/f4/50dca6f24403c0567861129e7400dba9d2dce13c07da9cb8cfa83576dd09/jmespath-0.8.0-py2.py3-none-any.whl"
            },
            {
                "comment_text": "",
                "digests": {
                    "md5": "bfd2b7112c6b0b11d06bd235c593f838",
                    "sha256": "2c3d78a257e831b7d2855e2d00a24c2110f685ae31215d62cac5524d6108dc7a"
                },
                "downloads": -1,
                "filename": "jmespath-0.8.0.tar.gz",
                "has_sig": false,
                "md5_digest": "bfd2b7112c6b0b11d06bd235c593f838",
                "packagetype": "sdist",
                "python_version": "source",
                "size": 20484,
                "upload_time": "2015-09-23T05:11:23",
                "url": "https://files.pythonhosted.org/packages/c7/b6/4f25dc12e08fef1493c5bb6254342e609961eb01cbbc6065ca10b4f63e1b/jmespath-0.8.0.tar.gz"
            }
        ],
        "0.9.0": [
            {
                "comment_text": "",
                "digests": {
                    "md5": "1befa189c91def5afa50606647535881",
                    "sha256": "ade5261b0d7d34b6f53accc91e6881b579b40161ed575e6ac465de5edad32815"
                },
                "downloads": -1,
                "filename": "jmespath-0.9.0-py2.py3-none-any.whl",
                "has_sig": false,
                "md5_digest": "1befa189c91def5afa50606647535881",
                "packagetype": "bdist_wheel",
                "python_version": "py2.py3",
                "size": 20633,
                "upload_time": "2015-10-01T04:13:06",
                "url": "https://files.pythonhosted.org/packages/64/2b/73af55c93f91941bd0c8c6cb1a3028cfd4c8dc4fe8ffe761dc60192dd82c/jmespath-0.9.0-py2.py3-none-any.whl"
            },
            {
                "comment_text": "",
                "digests": {
                    "md5": "471b7d19bd153ac11a21d4fb7466800c",
                    "sha256": "08dfaa06d4397f283a01e57089f3360e3b52b5b9da91a70e1fd91e9f0cdd3d3d"
                },
                "downloads": -1,
                "filename": "jmespath-0.9.0.tar.gz",
                "has_sig": false,
                "md5_digest": "471b7d19bd153ac11a21d4fb7466800c",
                "packagetype": "sdist",
                "python_version": "source",
                "size": 20855,
                "upload_time": "2015-10-01T04:13:12",
                "url": "https://files.pythonhosted.org/packages/8f/d8/6e3e602a3e90c5e3961d3d159540df6b2ff32f5ab2ee8ee1d28235a425c1/jmespath-0.9.0.tar.gz"
            }
        ],
        "0.9.1": [
            {
                "comment_text": "",
                "digests": {
                    "md5": "e683294322f9b481a6f1c738effeebe3",
                    "sha256": "19942132a80f4bdeeb597f2027a48dc4dae3b99f407a8d5d7079d142c97c11b7"
                },
                "downloads": -1,
                "filename": "jmespath-0.9.1-py2.py3-none-any.whl",
                "has_sig": false,
                "md5_digest": "e683294322f9b481a6f1c738effeebe3",
                "packagetype": "bdist_wheel",
                "python_version": "py2.py3",
                "size": 23221,
                "upload_time": "2017-01-26T18:09:02",
                "url": "https://files.pythonhosted.org/packages/b3/42/2a0a1c6cfbf23717d3a92c50108049d4ed989a9acace0599623996bd682b/jmespath-0.9.1-py2.py3-none-any.whl"
            },
            {
                "comment_text": "",
                "digests": {
                    "md5": "a602b76abb2c0001b47c1bff810cf44e",
                    "sha256": "e72d02de23c1814322f7c0dcffb46716271f9b52b129aace0ab6f5a0450d5f02"
                },
                "downloads": -1,
                "filename": "jmespath-0.9.1.tar.gz",
                "has_sig": false,
                "md5_digest": "a602b76abb2c0001b47c1bff810cf44e",
                "packagetype": "sdist",
                "python_version": "source",
                "size": 22701,
                "upload_time": "2017-01-26T18:09:04",
                "url": "https://files.pythonhosted.org/packages/9d/1a/c8ab901753ad7581032f99f88c759a45b6c72b75615f0cd731dd7c9dd0de/jmespath-0.9.1.tar.gz"
            }
        ],
        "0.9.2": [
            {
                "comment_text": "",
                "digests": {
                    "md5": "99f04b0d65e94438d34fbf7d8a8214f4",
                    "sha256": "3f03b90ac8e0f3ba472e8ebff083e460c89501d8d41979771535efe9a343177e"
                },
                "downloads": -1,
                "filename": "jmespath-0.9.2-py2.py3-none-any.whl",
                "has_sig": false,
                "md5_digest": "99f04b0d65e94438d34fbf7d8a8214f4",
                "packagetype": "bdist_wheel",
                "python_version": "py2.py3",
                "size": 23562,
                "upload_time": "2017-03-10T23:53:31",
                "url": "https://files.pythonhosted.org/packages/10/3b/968949a364f7f9fb9ff5acec3b98df2d74c201ab5f0cd07fa6c48ea227c2/jmespath-0.9.2-py2.py3-none-any.whl"
            },
            {
                "comment_text": "",
                "digests": {
                    "md5": "5ad9ac61b4a00bd5b9d02378b2381882",
                    "sha256": "54c441e2e08b23f12d7fa7d8e6761768c47c969e6aed10eead57505ba760aee9"
                },
                "downloads": -1,
                "filename": "jmespath-0.9.2.tar.gz",
                "has_sig": false,
                "md5_digest": "5ad9ac61b4a00bd5b9d02378b2381882",
                "packagetype": "sdist",
                "python_version": "source",
                "size": 22773,
                "upload_time": "2017-03-10T23:53:33",
                "url": "https://files.pythonhosted.org/packages/96/6e/0723cccec195a37de6a428ad8879fe063b6debe5c855444e9285b27d253e/jmespath-0.9.2.tar.gz"
            }
        ],
        "0.9.3": [
            {
                "comment_text": "",
                "digests": {
                    "md5": "c0505bdf73fd01d708a58f297fa0d369",
                    "sha256": "f11b4461f425740a1d908e9a3f7365c3d2e569f6ca68a2ff8bc5bcd9676edd63"
                },
                "downloads": -1,
                "filename": "jmespath-0.9.3-py2.py3-none-any.whl",
                "has_sig": false,
                "md5_digest": "c0505bdf73fd01d708a58f297fa0d369",
                "packagetype": "bdist_wheel",
                "python_version": "py2.py3",
                "size": 23497,
                "upload_time": "2017-05-26T13:47:54",
                "url": "https://files.pythonhosted.org/packages/b7/31/05c8d001f7f87f0f07289a5fc0fc3832e9a57f2dbd4d3b0fee70e0d51365/jmespath-0.9.3-py2.py3-none-any.whl"
            },
            {
                "comment_text": "",
                "digests": {
                    "md5": "37a906c06de62bed25ec5cf99cee04a6",
                    "sha256": "6a81d4c9aa62caf061cb517b4d9ad1dd300374cd4706997aff9cd6aedd61fc64"
                },
                "downloads": -1,
                "filename": "jmespath-0.9.3.tar.gz",
                "has_sig": false,
                "md5_digest": "37a906c06de62bed25ec5cf99cee04a6",
                "packagetype": "sdist",
                "python_version": "source",
                "size": 22967,
                "upload_time": "2017-05-26T13:47:58",
                "url": "https://files.pythonhosted.org/packages/e5/21/795b7549397735e911b032f255cff5fb0de58f96da794274660bca4f58ef/jmespath-0.9.3.tar.gz"
            }
        ]
    },
    "urls": [
        {
            "comment_text": "",
            "digests": {
                "md5": "c0505bdf73fd01d708a58f297fa0d369",
                "sha256": "f11b4461f425740a1d908e9a3f7365c3d2e569f6ca68a2ff8bc5bcd9676edd63"
            },
            "downloads": -1,
            "filename": "jmespath-0.9.3-py2.py3-none-any.whl",
            "has_sig": false,
            "md5_digest": "c0505bdf73fd01d708a58f297fa0d369",
            "packagetype": "bdist_wheel",
            "python_version": "py2.py3",
            "size": 23497,
            "upload_time": "2017-05-26T13:47:54",
            "url": "https://files.pythonhosted.org/packages/b7/31/05c8d001f7f87f0f07289a5fc0fc3832e9a57f2dbd4d3b0fee70e0d51365/jmespath-0.9.3-py2.py3-none-any.whl"
        },
        {
            "comment_text": "",
            "digests": {
                "md5": "37a906c06de62bed25ec5cf99cee04a6",
                "sha256": "6a81d4c9aa62caf061cb517b4d9ad1dd300374cd4706997aff9cd6aedd61fc64"
            },
            "downloads": -1,
            "filename": "jmespath-0.9.3.tar.gz",
            "has_sig": false,
            "md5_digest": "37a906c06de62bed25ec5cf99cee04a6",
            "packagetype": "sdist",
            "python_version": "source",
            "size": 22967,
            "upload_time": "2017-05-26T13:47:58",
            "url": "https://files.pythonhosted.org/packages/e5/21/795b7549397735e911b032f255cff5fb0de58f96da794274660bca4f58ef/jmespath-0.9.3.tar.gz"
        }
    ],
    "package_name": "jmespath"
}