{
    "info": {
        "author": "Georg Brandl",
        "author_email": "georg@python.org",
        "bugtrack_url": null,
        "classifiers": [
            "Development Status :: 6 - Mature",
            "Intended Audience :: Developers",
            "Intended Audience :: End Users/Desktop",
            "Intended Audience :: System Administrators",
            "License :: OSI Approved :: BSD License",
            "Operating System :: OS Independent",
            "Programming Language :: Python",
            "Programming Language :: Python :: 2",
            "Programming Language :: Python :: 3",
            "Topic :: Text Processing :: Filters",
            "Topic :: Utilities"
        ],
        "description": "Pygments\n~~~~~~~~\n\nPygments is a syntax highlighting package written in Python.\n\nIt is a generic syntax highlighter suitable for use in code hosting, forums,\nwikis or other applications that need to prettify source code.  Highlights\nare:\n\n* a wide range of over 300 languages and other text formats is supported\n* special attention is paid to details, increasing quality by a fair amount\n* support for new languages and formats are added easily\n* a number of output formats, presently HTML, LaTeX, RTF, SVG, all image       formats that PIL supports and ANSI sequences\n* it is usable as a command-line tool and as a library\n\n:copyright: Copyright 2006-2017 by the Pygments team, see AUTHORS.\n:license: BSD, see LICENSE for details.\n\n\n",
        "description_content_type": null,
        "docs_url": null,
        "download_url": "",
        "downloads": {
            "last_day": -1,
            "last_month": -1,
            "last_week": -1
        },
        "home_page": "http://pygments.org/",
        "keywords": "syntax highlighting",
        "license": "BSD License",
        "maintainer": "",
        "maintainer_email": "",
        "name": "Pygments",
        "package_url": "https://pypi.org/project/Pygments/",
        "platform": "any",
        "project_url": "https://pypi.org/project/Pygments/",
        "release_url": "https://pypi.org/project/Pygments/2.2.0/",
        "requires_dist": null,
        "requires_python": "",
        "summary": "Pygments is a syntax highlighting package written in Python.",
        "version": "2.2.0"
    },
    "last_serial": 2591432,
    "releases": {
        "0.10": [
            {
                "comment_text": "",
                "digests": {
                    "md5": "ab204150f3c7745e4db10b9f9d8c5b03",
                    "sha256": "2428d856ddacc2a180ea39fb3a79406d1e9167aa6544c9d2129ab8863e2c56f6"
                },
                "downloads": -1,
                "filename": "Pygments-0.10-py2.3.egg",
                "has_sig": false,
                "md5_digest": "ab204150f3c7745e4db10b9f9d8c5b03",
                "packagetype": "bdist_egg",
                "python_version": "2.3",
                "size": 1984710,
                "upload_time": "2008-05-06T16:38:11",
                "url": "https://files.pythonhosted.org/packages/88/7b/eced4edafe93c4ae40bdce79d4d9fef7a4370cd531e174c5f1b7ba501ae0/Pygments-0.10-py2.3.egg"
            },
            {
                "comment_text": "",
                "digests": {
                    "md5": "64cd2373677945c6b1a4fc6443dddcf4",
                    "sha256": "a4e63b9a8f5ea8729549dce1d3e77f123c080fcbb22344f382bb7ff47b3f285c"
                },
                "downloads": -1,
                "filename": "Pygments-0.10-py2.4.egg",
                "has_sig": false,
                "md5_digest": "64cd2373677945c6b1a4fc6443dddcf4",
                "packagetype": "bdist_egg",
                "python_version": "2.4",
                "size": 747217,
                "upload_time": "2008-05-06T16:38:05",
                "url": "https://files.pythonhosted.org/packages/a5/31/1c77c80f2ff55fdc603ac380da0d2a7c8e5cbe07c729ab5d22c501ee264d/Pygments-0.10-py2.4.egg"
            },
            {
                "comment_text": "",
                "digests": {
                    "md5": "78b66644604e786cb096e4250ec3a896",
                    "sha256": "774867fe66c5aeb958b61da47ede409c2e2ad49faf409461c9776c7d201ccfa4"
                },
                "downloads": -1,
                "filename": "Pygments-0.10-py2.5.egg",
                "has_sig": false,
                "md5_digest": "78b66644604e786cb096e4250ec3a896",
                "packagetype": "bdist_egg",
                "python_version": "2.5",
                "size": 748934,
                "upload_time": "2008-05-06T16:37:58",
                "url": "https://files.pythonhosted.org/packages/cf/3f/9bbb822e297d5725685500662f469d200e0092cf764851189cbf106bc3d4/Pygments-0.10-py2.5.egg"
            },
            {
                "comment_text": "",
                "digests": {
                    "md5": "1f24bee773010d0d53690a6f4bdc8bdb",
                    "sha256": "62a73fd3a009804910398aac2c5850609b7528d3e04dd003b0abd0f068bf684d"
                },
                "downloads": -1,
                "filename": "Pygments-0.10.tar.gz",
                "has_sig": false,
                "md5_digest": "1f24bee773010d0d53690a6f4bdc8bdb",
                "packagetype": "sdist",
                "python_version": "source",
                "size": 836229,
                "upload_time": "2008-05-06T16:37:58",
                "url": "https://files.pythonhosted.org/packages/bc/a1/463f204547b01558f865652d12ffbf44e5f0fc3159257b0db0e8ce25517f/Pygments-0.10.tar.gz"
            }
        ],
        "0.11": [
            {
                "comment_text": "",
                "digests": {
                    "md5": "bf04ca995de7321f5df3f0b58e45726d",
                    "sha256": "d916311d98b4faa7ce9842752fc415c1e72128d766acc1245623f1da69dbe337"
                },
                "downloads": -1,
                "filename": "Pygments-0.11-py2.3.egg",
                "has_sig": false,
                "md5_digest": "bf04ca995de7321f5df3f0b58e45726d",
                "packagetype": "bdist_egg",
                "python_version": "2.3",
                "size": 2102363,
                "upload_time": "2008-08-23T21:11:49",
                "url": "https://files.pythonhosted.org/packages/0e/73/95d472bef1059917d84075707834e3012a0750751f24fa12c152638a5891/Pygments-0.11-py2.3.egg"
            },
            {
                "comment_text": "",
                "digests": {
                    "md5": "3c571502b55a6002886722ad0350ce84",
                    "sha256": "294a59ba569bfcdae8079bc1e715126f70aaa2f23b2f972cf1c176ce705a8528"
                },
                "downloads": -1,
                "filename": "Pygments-0.11-py2.4.egg",
                "has_sig": false,
                "md5_digest": "3c571502b55a6002886722ad0350ce84",
                "packagetype": "bdist_egg",
                "python_version": "2.4",
                "size": 780523,
                "upload_time": "2008-08-23T21:04:07",
                "url": "https://files.pythonhosted.org/packages/eb/cd/61ee45b846cbe0aa8c98949ebcc2c03c4cb331bc65945ae00b1b835cb815/Pygments-0.11-py2.4.egg"
            },
            {
                "comment_text": "",
                "digests": {
                    "md5": "0c8e73d3a808f8d32b97ea7e90fc36f6",
                    "sha256": "adec1fbf9187e912ac5f817d3a664a75f7b185481a7ab10c9a83bf51d90ce336"
                },
                "downloads": -1,
                "filename": "Pygments-0.11-py2.5.egg",
                "has_sig": false,
                "md5_digest": "0c8e73d3a808f8d32b97ea7e90fc36f6",
                "packagetype": "bdist_egg",
                "python_version": "2.5",
                "size": 782672,
                "upload_time": "2008-08-23T21:03:07",
                "url": "https://files.pythonhosted.org/packages/2e/89/4c531bf9df83760440f9adb226f76781a3a420cc45f1b4d7ab20cdff3161/Pygments-0.11-py2.5.egg"
            },
            {
                "comment_text": "",
                "digests": {
                    "md5": "5c27a000483079643715515b1b78c6df",
                    "sha256": "0e8a85de38876bbd2b5f8ecf8e805a1b189682ced421e87d2c6914d38043c871"
                },
                "downloads": -1,
                "filename": "Pygments-0.11.tar.gz",
                "has_sig": false,
                "md5_digest": "5c27a000483079643715515b1b78c6df",
                "packagetype": "sdist",
                "python_version": "source",
                "size": 865612,
                "upload_time": "2008-08-23T21:02:20",
                "url": "https://files.pythonhosted.org/packages/4b/8a/c05c89f87a6fb7458b9ea8e1911f6ce886e7509cbcc42c49eabb26ead47b/Pygments-0.11.tar.gz"
            }
        ],
        "0.11.1": [
            {
                "comment_text": "",
                "digests": {
                    "md5": "4802519f36d9c6027534a45a8e6bcc68",
                    "sha256": "da8468556720af8d16595d346da90a9920defe2b9e2e832569f2267dd0175477"
                },
                "downloads": -1,
                "filename": "Pygments-0.11.1-py2.3.egg",
                "has_sig": false,
                "md5_digest": "4802519f36d9c6027534a45a8e6bcc68",
                "packagetype": "bdist_egg",
                "python_version": "2.3",
                "size": 2109156,
                "upload_time": "2008-08-24T18:20:10",
                "url": "https://files.pythonhosted.org/packages/48/36/1144aa20d6d32524cf78db9977c7d1c11eebeef5f50193f0fc56430b8b36/Pygments-0.11.1-py2.3.egg"
            },
            {
                "comment_text": "",
                "digests": {
                    "md5": "52d7a46a91a4a426f8fbc681c5c6f1f5",
                    "sha256": "c9f85825704440db111e3c399c3f3cc4a786c4afab79e54db5257c72913d10fa"
                },
                "downloads": -1,
                "filename": "Pygments-0.11.1-py2.4.egg",
                "has_sig": false,
                "md5_digest": "52d7a46a91a4a426f8fbc681c5c6f1f5",
                "packagetype": "bdist_egg",
                "python_version": "2.4",
                "size": 782404,
                "upload_time": "2008-08-24T18:17:26",
                "url": "https://files.pythonhosted.org/packages/a2/91/9f599b3e1cd0571f1cafeccc409933524d6442993f1579895d864cbec5e5/Pygments-0.11.1-py2.4.egg"
            },
            {
                "comment_text": "",
                "digests": {
                    "md5": "fde2a28ca83e5fca16f5ee72a67af719",
                    "sha256": "dc68a462d0a417a57fb8fcdb1b776327ca9434b0b3b5c9aebfbd8b3816d19d8c"
                },
                "downloads": -1,
                "filename": "Pygments-0.11.1-py2.5.egg",
                "has_sig": false,
                "md5_digest": "fde2a28ca83e5fca16f5ee72a67af719",
                "packagetype": "bdist_egg",
                "python_version": "2.5",
                "size": 784545,
                "upload_time": "2008-08-24T18:16:30",
                "url": "https://files.pythonhosted.org/packages/88/b5/2901af68bc784fa2ca9a029cef027a962a8782a261b3c44df74940b3ff3c/Pygments-0.11.1-py2.5.egg"
            },
            {
                "comment_text": "",
                "digests": {
                    "md5": "a7dc555f316437ba5241855ac306209a",
                    "sha256": "fa34ceda25194cba7eec566a8480ce3ee5cfd139ce828450cc366b95a951ddef"
                },
                "downloads": -1,
                "filename": "Pygments-0.11.1.tar.gz",
                "has_sig": false,
                "md5_digest": "a7dc555f316437ba5241855ac306209a",
                "packagetype": "sdist",
                "python_version": "source",
                "size": 865977,
                "upload_time": "2008-08-24T18:15:42",
                "url": "https://files.pythonhosted.org/packages/35/db/5263ab9c5382a46d5b790da1620883eaad904da5974f7dd2bb37016a6666/Pygments-0.11.1.tar.gz"
            }
        ],
        "0.5": [
            {
                "comment_text": "",
                "digests": {
                    "md5": "17fadb28442619f29890ac731a96a533",
                    "sha256": "ed35245fdb9bdc602079e509630695ece49a2c35a34365c0c174991f37fc1249"
                },
                "downloads": -1,
                "filename": "Pygments-0.5-py2.3.egg",
                "has_sig": false,
                "md5_digest": "17fadb28442619f29890ac731a96a533",
                "packagetype": "bdist_egg",
                "python_version": "2.3",
                "size": 669888,
                "upload_time": "2006-10-30T10:29:59",
                "url": "https://files.pythonhosted.org/packages/40/df/aabaeb0af3bcf77a0b9a7b531ea777aec4efe92236b567509b06b76240a8/Pygments-0.5-py2.3.egg"
            },
            {
                "comment_text": "",
                "digests": {
                    "md5": "ffbef7404026fc4aeadec89cadbf0090",
                    "sha256": "ee04c1dbb5b15606187ab8ed2d6e1aed1a74920bb0fd5f232d4899bb7f342bbd"
                },
                "downloads": -1,
                "filename": "Pygments-0.5-py2.4.egg",
                "has_sig": false,
                "md5_digest": "ffbef7404026fc4aeadec89cadbf0090",
                "packagetype": "bdist_egg",
                "python_version": "2.4",
                "size": 221286,
                "upload_time": "2006-10-30T10:26:25",
                "url": "https://files.pythonhosted.org/packages/58/01/c241f680a7c9efa2892d79032c3b992bfb87a8ee9f4ee1271cb380c475c6/Pygments-0.5-py2.4.egg"
            },
            {
                "comment_text": "",
                "digests": {
                    "md5": "d046e571f0ec37fe0b53d18fb85fca7e",
                    "sha256": "f0e005d67464f2bf1cc2357f4ce9acc30bac85e24d7e52c2119afddd32d99c74"
                },
                "downloads": -1,
                "filename": "Pygments-0.5-py2.5.egg",
                "has_sig": false,
                "md5_digest": "d046e571f0ec37fe0b53d18fb85fca7e",
                "packagetype": "bdist_egg",
                "python_version": "2.5",
                "size": 221580,
                "upload_time": "2006-10-30T10:24:39",
                "url": "https://files.pythonhosted.org/packages/c5/d8/39d6bfbbc1501fe74c572dc57b1a4868df19098c4865ec31ea5466c87b6a/Pygments-0.5-py2.5.egg"
            },
            {
                "comment_text": "",
                "digests": {
                    "md5": "257bf399b12b815a7f18c9381dd53611",
                    "sha256": "965b7519f6c510eb8bf410552ff6c32ae9321bd53e47e36513d3b16a3975407d"
                },
                "downloads": -1,
                "filename": "Pygments-0.5.tar.gz",
                "has_sig": false,
                "md5_digest": "257bf399b12b815a7f18c9381dd53611",
                "packagetype": "sdist",
                "python_version": "source",
                "size": 560967,
                "upload_time": "2006-10-30T10:24:29",
                "url": "https://files.pythonhosted.org/packages/ce/e0/471ba3a6e1685976e5b204c426a6e6cee3c1d913a09db6f957a714acc113/Pygments-0.5.tar.gz"
            }
        ],
        "0.5.1": [
            {
                "comment_text": "",
                "digests": {
                    "md5": "34195e47304f73e5a3a62ec3b59a8bab",
                    "sha256": "7d7c6fc18437ac2d7e07688d68e0202afe659ca5a428b2a9aadcbe1517866772"
                },
                "downloads": -1,
                "filename": "Pygments-0.5.1-py2.3.egg",
                "has_sig": false,
                "md5_digest": "34195e47304f73e5a3a62ec3b59a8bab",
                "packagetype": "bdist_egg",
                "python_version": "2.3",
                "size": 670150,
                "upload_time": "2006-10-30T16:10:44",
                "url": "https://files.pythonhosted.org/packages/10/58/7d19b34e5cdbf71fe676c65f332ae3931c4055407a3d38a20636d5d0c833/Pygments-0.5.1-py2.3.egg"
            },
            {
                "comment_text": "",
                "digests": {
                    "md5": "d19191cef697fbe86fb77798b5c84c04",
                    "sha256": "73c36558903b2c081582c9ce5e9153a802adcd53bea86f451fdeaf4787add01c"
                },
                "downloads": -1,
                "filename": "Pygments-0.5.1-py2.4.egg",
                "has_sig": false,
                "md5_digest": "d19191cef697fbe86fb77798b5c84c04",
                "packagetype": "bdist_egg",
                "python_version": "2.4",
                "size": 221396,
                "upload_time": "2006-10-30T16:11:01",
                "url": "https://files.pythonhosted.org/packages/57/93/fa884750c9fe6238807261a7ae7fa24d196f9bebf0fe7921ed4072b3e679/Pygments-0.5.1-py2.4.egg"
            },
            {
                "comment_text": "",
                "digests": {
                    "md5": "261d5ace71cb52db9838cd431cf7e06b",
                    "sha256": "5545241b62518d8b150fa881c64083b0e77e637b77bedd1ab035bd18a74eb412"
                },
                "downloads": -1,
                "filename": "Pygments-0.5.1-py2.5.egg",
                "has_sig": false,
                "md5_digest": "261d5ace71cb52db9838cd431cf7e06b",
                "packagetype": "bdist_egg",
                "python_version": "2.5",
                "size": 221685,
                "upload_time": "2006-10-30T16:09:56",
                "url": "https://files.pythonhosted.org/packages/96/b9/be068ba00dd51c9290ae70691bce48637397b507853112239667e9504fbf/Pygments-0.5.1-py2.5.egg"
            },
            {
                "comment_text": "",
                "digests": {
                    "md5": "0a150344fa1342d99d2cd21fdca46a4c",
                    "sha256": "1fcbac2e4d86fee5fa36078ffa584e3ca385b72f796e6cba7f47ae2a12711c86"
                },
                "downloads": -1,
                "filename": "Pygments-0.5.1.tar.gz",
                "has_sig": false,
                "md5_digest": "0a150344fa1342d99d2cd21fdca46a4c",
                "packagetype": "sdist",
                "python_version": "source",
                "size": 560991,
                "upload_time": "2006-10-30T16:09:46",
                "url": "https://files.pythonhosted.org/packages/da/88/4ea2045e7bfe9cfe5bbcfad5096f6a0d8b5f7ebf553c1807cd0095b49bbd/Pygments-0.5.1.tar.gz"
            }
        ],
        "0.6": [
            {
                "comment_text": "",
                "digests": {
                    "md5": "01074a45182979ca396d84810563a17c",
                    "sha256": "1bf6fa0a5ebb506667c8420d976e02a93aee7b9f5f9f35b62202a95529a6f4a8"
                },
                "downloads": -1,
                "filename": "Pygments-0.6-py2.3.egg",
                "has_sig": false,
                "md5_digest": "01074a45182979ca396d84810563a17c",
                "packagetype": "bdist_egg",
                "python_version": "2.3",
                "size": 777297,
                "upload_time": "2006-12-20T21:37:00",
                "url": "https://files.pythonhosted.org/packages/a3/a2/7ee00beadbf62ae6d5669f22bd0d5f44f1e9daccc97262c10a888769f680/Pygments-0.6-py2.3.egg"
            },
            {
                "comment_text": "",
                "digests": {
                    "md5": "45260de64626d97e11aa2dfdb1bf3ef1",
                    "sha256": "bf46de6af5ce9ef2a06129dda01e81d55e04f0b115c1b9f17b686e8f6cc625bb"
                },
                "downloads": -1,
                "filename": "Pygments-0.6-py2.4.egg",
                "has_sig": false,
                "md5_digest": "45260de64626d97e11aa2dfdb1bf3ef1",
                "packagetype": "bdist_egg",
                "python_version": "2.4",
                "size": 257816,
                "upload_time": "2006-12-20T21:36:55",
                "url": "https://files.pythonhosted.org/packages/39/8a/ee9a64f606a2a9cc5857031627251ed9cecaa63932dfadd3a4d51b5239f1/Pygments-0.6-py2.4.egg"
            },
            {
                "comment_text": "",
                "digests": {
                    "md5": "d03bce826b82f9dddfaebe3f00ffb71b",
                    "sha256": "66703909dbab998c0d95b20353a86344480419fe29c76d44130dde6625c9d511"
                },
                "downloads": -1,
                "filename": "Pygments-0.6-py2.5.egg",
                "has_sig": false,
                "md5_digest": "d03bce826b82f9dddfaebe3f00ffb71b",
                "packagetype": "bdist_egg",
                "python_version": "2.5",
                "size": 258304,
                "upload_time": "2006-12-20T21:36:45",
                "url": "https://files.pythonhosted.org/packages/ee/38/2c91f56439ee187066921d26e70169b54eff7f3a3d6b7f1b465f8a3cec62/Pygments-0.6-py2.5.egg"
            },
            {
                "comment_text": "",
                "digests": {
                    "md5": "20565d0c088af98c36033bebfdfe5f09",
                    "sha256": "ef293daa2d5a5fc1b1653adbb0c344860e3131f25be722a681f21c7a3cd0d3c4"
                },
                "downloads": -1,
                "filename": "Pygments-0.6.tar.gz",
                "has_sig": false,
                "md5_digest": "20565d0c088af98c36033bebfdfe5f09",
                "packagetype": "sdist",
                "python_version": "source",
                "size": 777207,
                "upload_time": "2006-12-20T21:36:46",
                "url": "https://files.pythonhosted.org/packages/67/39/315c3cbafea697e309fffe1a7de09a270e6eef94134cabcaa8d52e8b7ce0/Pygments-0.6.tar.gz"
            }
        ],
        "0.7": [
            {
                "comment_text": "",
                "digests": {
                    "md5": "bf72eed4be1b87d794c0d95ab29cf1a9",
                    "sha256": "b7f98127e131cc2c3707381dba5f8ab71f295998d0ede481c822331f1a812ba2"
                },
                "downloads": -1,
                "filename": "Pygments-0.7-py2.3.egg",
                "has_sig": false,
                "md5_digest": "bf72eed4be1b87d794c0d95ab29cf1a9",
                "packagetype": "bdist_egg",
                "python_version": "2.3",
                "size": 918825,
                "upload_time": "2007-02-14T22:27:19",
                "url": "https://files.pythonhosted.org/packages/e8/95/e9cf25429d114a2b3daea384e2c77c1a20db8bc5a8cac30e4e2b31f9ac65/Pygments-0.7-py2.3.egg"
            },
            {
                "comment_text": "",
                "digests": {
                    "md5": "991a04ebc3bd84f2c55e2c9aafdb9685",
                    "sha256": "587b00864f54b3b88cc817ddaa9602e19ac3df6d77883597e66585f7518f7dc8"
                },
                "downloads": -1,
                "filename": "Pygments-0.7-py2.4.egg",
                "has_sig": false,
                "md5_digest": "991a04ebc3bd84f2c55e2c9aafdb9685",
                "packagetype": "bdist_egg",
                "python_version": "2.4",
                "size": 302299,
                "upload_time": "2007-02-14T22:10:16",
                "url": "https://files.pythonhosted.org/packages/e4/93/9ea4829a26796a12301469098c7b71713cb5c57c6595139ff05fd384c72b/Pygments-0.7-py2.4.egg"
            },
            {
                "comment_text": "",
                "digests": {
                    "md5": "6b18972281ac104089cae70ac3d64c73",
                    "sha256": "0e83655f3b80cb2572758e7c7174f1dcdb9d275219c0778a678834aa381e5774"
                },
                "downloads": -1,
                "filename": "Pygments-0.7-py2.5.egg",
                "has_sig": false,
                "md5_digest": "6b18972281ac104089cae70ac3d64c73",
                "packagetype": "bdist_egg",
                "python_version": "2.5",
                "size": 302994,
                "upload_time": "2007-02-14T22:11:41",
                "url": "https://files.pythonhosted.org/packages/54/5c/3a9730688240c19140d73c5c3ec311a1e6c155a7b2814b7b0b7949fa921f/Pygments-0.7-py2.5.egg"
            },
            {
                "comment_text": "",
                "digests": {
                    "md5": "31df83fbb7bc7b5822f66e932b1633e9",
                    "sha256": "56ec8c038f66f2e0f2009620731670ac2e31926a9c5e2b012cd01f0d79f3c157"
                },
                "downloads": -1,
                "filename": "Pygments-0.7.tar.gz",
                "has_sig": false,
                "md5_digest": "31df83fbb7bc7b5822f66e932b1633e9",
                "packagetype": "sdist",
                "python_version": "source",
                "size": 617313,
                "upload_time": "2007-02-14T22:11:21",
                "url": "https://files.pythonhosted.org/packages/cf/c6/a46af714ceb489cb32e180f754d5cfd66c2c2e652d95c1f9ffa9971bb63a/Pygments-0.7.tar.gz"
            }
        ],
        "0.7.1": [
            {
                "comment_text": "",
                "digests": {
                    "md5": "29d1bf5022387f08be4bb27d675fb65d",
                    "sha256": "35cf618e375e1c59f05d59c3729984fd5b4a5ad02e3dc807d435c04dab3fb745"
                },
                "downloads": -1,
                "filename": "Pygments-0.7.1-py2.3.egg",
                "has_sig": false,
                "md5_digest": "29d1bf5022387f08be4bb27d675fb65d",
                "packagetype": "bdist_egg",
                "python_version": "2.3",
                "size": 919368,
                "upload_time": "2007-02-15T19:57:19",
                "url": "https://files.pythonhosted.org/packages/51/9b/5d7bf35ae3642b0204d4406585f07226bc9ee5598b6d2d8946cb194919fb/Pygments-0.7.1-py2.3.egg"
            },
            {
                "comment_text": "",
                "digests": {
                    "md5": "483d1ee9525e3243d83c2f9a95b8e493",
                    "sha256": "941b38cbbb1c99fd4e4634839ea83242b088e21526326182fe2fce3af927b2a2"
                },
                "downloads": -1,
                "filename": "Pygments-0.7.1-py2.4.egg",
                "has_sig": false,
                "md5_digest": "483d1ee9525e3243d83c2f9a95b8e493",
                "packagetype": "bdist_egg",
                "python_version": "2.4",
                "size": 302430,
                "upload_time": "2007-02-15T19:55:39",
                "url": "https://files.pythonhosted.org/packages/46/6b/86f4d6a081ebc2807aa52a975e971df177a107801d6bdf88f3f4d9f405ff/Pygments-0.7.1-py2.4.egg"
            },
            {
                "comment_text": "",
                "digests": {
                    "md5": "60f739470ac24c4e3fa9e855ea39b47e",
                    "sha256": "e16398446e3b292c183e694ec43866f653dcc809d4f5d311c259d517817ee1ec"
                },
                "downloads": -1,
                "filename": "Pygments-0.7.1-py2.5.egg",
                "has_sig": false,
                "md5_digest": "60f739470ac24c4e3fa9e855ea39b47e",
                "packagetype": "bdist_egg",
                "python_version": "2.5",
                "size": 303119,
                "upload_time": "2007-02-15T19:54:49",
                "url": "https://files.pythonhosted.org/packages/c9/22/1c1cc2b94f63ddcabec4968c00ff928166f97fd871d041db376d7ff999d8/Pygments-0.7.1-py2.5.egg"
            },
            {
                "comment_text": "",
                "digests": {
                    "md5": "8b5b50fb53ce39f94dbcf7040c0a441a",
                    "sha256": "932866bde0019c370c36232d877c223a5f1d275c3161806552cb123d6f5d3638"
                },
                "downloads": -1,
                "filename": "Pygments-0.7.1.tar.gz",
                "has_sig": false,
                "md5_digest": "8b5b50fb53ce39f94dbcf7040c0a441a",
                "packagetype": "sdist",
                "python_version": "source",
                "size": 664696,
                "upload_time": "2007-02-15T19:54:28",
                "url": "https://files.pythonhosted.org/packages/0e/b1/ff96bd895a8da347dbe84d03e3ade364f2d5b9cab4bdb4781aabaea21b96/Pygments-0.7.1.tar.gz"
            }
        ],
        "0.8": [
            {
                "comment_text": "",
                "digests": {
                    "md5": "31ecde12558caf9e123762b4a4216e7c",
                    "sha256": "c91e8700dc755b2edae38c8e2c466a6d62adf811c5acb4396357d5ad3b0b59b7"
                },
                "downloads": -1,
                "filename": "Pygments-0.8-py2.3.egg",
                "has_sig": false,
                "md5_digest": "31ecde12558caf9e123762b4a4216e7c",
                "packagetype": "bdist_egg",
                "python_version": "2.3",
                "size": 1676908,
                "upload_time": "2007-05-30T14:54:42",
                "url": "https://files.pythonhosted.org/packages/cd/4f/c45879370f246667855c349bbed5f07cf262b25ec81b13ed011433dcc3db/Pygments-0.8-py2.3.egg"
            },
            {
                "comment_text": "",
                "digests": {
                    "md5": "2433de424e96cf9c5707ee7f31f61047",
                    "sha256": "c2c7ae8f35e5398dbc18983f7132a2579bcc6b7912ea68b901e18ee2e5b2897c"
                },
                "downloads": -1,
                "filename": "Pygments-0.8-py2.4.egg",
                "has_sig": false,
                "md5_digest": "2433de424e96cf9c5707ee7f31f61047",
                "packagetype": "bdist_egg",
                "python_version": "2.4",
                "size": 644842,
                "upload_time": "2007-05-30T14:54:36",
                "url": "https://files.pythonhosted.org/packages/55/05/85d3f7c409040ff038039fc6568ed0114fbe26cf13fd1c1c1069d3cce8a6/Pygments-0.8-py2.4.egg"
            },
            {
                "comment_text": "",
                "digests": {
                    "md5": "b2e5ef665c54ebed555535a6e740865b",
                    "sha256": "829533db3b1bc0c971b457156a06140febdb316ebe910ac410b403cb7a8e0b00"
                },
                "downloads": -1,
                "filename": "Pygments-0.8-py2.5.egg",
                "has_sig": false,
                "md5_digest": "b2e5ef665c54ebed555535a6e740865b",
                "packagetype": "bdist_egg",
                "python_version": "2.5",
                "size": 645541,
                "upload_time": "2007-05-30T14:54:30",
                "url": "https://files.pythonhosted.org/packages/40/98/a2059777f09eac4e8c3f392b7805e75a46dedfa8778db3dc9dd2cb82c9bf/Pygments-0.8-py2.5.egg"
            },
            {
                "comment_text": "",
                "digests": {
                    "md5": "037b8f65d36b8f283d135dac17ec1bf8",
                    "sha256": "a7765be5d7130dfe3965f145274e1cf7264e68ef5316273c155bf0d8637dc770"
                },
                "downloads": -1,
                "filename": "Pygments-0.8.tar.gz",
                "has_sig": false,
                "md5_digest": "037b8f65d36b8f283d135dac17ec1bf8",
                "packagetype": "sdist",
                "python_version": "source",
                "size": 708369,
                "upload_time": "2007-05-30T14:54:29",
                "url": "https://files.pythonhosted.org/packages/6c/fb/85fec2373892b52c6230101cfea5b498ed319d34ded51203407c5fc59b9f/Pygments-0.8.tar.gz"
            }
        ],
        "0.8.1": [
            {
                "comment_text": "",
                "digests": {
                    "md5": "74564b1f6bd66d1c48ed515b39d21c45",
                    "sha256": "d227ef96ba7532f90a535bfb4518115791e9f7787b52607649b99ea550960705"
                },
                "downloads": -1,
                "filename": "Pygments-0.8.1-py2.3.egg",
                "has_sig": false,
                "md5_digest": "74564b1f6bd66d1c48ed515b39d21c45",
                "packagetype": "bdist_egg",
                "python_version": "2.3",
                "size": 1677158,
                "upload_time": "2007-06-27T18:58:01",
                "url": "https://files.pythonhosted.org/packages/7d/11/5e76917d91b153d31cee8ffd3d95c5fba4243b2e956c91b9fc60345fafa3/Pygments-0.8.1-py2.3.egg"
            },
            {
                "comment_text": "",
                "digests": {
                    "md5": "97bd47b9fcef37b8fc44dbfde8721cad",
                    "sha256": "4f746b7ee63d07a1c59c1e2b202958bce0e40418bfae359e9dbc64e44da96140"
                },
                "downloads": -1,
                "filename": "Pygments-0.8.1-py2.4.egg",
                "has_sig": false,
                "md5_digest": "97bd47b9fcef37b8fc44dbfde8721cad",
                "packagetype": "bdist_egg",
                "python_version": "2.4",
                "size": 644938,
                "upload_time": "2007-06-27T18:58:08",
                "url": "https://files.pythonhosted.org/packages/c1/f0/1d5134d7b4e08f8cc7a6c8a171965ef54a0b41791eef30228ae3f7b227b8/Pygments-0.8.1-py2.4.egg"
            },
            {
                "comment_text": "",
                "digests": {
                    "md5": "7be7ada4df32c8de40e59bae7730d75d",
                    "sha256": "daec3492baa441261599662e7fc39faac222db6536ba1ac0e3ce4dccaf89f5b3"
                },
                "downloads": -1,
                "filename": "Pygments-0.8.1-py2.5.egg",
                "has_sig": false,
                "md5_digest": "7be7ada4df32c8de40e59bae7730d75d",
                "packagetype": "bdist_egg",
                "python_version": "2.5",
                "size": 645619,
                "upload_time": "2007-06-27T18:58:26",
                "url": "https://files.pythonhosted.org/packages/f9/7d/62449c433acecda90f908d9f1a103c693429196d0398bc0b055e13e6a1ed/Pygments-0.8.1-py2.5.egg"
            },
            {
                "comment_text": "",
                "digests": {
                    "md5": "f71971cbe9db538a40ea808ac5da3dc0",
                    "sha256": "c1394c794a8c3056ff581ccc09d089a3d99fb9d6a44e03eaac4165365b8f2707"
                },
                "downloads": -1,
                "filename": "Pygments-0.8.1.tar.gz",
                "has_sig": false,
                "md5_digest": "f71971cbe9db538a40ea808ac5da3dc0",
                "packagetype": "sdist",
                "python_version": "source",
                "size": 708778,
                "upload_time": "2007-06-27T18:58:22",
                "url": "https://files.pythonhosted.org/packages/47/e0/b7f10215eeb88c52c79e4d9f66a302dfa019d5069224cb4a14ae5d8a6524/Pygments-0.8.1.tar.gz"
            }
        ],
        "0.9": [
            {
                "comment_text": "",
                "digests": {
                    "md5": "946ebc41c5886244816f42c4b69fb971",
                    "sha256": "92839625c6cef3b23b47cc69a0d8e3338986cb286d97c26ec999e03f836dc2c1"
                },
                "downloads": -1,
                "filename": "Pygments-0.9-py2.3.egg",
                "has_sig": false,
                "md5_digest": "946ebc41c5886244816f42c4b69fb971",
                "packagetype": "bdist_egg",
                "python_version": "2.3",
                "size": 1832489,
                "upload_time": "2007-10-14T20:53:06",
                "url": "https://files.pythonhosted.org/packages/48/7c/cc06e152c9935b69b391024cfd9aa3bce24ab59cd600432e747102fd213d/Pygments-0.9-py2.3.egg"
            },
            {
                "comment_text": "",
                "digests": {
                    "md5": "0f885e4d7c9be64976b897cf89aae288",
                    "sha256": "a211fdd5345ab70a64cae0eb1eaa60248b549a32707d7a78f75497ac8a5bfb6f"
                },
                "downloads": -1,
                "filename": "Pygments-0.9-py2.4.egg",
                "has_sig": false,
                "md5_digest": "0f885e4d7c9be64976b897cf89aae288",
                "packagetype": "bdist_egg",
                "python_version": "2.4",
                "size": 698288,
                "upload_time": "2007-10-14T20:51:05",
                "url": "https://files.pythonhosted.org/packages/57/4e/bb9c7b5f4e66f040ceedc86469b31bd7987601e2d4d518f944f542570c3e/Pygments-0.9-py2.4.egg"
            },
            {
                "comment_text": "",
                "digests": {
                    "md5": "67e5ace0841016409084ca1833a55c90",
                    "sha256": "2624d0f2c3700dcf8e0f53344f8fb49516d2e7d25acfa4dfe885cfa66ef7e914"
                },
                "downloads": -1,
                "filename": "Pygments-0.9-py2.5.egg",
                "has_sig": false,
                "md5_digest": "67e5ace0841016409084ca1833a55c90",
                "packagetype": "bdist_egg",
                "python_version": "2.5",
                "size": 699570,
                "upload_time": "2007-10-14T20:50:12",
                "url": "https://files.pythonhosted.org/packages/5a/9a/dd21a5741a90f5803bd5d0731823501d695e1d1706e3d70dddad81cf9cad/Pygments-0.9-py2.5.egg"
            },
            {
                "comment_text": "",
                "digests": {
                    "md5": "8cdce901a66c0febb576955e90814485",
                    "sha256": "5013074493a2df39024b1367b2e1184a5eb2306bdb57cd2098f89d0fd32912b9"
                },
                "downloads": -1,
                "filename": "Pygments-0.9.tar.gz",
                "has_sig": false,
                "md5_digest": "8cdce901a66c0febb576955e90814485",
                "packagetype": "sdist",
                "python_version": "source",
                "size": 780966,
                "upload_time": "2007-10-14T20:49:26",
                "url": "https://files.pythonhosted.org/packages/9b/ca/8052467b06447f975a9adc7b9a2ae94dca1b26e08f8c15b8753322860956/Pygments-0.9.tar.gz"
            }
        ],
        "1.0": [
            {
                "comment_text": "",
                "digests": {
                    "md5": "59bd7f7c7ada6838c3f3da34e34fe807",
                    "sha256": "8458a05bdd95290e39fdbd8eb5281d773777b9ff9f4b3312bff699484b4c2aa3"
                },
                "downloads": -1,
                "filename": "Pygments-1.0-py2.3.egg",
                "has_sig": false,
                "md5_digest": "59bd7f7c7ada6838c3f3da34e34fe807",
                "packagetype": "bdist_egg",
                "python_version": "2.3",
                "size": 2187959,
                "upload_time": "2008-11-23T18:15:53",
                "url": "https://files.pythonhosted.org/packages/e7/55/0449a9436950837339502c4ae095fa77ddaf985b71d0e86595642ecff9a0/Pygments-1.0-py2.3.egg"
            },
            {
                "comment_text": "",
                "digests": {
                    "md5": "7498b5424b5a16c1be956e4f77e7fd04",
                    "sha256": "c856234322136515199f2f60722d5f7ff69f1f880dfb6886b2f78d56bb1b5d89"
                },
                "downloads": -1,
                "filename": "Pygments-1.0-py2.4.egg",
                "has_sig": false,
                "md5_digest": "7498b5424b5a16c1be956e4f77e7fd04",
                "packagetype": "bdist_egg",
                "python_version": "2.4",
                "size": 810810,
                "upload_time": "2008-11-23T18:12:22",
                "url": "https://files.pythonhosted.org/packages/54/aa/2f9fc786e68639827975e4f63c36479539019f5d7c10748335a8e5fe43c8/Pygments-1.0-py2.4.egg"
            },
            {
                "comment_text": "",
                "digests": {
                    "md5": "7e39d44a5b9ec0e037714863d5c6a2e6",
                    "sha256": "ba7556d274a059147b1fe709bbb79f862b43be6957e63395c7a4658bf20bf024"
                },
                "downloads": -1,
                "filename": "Pygments-1.0-py2.5.egg",
                "has_sig": false,
                "md5_digest": "7e39d44a5b9ec0e037714863d5c6a2e6",
                "packagetype": "bdist_egg",
                "python_version": "2.5",
                "size": 813251,
                "upload_time": "2008-11-23T18:06:41",
                "url": "https://files.pythonhosted.org/packages/2e/b9/488a3fc5b5a9dc24371922a73c52e82bdcd3adae5a32fb30106bbb4dc841/Pygments-1.0-py2.5.egg"
            },
            {
                "comment_text": "",
                "digests": {
                    "md5": "ac2f4555581eab7e701826aea25f0064",
                    "sha256": "20bd3c5c7bff690a55d54564107863bc9e38080f4f88218c44f60f8d924c6e28"
                },
                "downloads": -1,
                "filename": "Pygments-1.0-py2.6.egg",
                "has_sig": false,
                "md5_digest": "ac2f4555581eab7e701826aea25f0064",
                "packagetype": "bdist_egg",
                "python_version": "2.6",
                "size": 812726,
                "upload_time": "2008-11-23T18:10:46",
                "url": "https://files.pythonhosted.org/packages/c0/d4/dbf8c1bb17ebc5037a6f066ab136b02c2b9e247fec34c2e354762e1aaecc/Pygments-1.0-py2.6.egg"
            },
            {
                "comment_text": "",
                "digests": {
                    "md5": "70c40ff5331460cabfcb24f86a8d451d",
                    "sha256": "bbd1e8661e674b359a1717f13bfa9b2ff84991469b4fc3c1fa5c4d78b40766ff"
                },
                "downloads": -1,
                "filename": "Pygments-1.0.tar.gz",
                "has_sig": false,
                "md5_digest": "70c40ff5331460cabfcb24f86a8d451d",
                "packagetype": "sdist",
                "python_version": "source",
                "size": 930751,
                "upload_time": "2008-11-23T18:07:41",
                "url": "https://files.pythonhosted.org/packages/84/c6/2accebb27262b0366dabb313d295adced03667d5e4d0471c54e4932e7a10/Pygments-1.0.tar.gz"
            }
        ],
        "1.1": [
            {
                "comment_text": "",
                "digests": {
                    "md5": "729a0cfb8c5c9fbff6d148c5e829fd9d",
                    "sha256": "3000fb3b694ce1ad0779a38004d44a5c616ccac6f1f86390e22747b211d15cb8"
                },
                "downloads": -1,
                "filename": "Pygments-1.1-py2.4.egg",
                "has_sig": false,
                "md5_digest": "729a0cfb8c5c9fbff6d148c5e829fd9d",
                "packagetype": "bdist_egg",
                "python_version": "2.4",
                "size": 854933,
                "upload_time": "2009-09-11T15:59:57",
                "url": "https://files.pythonhosted.org/packages/42/37/20def37859608582484cc5b582ef48fd0ffcfcee8576482782b93bb42b83/Pygments-1.1-py2.4.egg"
            },
            {
                "comment_text": "",
                "digests": {
                    "md5": "b80e6047b4a0b891c3dd51a337f82fa8",
                    "sha256": "ffcbd98b2a756d376db64f701b4cbc4afccdeb75d7a9c5f667035b12b2ff5fdc"
                },
                "downloads": -1,
                "filename": "Pygments-1.1-py2.5.egg",
                "has_sig": false,
                "md5_digest": "b80e6047b4a0b891c3dd51a337f82fa8",
                "packagetype": "bdist_egg",
                "python_version": "2.5",
                "size": 858199,
                "upload_time": "2009-09-11T15:58:28",
                "url": "https://files.pythonhosted.org/packages/ac/6a/556f03b130853bdb8744834d7d8d260e964544e5e149bcc77d2d8d347d3e/Pygments-1.1-py2.5.egg"
            },
            {
                "comment_text": "",
                "digests": {
                    "md5": "414937b8a0436aa172da557cab645fff",
                    "sha256": "f2868aa966cb06a3c04de585ea2415bf59b7cafbd20f4899c6f006e6a92c09f2"
                },
                "downloads": -1,
                "filename": "Pygments-1.1-py2.6.egg",
                "has_sig": false,
                "md5_digest": "414937b8a0436aa172da557cab645fff",
                "packagetype": "bdist_egg",
                "python_version": "2.6",
                "size": 857663,
                "upload_time": "2009-09-11T15:55:55",
                "url": "https://files.pythonhosted.org/packages/47/5d/615cc46dbfbbd401aa2a15ebd314eb8577d57ae48254a165eca8896bb974/Pygments-1.1-py2.6.egg"
            },
            {
                "comment_text": "",
                "digests": {
                    "md5": "af52c60ae9f5906a92e4102e9076f6a0",
                    "sha256": "eb049f059447721d4f84bc917eaa25310fdeb50fcb35a0650f223a4f4553e830"
                },
                "downloads": -1,
                "filename": "Pygments-1.1.tar.gz",
                "has_sig": false,
                "md5_digest": "af52c60ae9f5906a92e4102e9076f6a0",
                "packagetype": "sdist",
                "python_version": "source",
                "size": 980624,
                "upload_time": "2009-09-11T15:56:53",
                "url": "https://files.pythonhosted.org/packages/da/d8/2857ed405620cc658fe239d58bd43f77067ee3cc9b89264d145fae55b842/Pygments-1.1.tar.gz"
            }
        ],
        "1.1.1": [
            {
                "comment_text": "",
                "digests": {
                    "md5": "a11e234936cc0daf238a0c1a7fddfdad",
                    "sha256": "e60a4664928f699ebfbb64fa28f05ffe19f9677a7f319f6c3b29671b76e20439"
                },
                "downloads": -1,
                "filename": "Pygments-1.1.1-py2.4.egg",
                "has_sig": false,
                "md5_digest": "a11e234936cc0daf238a0c1a7fddfdad",
                "packagetype": "bdist_egg",
                "python_version": "2.4",
                "size": 855277,
                "upload_time": "2009-09-15T12:46:19",
                "url": "https://files.pythonhosted.org/packages/09/b6/75dd23e6256c893983f8c982b6857a1a8c35848fbc33aeb13fd3bca2ee18/Pygments-1.1.1-py2.4.egg"
            },
            {
                "comment_text": "",
                "digests": {
                    "md5": "f30d1b35a1df68c57788b0cad8e9d9b7",
                    "sha256": "93c50e5d6320a93023f37115ff904843762282fbf7bea2c67af0daa6d24fc824"
                },
                "downloads": -1,
                "filename": "Pygments-1.1.1-py2.5.egg",
                "has_sig": false,
                "md5_digest": "f30d1b35a1df68c57788b0cad8e9d9b7",
                "packagetype": "bdist_egg",
                "python_version": "2.5",
                "size": 858509,
                "upload_time": "2009-09-15T12:45:16",
                "url": "https://files.pythonhosted.org/packages/ec/d6/aa21c0aa1d7186ea51fc2c82abbe20b4d98e61455d3bdf53f9958653ac56/Pygments-1.1.1-py2.5.egg"
            },
            {
                "comment_text": "",
                "digests": {
                    "md5": "310114f94710d28910fe2ed36bb79c8c",
                    "sha256": "3f9287091ed2bf541370913fc2362e98e4d77e01e8208ebbce5c54d32821d4dc"
                },
                "downloads": -1,
                "filename": "Pygments-1.1.1-py2.6.egg",
                "has_sig": false,
                "md5_digest": "310114f94710d28910fe2ed36bb79c8c",
                "packagetype": "bdist_egg",
                "python_version": "2.6",
                "size": 858016,
                "upload_time": "2009-09-15T12:43:00",
                "url": "https://files.pythonhosted.org/packages/b2/b2/b69cec5a7e2ced4f9ea09c9ddf0461aa0c301f6085ed328f04d450c254b3/Pygments-1.1.1-py2.6.egg"
            },
            {
                "comment_text": "",
                "digests": {
                    "md5": "80ac64669a75e2d6647822b2778e38c8",
                    "sha256": "2c5abb4b0bd22bd5a759a46b07d60845a19ed36e07359cf47fb22a206d181b8f"
                },
                "downloads": -1,
                "filename": "Pygments-1.1.1.tar.gz",
                "has_sig": false,
                "md5_digest": "80ac64669a75e2d6647822b2778e38c8",
                "packagetype": "sdist",
                "python_version": "source",
                "size": 986513,
                "upload_time": "2009-09-15T12:44:00",
                "url": "https://files.pythonhosted.org/packages/96/d6/2db1ce2a99597ef84144e2fc50a9f67515ce6325485b06d52f9920f89316/Pygments-1.1.1.tar.gz"
            }
        ],
        "1.2": [
            {
                "comment_text": "",
                "digests": {
                    "md5": "48f8645cfb2452da94851195f8ad9b45",
                    "sha256": "eb656c11f93c716ce5a8d79773b45bd150ff8019fcac7d960185f6e4430eeb91"
                },
                "downloads": -1,
                "filename": "Pygments-1.2-py2.4.egg",
                "has_sig": false,
                "md5_digest": "48f8645cfb2452da94851195f8ad9b45",
                "packagetype": "bdist_egg",
                "python_version": "2.4",
                "size": 895345,
                "upload_time": "2010-01-01T20:24:28",
                "url": "https://files.pythonhosted.org/packages/0b/c8/83d609b58f24d44b2d329d687e5469ea7872833f41c7ceecbc0820bf2c7e/Pygments-1.2-py2.4.egg"
            },
            {
                "comment_text": "",
                "digests": {
                    "md5": "15ff450d42316fe4c523d7ff7fcfe1eb",
                    "sha256": "a08335c73ee187d1de6218177e10f9cd9e0d3ece16b8e64657c60697db15586a"
                },
                "downloads": -1,
                "filename": "Pygments-1.2-py2.5.egg",
                "has_sig": false,
                "md5_digest": "15ff450d42316fe4c523d7ff7fcfe1eb",
                "packagetype": "bdist_egg",
                "python_version": "2.5",
                "size": 898781,
                "upload_time": "2010-01-01T20:23:29",
                "url": "https://files.pythonhosted.org/packages/59/b7/d2ff7ab3884a4d5fd9017ad520add683e4faef387350fa45c9c48aeff308/Pygments-1.2-py2.5.egg"
            },
            {
                "comment_text": "",
                "digests": {
                    "md5": "cf5c76451abb9a4cd70770992517646e",
                    "sha256": "0f2749bce73a7285946c4ba75a2e6e06db76f95f03935cccc950533eed0abd3b"
                },
                "downloads": -1,
                "filename": "Pygments-1.2-py2.6.egg",
                "has_sig": false,
                "md5_digest": "cf5c76451abb9a4cd70770992517646e",
                "packagetype": "bdist_egg",
                "python_version": "2.6",
                "size": 898262,
                "upload_time": "2010-01-01T20:21:12",
                "url": "https://files.pythonhosted.org/packages/4a/10/09cc23225d526e432c939d8783e9be4c47049de29bd03c7cb46687fd7379/Pygments-1.2-py2.6.egg"
            },
            {
                "comment_text": "",
                "digests": {
                    "md5": "aa965efa5eb85203052afe7baa24e2d3",
                    "sha256": "7f8d731489baabe85cd3c2da4b794d399ac8374cc8909ed670b99986e2d291eb"
                },
                "downloads": -1,
                "filename": "Pygments-1.2.tar.gz",
                "has_sig": false,
                "md5_digest": "aa965efa5eb85203052afe7baa24e2d3",
                "packagetype": "sdist",
                "python_version": "source",
                "size": 1006737,
                "upload_time": "2010-01-01T20:22:15",
                "url": "https://files.pythonhosted.org/packages/96/a9/32a365217e67dc29eb864e022fafb8f6797ad27ea26985ec71d1c3f1ed55/Pygments-1.2.tar.gz"
            }
        ],
        "1.2.1": [
            {
                "comment_text": "",
                "digests": {
                    "md5": "c5fd87cf9eba189d809b08f8ab414454",
                    "sha256": "cf7c51ca97d78ba88ff87e746a1524a239c4e8dfb5d9100e7771f428880c0411"
                },
                "downloads": -1,
                "filename": "Pygments-1.2.1-py2.4.egg",
                "has_sig": false,
                "md5_digest": "c5fd87cf9eba189d809b08f8ab414454",
                "packagetype": "bdist_egg",
                "python_version": "2.4",
                "size": 895429,
                "upload_time": "2010-01-02T15:20:37",
                "url": "https://files.pythonhosted.org/packages/07/48/53cabc744a4a896ac3e4edfb0ae49b83bc189fbd5e5b24040d365764e147/Pygments-1.2.1-py2.4.egg"
            },
            {
                "comment_text": "",
                "digests": {
                    "md5": "0b3df89be7ff4ef3ac4c1526e90b70d8",
                    "sha256": "7ffbc5815824d7f4cb67c4ee1715d963bcdb749b53be49237b45e7875d1e08e7"
                },
                "downloads": -1,
                "filename": "Pygments-1.2.1-py2.5.egg",
                "has_sig": false,
                "md5_digest": "0b3df89be7ff4ef3ac4c1526e90b70d8",
                "packagetype": "bdist_egg",
                "python_version": "2.5",
                "size": 898866,
                "upload_time": "2010-01-02T15:19:33",
                "url": "https://files.pythonhosted.org/packages/7c/3b/c1e1add7c9644133084bd6564686f5e5e1d1ae5cf4cedc1d33b771bd634a/Pygments-1.2.1-py2.5.egg"
            },
            {
                "comment_text": "",
                "digests": {
                    "md5": "ab59806c94e95dab943bfd395f651013",
                    "sha256": "86c8cb966b77be5fa4fc6133ed0ac50c1eb8e400f0cc07f24b86f43ef896477c"
                },
                "downloads": -1,
                "filename": "Pygments-1.2.1-py2.6.egg",
                "has_sig": false,
                "md5_digest": "ab59806c94e95dab943bfd395f651013",
                "packagetype": "bdist_egg",
                "python_version": "2.6",
                "size": 898344,
                "upload_time": "2010-01-02T15:17:26",
                "url": "https://files.pythonhosted.org/packages/56/29/07f74f4f590bcef740a99219c9cd130ced9201cc87befd46e62dfb4b1440/Pygments-1.2.1-py2.6.egg"
            },
            {
                "comment_text": "",
                "digests": {
                    "md5": "f23d04efa2d346c52656a42a396d6442",
                    "sha256": "7b088ad1448ea6d48caa73920b9cae1d80d070e69ee82f3e804f35841e479d01"
                },
                "downloads": -1,
                "filename": "Pygments-1.2.1.tar.gz",
                "has_sig": false,
                "md5_digest": "f23d04efa2d346c52656a42a396d6442",
                "packagetype": "sdist",
                "python_version": "source",
                "size": 1007078,
                "upload_time": "2010-01-02T15:18:28",
                "url": "https://files.pythonhosted.org/packages/8d/91/f078fa11ac92a45a5d8504f3e37597b212c17570473adf065e35742e6b13/Pygments-1.2.1.tar.gz"
            }
        ],
        "1.2.2": [
            {
                "comment_text": "",
                "digests": {
                    "md5": "771eab6c53105b160acf4e5583894201",
                    "sha256": "c178baa6d42ec40b3144f8a5982defb01811094eb03bc2ec0d851c5431cfa05c"
                },
                "downloads": -1,
                "filename": "Pygments-1.2.2-py2.4.egg",
                "has_sig": false,
                "md5_digest": "771eab6c53105b160acf4e5583894201",
                "packagetype": "bdist_egg",
                "python_version": "2.4",
                "size": 895679,
                "upload_time": "2010-01-02T23:23:18",
                "url": "https://files.pythonhosted.org/packages/d1/f4/66f6a5c559892ba87aef0c26ef91e02ee78b40bc5f289fb7eb5a50347f57/Pygments-1.2.2-py2.4.egg"
            },
            {
                "comment_text": "",
                "digests": {
                    "md5": "bbb12b2aba148e69923c7143d2af73bd",
                    "sha256": "29603cfa9606939e42ff35676d4fabc49a382f79028fe969696a19e7f7a0d5a1"
                },
                "downloads": -1,
                "filename": "Pygments-1.2.2-py2.5.egg",
                "has_sig": false,
                "md5_digest": "bbb12b2aba148e69923c7143d2af73bd",
                "packagetype": "bdist_egg",
                "python_version": "2.5",
                "size": 899122,
                "upload_time": "2010-01-02T23:22:12",
                "url": "https://files.pythonhosted.org/packages/d0/86/91ed867964ac1a473272a6674fcca650298710045dedc69ae01f40376b9f/Pygments-1.2.2-py2.5.egg"
            },
            {
                "comment_text": "",
                "digests": {
                    "md5": "4c78e542315e7ef3a60a265b7eba107e",
                    "sha256": "90d80ba6885a0dac5daf0250e51d97f7d8c76e764f9807ce3436f2457d9a9331"
                },
                "downloads": -1,
                "filename": "Pygments-1.2.2-py2.6.egg",
                "has_sig": false,
                "md5_digest": "4c78e542315e7ef3a60a265b7eba107e",
                "packagetype": "bdist_egg",
                "python_version": "2.6",
                "size": 898599,
                "upload_time": "2010-01-02T23:19:55",
                "url": "https://files.pythonhosted.org/packages/e7/df/6786927e647705d92915ad977ce9fdf6bad8ea34b64579476a53f54ec53a/Pygments-1.2.2-py2.6.egg"
            },
            {
                "comment_text": "",
                "digests": {
                    "md5": "920e706a817437eae3a1406380421a3d",
                    "sha256": "2d52a63747cff53c934689099b39049fbce55bc5bf0412639ec56e86ab2f1d1c"
                },
                "downloads": -1,
                "filename": "Pygments-1.2.2.tar.gz",
                "has_sig": false,
                "md5_digest": "920e706a817437eae3a1406380421a3d",
                "packagetype": "sdist",
                "python_version": "source",
                "size": 1019873,
                "upload_time": "2010-01-02T23:20:58",
                "url": "https://files.pythonhosted.org/packages/b7/84/cb099f601f315604220d9e9c358197b1a4f785f242ea7ed513300c2a842a/Pygments-1.2.2.tar.gz"
            }
        ],
        "1.3": [
            {
                "comment_text": "",
                "digests": {
                    "md5": "c2e988a387b1e71837485602defe3c47",
                    "sha256": "ad6a5b3f8895020f822aab3487dd7b51c1b6c9bc6a4e1a21342578584bb5a7da"
                },
                "downloads": -1,
                "filename": "Pygments-1.3-py2.4.egg",
                "has_sig": false,
                "md5_digest": "c2e988a387b1e71837485602defe3c47",
                "packagetype": "bdist_egg",
                "python_version": "2.4",
                "size": 922340,
                "upload_time": "2010-03-01T21:27:11",
                "url": "https://files.pythonhosted.org/packages/29/1d/3e6bea65e3516dd09326004cc56758ce74dde63fcaa26229d75445ac049e/Pygments-1.3-py2.4.egg"
            },
            {
                "comment_text": "",
                "digests": {
                    "md5": "ad4dd7aa13adfa5fec0f3d4b028b2aa5",
                    "sha256": "e095a5800a288ec37691a4ace5c7711bbfaecd4e9cc2c70726261ede107f4583"
                },
                "downloads": -1,
                "filename": "Pygments-1.3-py2.5.egg",
                "has_sig": false,
                "md5_digest": "ad4dd7aa13adfa5fec0f3d4b028b2aa5",
                "packagetype": "bdist_egg",
                "python_version": "2.5",
                "size": 926541,
                "upload_time": "2010-03-01T21:25:56",
                "url": "https://files.pythonhosted.org/packages/4a/08/3da194bbc1153ef349c82e8d3173727ccdaab82da7b14f70b28de5257831/Pygments-1.3-py2.5.egg"
            },
            {
                "comment_text": "",
                "digests": {
                    "md5": "25905d606bd47ca2e062a17e4319537f",
                    "sha256": "9af4b3ffe50748f96047998cd2a7f9289904d4b930fe0ab9cc942ae844de2db4"
                },
                "downloads": -1,
                "filename": "Pygments-1.3-py2.6.egg",
                "has_sig": false,
                "md5_digest": "25905d606bd47ca2e062a17e4319537f",
                "packagetype": "bdist_egg",
                "python_version": "2.6",
                "size": 926009,
                "upload_time": "2010-03-01T21:24:35",
                "url": "https://files.pythonhosted.org/packages/02/fa/0d1e7e0310e83e1588c9bd3e440e9e44084be58d516231cc83fb322e638b/Pygments-1.3-py2.6.egg"
            },
            {
                "comment_text": "",
                "digests": {
                    "md5": "f5b7a55170243a78b9f41e3cf186d2da",
                    "sha256": "32081bc962fa1e4f2f92a3a916f175f3ec3ec140db4d63b8b4eb376c23b699ec"
                },
                "downloads": -1,
                "filename": "Pygments-1.3.tar.gz",
                "has_sig": false,
                "md5_digest": "f5b7a55170243a78b9f41e3cf186d2da",
                "packagetype": "sdist",
                "python_version": "source",
                "size": 1043736,
                "upload_time": "2010-03-01T21:23:37",
                "url": "https://files.pythonhosted.org/packages/52/6e/a8ec73a8a30046e5b10b83a020aa0cd13b0300b6ddd2e046f08355554fc9/Pygments-1.3.tar.gz"
            }
        ],
        "1.3.1": [
            {
                "comment_text": "",
                "digests": {
                    "md5": "5e9519be1acd4d1b14937295d55bdab9",
                    "sha256": "605f39c68790154e6f6be5cef9527941b6991fbb47792b496b0534e3e713bbeb"
                },
                "downloads": -1,
                "filename": "Pygments-1.3.1-py2.4.egg",
                "has_sig": false,
                "md5_digest": "5e9519be1acd4d1b14937295d55bdab9",
                "packagetype": "bdist_egg",
                "python_version": "2.4",
                "size": 922515,
                "upload_time": "2010-03-05T22:51:33",
                "url": "https://files.pythonhosted.org/packages/ac/19/ff07ff4bf0d78879824c999f8488563d580d68c924f6e71eb23ddd466c28/Pygments-1.3.1-py2.4.egg"
            },
            {
                "comment_text": "",
                "digests": {
                    "md5": "16e57c826292d420151ea95498f0d1f4",
                    "sha256": "8037e95d04fa80ef0a53d175cd3ba06131c18627a519961e95afdf9eb5b5dfcb"
                },
                "downloads": -1,
                "filename": "Pygments-1.3.1-py2.5.egg",
                "has_sig": false,
                "md5_digest": "16e57c826292d420151ea95498f0d1f4",
                "packagetype": "bdist_egg",
                "python_version": "2.5",
                "size": 926751,
                "upload_time": "2010-03-05T22:51:29",
                "url": "https://files.pythonhosted.org/packages/8d/aa/bc27404a18eef8bf2bf67d953dbd8fc9d897805382fe61e805ef6a213c8c/Pygments-1.3.1-py2.5.egg"
            },
            {
                "comment_text": "",
                "digests": {
                    "md5": "05270ee059c038407364b28993980960",
                    "sha256": "a7fbca7436ef803300bc29d7ffd0f74e8a0186a933aa2813003b917d8e390381"
                },
                "downloads": -1,
                "filename": "Pygments-1.3.1-py2.6.egg",
                "has_sig": false,
                "md5_digest": "05270ee059c038407364b28993980960",
                "packagetype": "bdist_egg",
                "python_version": "2.6",
                "size": 926199,
                "upload_time": "2010-03-05T22:51:21",
                "url": "https://files.pythonhosted.org/packages/a8/2e/ff68081346092e54aeec80260aa1b50f4b4f20c1861954374c9c1d8b7230/Pygments-1.3.1-py2.6.egg"
            },
            {
                "comment_text": "",
                "digests": {
                    "md5": "54be67c04834f13d7e255e1797d629a5",
                    "sha256": "cb034cb532081b95a9e6d0bb92e02e84e47fda7efaff1747af535fdf2688b24d"
                },
                "downloads": -1,
                "filename": "Pygments-1.3.1.tar.gz",
                "has_sig": false,
                "md5_digest": "54be67c04834f13d7e255e1797d629a5",
                "packagetype": "sdist",
                "python_version": "source",
                "size": 1052676,
                "upload_time": "2010-03-05T22:51:20",
                "url": "https://files.pythonhosted.org/packages/16/ef/77b13cda3c6e48ebdc8279ba873be8cccdc11e1c6c816eaf1092bc25eb9d/Pygments-1.3.1.tar.gz"
            }
        ],
        "1.4": [
            {
                "comment_text": "",
                "digests": {
                    "md5": "619325b28c60a1ac96ba1c9b301149c6",
                    "sha256": "993e7dfb49a63bd2365017ac8e78023b11da8dfc496049da0760382e4b7707b0"
                },
                "downloads": -1,
                "filename": "Pygments-1.4-py2.4.egg",
                "has_sig": false,
                "md5_digest": "619325b28c60a1ac96ba1c9b301149c6",
                "packagetype": "bdist_egg",
                "python_version": "2.4",
                "size": 970761,
                "upload_time": "2011-01-03T18:16:50",
                "url": "https://files.pythonhosted.org/packages/c8/c9/7d6e9775b9dc3bba1bc6e61661db807d023a927f607d08a2ac0e983a9a06/Pygments-1.4-py2.4.egg"
            },
            {
                "comment_text": "",
                "digests": {
                    "md5": "c8979b9844ad9e39aeaf9469185a70a4",
                    "sha256": "d99bbbed733203b2d7d93cd4b4117edc7a462639938a0aa9abfdc8649975dde7"
                },
                "downloads": -1,
                "filename": "Pygments-1.4-py2.5.egg",
                "has_sig": false,
                "md5_digest": "c8979b9844ad9e39aeaf9469185a70a4",
                "packagetype": "bdist_egg",
                "python_version": "2.5",
                "size": 976072,
                "upload_time": "2011-01-03T18:15:35",
                "url": "https://files.pythonhosted.org/packages/07/bf/e72c4c2869e4b89e5e33e7c6a453f802fce48568081c38d847ed2369bdfa/Pygments-1.4-py2.5.egg"
            },
            {
                "comment_text": "",
                "digests": {
                    "md5": "306241dd68799753cdb4a2c9ce8e883a",
                    "sha256": "46a631ef7f018156a486a76346239dca19230102f795708482626bef39388ee6"
                },
                "downloads": -1,
                "filename": "Pygments-1.4-py2.6.egg",
                "has_sig": false,
                "md5_digest": "306241dd68799753cdb4a2c9ce8e883a",
                "packagetype": "bdist_egg",
                "python_version": "2.6",
                "size": 975405,
                "upload_time": "2011-01-03T18:13:40",
                "url": "https://files.pythonhosted.org/packages/5a/e9/9d77f13d78af082d3598f70d5cec648a8b27aa3032eea5a353f9da2d656a/Pygments-1.4-py2.6.egg"
            },
            {
                "comment_text": "",
                "digests": {
                    "md5": "acbdde4dae30efaba8cfa86dcb6070f2",
                    "sha256": "3bcefe7246dbae8804b8500084099a1b29444b5911939ce6a24cc6489c57b868"
                },
                "downloads": -1,
                "filename": "Pygments-1.4-py2.7.egg",
                "has_sig": false,
                "md5_digest": "acbdde4dae30efaba8cfa86dcb6070f2",
                "packagetype": "bdist_egg",
                "python_version": "2.7",
                "size": 974877,
                "upload_time": "2011-01-03T18:07:11",
                "url": "https://files.pythonhosted.org/packages/69/a9/3ad59bff509181543292d69560042138c3eba9c98a30cc8dac8e4c3c39ab/Pygments-1.4-py2.7.egg"
            },
            {
                "comment_text": "",
                "digests": {
                    "md5": "d77ac8c93a7fb27545f2522abe9cc462",
                    "sha256": "bbff02dc309e52846dd963d29483a7295fcc021624738d33359c43971080f9ab"
                },
                "downloads": -1,
                "filename": "Pygments-1.4.tar.gz",
                "has_sig": false,
                "md5_digest": "d77ac8c93a7fb27545f2522abe9cc462",
                "packagetype": "sdist",
                "python_version": "source",
                "size": 3533757,
                "upload_time": "2011-01-03T18:10:45",
                "url": "https://files.pythonhosted.org/packages/6c/0a/2174e016cf4c799fb30b37d0ab4329c99bc1bf5f949e1c0ec3aa0e5cf2ed/Pygments-1.4.tar.gz"
            }
        ],
        "1.5": [
            {
                "comment_text": "",
                "digests": {
                    "md5": "359d667ed004b6d1bee20917a7d06a7b",
                    "sha256": "65ced11bea6a753efaef12cc68efead76a9a9daf2fa2cf8d6e4f8bf752a1e6c8"
                },
                "downloads": -1,
                "filename": "Pygments-1.5-py2.6.egg",
                "has_sig": false,
                "md5_digest": "359d667ed004b6d1bee20917a7d06a7b",
                "packagetype": "bdist_egg",
                "python_version": "2.6",
                "size": 1151883,
                "upload_time": "2012-03-10T22:13:37",
                "url": "https://files.pythonhosted.org/packages/c8/72/13451a31558bc7434da496aa4ba8a8b98ab3ffeffbbbe69dd1f64b287f04/Pygments-1.5-py2.6.egg"
            },
            {
                "comment_text": "",
                "digests": {
                    "md5": "8ea02c2eafb2580336b7637be629f7ce",
                    "sha256": "a84c4b779009a1f30841942f846f7615c5c694da21a500d37c543f9d1fa779c9"
                },
                "downloads": -1,
                "filename": "Pygments-1.5-py2.7.egg",
                "has_sig": false,
                "md5_digest": "8ea02c2eafb2580336b7637be629f7ce",
                "packagetype": "bdist_egg",
                "python_version": "2.7",
                "size": 1151280,
                "upload_time": "2012-03-10T22:11:53",
                "url": "https://files.pythonhosted.org/packages/44/55/c3418ade629095b68b737d3a740c56b2e6ba808a9072b6c2a9c3fffb4519/Pygments-1.5-py2.7.egg"
            },
            {
                "comment_text": "",
                "digests": {
                    "md5": "ef997066cc9ee7a47d01fb4f3da0b5ff",
                    "sha256": "fe183e3886f597e41f8c88d0e53c796cefddc879bfdf45f2915a383060436740"
                },
                "downloads": -1,
                "filename": "Pygments-1.5.tar.gz",
                "has_sig": false,
                "md5_digest": "ef997066cc9ee7a47d01fb4f3da0b5ff",
                "packagetype": "sdist",
                "python_version": "source",
                "size": 3712566,
                "upload_time": "2012-03-10T22:12:25",
                "url": "https://files.pythonhosted.org/packages/29/d0/ea2feb5b16ca9d5b3829237c1fc30bb9205f246d9b66fdaaff02b327f763/Pygments-1.5.tar.gz"
            }
        ],
        "1.6": [
            {
                "comment_text": "",
                "digests": {
                    "md5": "2584ae5795d01cefbff0744136df3f65",
                    "sha256": "8f2d2fcef78d32292be95f460fcab6ebe65273a59cda6042fa4657e491b69d14"
                },
                "downloads": -1,
                "filename": "Pygments-1.6-py2.6.egg",
                "has_sig": true,
                "md5_digest": "2584ae5795d01cefbff0744136df3f65",
                "packagetype": "bdist_egg",
                "python_version": "2.6",
                "size": 1394835,
                "upload_time": "2013-02-05T08:16:36",
                "url": "https://files.pythonhosted.org/packages/7d/5f/d1d5f98425b0301c6786c8a9c28f5f174a0831013149c9dc7f721636e5c9/Pygments-1.6-py2.6.egg"
            },
            {
                "comment_text": "",
                "digests": {
                    "md5": "1e1e52b1e434502682aab08938163034",
                    "sha256": "e34c30aa9941b0b48272a4daca73beded432570c535a229554b187c11e535d7e"
                },
                "downloads": -1,
                "filename": "Pygments-1.6-py2.7.egg",
                "has_sig": true,
                "md5_digest": "1e1e52b1e434502682aab08938163034",
                "packagetype": "bdist_egg",
                "python_version": "2.7",
                "size": 1394117,
                "upload_time": "2013-02-05T08:17:19",
                "url": "https://files.pythonhosted.org/packages/e4/04/80bda69ac76ee5052f18e7d533564cf324417c8fa6229594306911e5fffb/Pygments-1.6-py2.7.egg"
            },
            {
                "comment_text": "",
                "digests": {
                    "md5": "a18feedf6ffd0b0cc8c8b0fbdb2027b1",
                    "sha256": "799ed4caf77516e54440806d8d9cd82a7607dfdf4e4fb643815171a4b5c921c0"
                },
                "downloads": -1,
                "filename": "Pygments-1.6.tar.gz",
                "has_sig": true,
                "md5_digest": "a18feedf6ffd0b0cc8c8b0fbdb2027b1",
                "packagetype": "sdist",
                "python_version": "source",
                "size": 1423161,
                "upload_time": "2013-02-05T08:15:32",
                "url": "https://files.pythonhosted.org/packages/e8/90/992eb125901873d81440480a7cf40a40aa5f8b2e41a67fbc568db6c21595/Pygments-1.6.tar.gz"
            }
        ],
        "1.6rc1": [
            {
                "comment_text": "",
                "digests": {
                    "md5": "5c733e2bf7067a2cef1e4c066339d0dd",
                    "sha256": "a54ab280ac5c5839d3519b62759a689423bc170e05c93965dfc3efc29a7699ef"
                },
                "downloads": -1,
                "filename": "Pygments-1.6rc1-py2.6.egg",
                "has_sig": false,
                "md5_digest": "5c733e2bf7067a2cef1e4c066339d0dd",
                "packagetype": "bdist_egg",
                "python_version": "2.6",
                "size": 1391421,
                "upload_time": "2013-01-09T16:49:14",
                "url": "https://files.pythonhosted.org/packages/33/f7/1bcf94a47022f08f08092bea69a78574f937792ba128466f18eb0315d353/Pygments-1.6rc1-py2.6.egg"
            },
            {
                "comment_text": "",
                "digests": {
                    "md5": "cb27d1ade95d892e4bebe2b3de16618b",
                    "sha256": "bef10a176a0bbb1180e0e5a5b6ce0eddbc111197cb184699d36ddb8c180345f4"
                },
                "downloads": -1,
                "filename": "Pygments-1.6rc1-py2.7.egg",
                "has_sig": false,
                "md5_digest": "cb27d1ade95d892e4bebe2b3de16618b",
                "packagetype": "bdist_egg",
                "python_version": "2.7",
                "size": 1390998,
                "upload_time": "2013-01-09T16:48:53",
                "url": "https://files.pythonhosted.org/packages/a9/0d/eb780fb6c0a9f49777bfcf89c0c2dbfc171342b0fc153ae2089c97b1dd4b/Pygments-1.6rc1-py2.7.egg"
            },
            {
                "comment_text": "",
                "digests": {
                    "md5": "633fbb59d2f05acedcafd8cd851d0935",
                    "sha256": "aa4b748c79925781465757fdef45cb674f1a82dc0569ed3a0a66753768b795ab"
                },
                "downloads": -1,
                "filename": "Pygments-1.6rc1.tar.gz",
                "has_sig": false,
                "md5_digest": "633fbb59d2f05acedcafd8cd851d0935",
                "packagetype": "sdist",
                "python_version": "source",
                "size": 1419886,
                "upload_time": "2013-01-09T16:48:37",
                "url": "https://files.pythonhosted.org/packages/a1/56/05c262ea49ce58fdf3a842ee4e02490516b68075885e6f41bbc960c9d875/Pygments-1.6rc1.tar.gz"
            }
        ],
        "2.0": [
            {
                "comment_text": "",
                "digests": {
                    "md5": "f340d027adaef19d306779811f3f0fd2",
                    "sha256": "8a28ad5e5623169fbd52b2a76fb5bc9213eb4f3e25736ea3e4aba83eaa9e6fcb"
                },
                "downloads": -1,
                "filename": "Pygments-2.0-py2-none-any.whl",
                "has_sig": true,
                "md5_digest": "f340d027adaef19d306779811f3f0fd2",
                "packagetype": "bdist_wheel",
                "python_version": "2.7",
                "size": 672413,
                "upload_time": "2014-11-09T18:30:59",
                "url": "https://files.pythonhosted.org/packages/4a/29/856372807ca8ecf6c893fc87ca38e43dd5c89b4086630802b80ce9c23d95/Pygments-2.0-py2-none-any.whl"
            },
            {
                "comment_text": "",
                "digests": {
                    "md5": "ad090699de365d8baffb8ddf2117af97",
                    "sha256": "90889e55af788d0a53c470fd1a324a9b7090cf4811e84de5e967dea9878a5fb6"
                },
                "downloads": -1,
                "filename": "Pygments-2.0-py3-none-any.whl",
                "has_sig": true,
                "md5_digest": "ad090699de365d8baffb8ddf2117af97",
                "packagetype": "bdist_wheel",
                "python_version": "3.3",
                "size": 672416,
                "upload_time": "2014-11-09T18:31:47",
                "url": "https://files.pythonhosted.org/packages/b0/df/f3b9f10d4bdad8c9831ae234972fdd48b14c94bfd808240e0ecb306932a4/Pygments-2.0-py3-none-any.whl"
            },
            {
                "comment_text": "",
                "digests": {
                    "md5": "c51a9e19e5e6abc11910ef7162d5d9fc",
                    "sha256": "4de23e88eeb7570e0425270d1013deff6343d78776dd38aeaf26c98ec3552421"
                },
                "downloads": -1,
                "filename": "Pygments-2.0.tar.gz",
                "has_sig": true,
                "md5_digest": "c51a9e19e5e6abc11910ef7162d5d9fc",
                "packagetype": "sdist",
                "python_version": "source",
                "size": 2710276,
                "upload_time": "2014-11-09T18:30:01",
                "url": "https://files.pythonhosted.org/packages/ba/ed/8f57fa7c35648dd2954d8b677fb07427d75a4497ec242ce64256bbcfda78/Pygments-2.0.tar.gz"
            }
        ],
        "2.0.1": [
            {
                "comment_text": "",
                "digests": {
                    "md5": "3ebdd5b2366b9a965161889238d6a531",
                    "sha256": "7f2750f47e1c03f7df4866d37619b8074ffc1d321823bb5a351302fe4dd20b67"
                },
                "downloads": -1,
                "filename": "Pygments-2.0.1-py2-none-any.whl",
                "has_sig": true,
                "md5_digest": "3ebdd5b2366b9a965161889238d6a531",
                "packagetype": "bdist_wheel",
                "python_version": "2.7",
                "size": 672478,
                "upload_time": "2014-11-10T15:50:16",
                "url": "https://files.pythonhosted.org/packages/71/1e/6bfe49571651c1c7db0d38330387cef337fc203aad0404e2a2190e3c87e7/Pygments-2.0.1-py2-none-any.whl"
            },
            {
                "comment_text": "",
                "digests": {
                    "md5": "acf7da68bef9467c893f85eeb9ca3c08",
                    "sha256": "668c8e665b935f623859c13213e1bc9b33fd19feec4db7c2f8e855c1c8c559d7"
                },
                "downloads": -1,
                "filename": "Pygments-2.0.1-py3-none-any.whl",
                "has_sig": true,
                "md5_digest": "acf7da68bef9467c893f85eeb9ca3c08",
                "packagetype": "bdist_wheel",
                "python_version": "3.3",
                "size": 672475,
                "upload_time": "2014-11-10T15:50:31",
                "url": "https://files.pythonhosted.org/packages/19/2f/a5ff1b61ee66ebf0cffc69137b1c9dc021fc85c338f7da56fc43b21479d7/Pygments-2.0.1-py3-none-any.whl"
            },
            {
                "comment_text": "",
                "digests": {
                    "md5": "e0daf4c14a4fe5b630da765904de4d6c",
                    "sha256": "5e039e1d40d232981ed58914b6d1ac2e453a7e83ddea22ef9f3eeadd01de45cb"
                },
                "downloads": -1,
                "filename": "Pygments-2.0.1.tar.gz",
                "has_sig": true,
                "md5_digest": "e0daf4c14a4fe5b630da765904de4d6c",
                "packagetype": "sdist",
                "python_version": "source",
                "size": 2739480,
                "upload_time": "2014-11-10T15:50:01",
                "url": "https://files.pythonhosted.org/packages/91/ee/7b36fa4ef73009d896af9d505305871427ee753b19efce40b797ae8942dc/Pygments-2.0.1.tar.gz"
            }
        ],
        "2.0.2": [
            {
                "comment_text": "",
                "digests": {
                    "md5": "98f29db02f4b22f58a2d3f60646e1e1f",
                    "sha256": "0a3a2265e1efb0defa722d1f429730dc9df975adc3c60ac7d2b432bdf03c041d"
                },
                "downloads": -1,
                "filename": "Pygments-2.0.2-py2-none-any.whl",
                "has_sig": true,
                "md5_digest": "98f29db02f4b22f58a2d3f60646e1e1f",
                "packagetype": "bdist_wheel",
                "python_version": "2.7",
                "size": 672870,
                "upload_time": "2015-01-20T07:04:07",
                "url": "https://files.pythonhosted.org/packages/d7/b8/57216ab6f20ce3b0e37695c76bda8182030de95e9c679ce36e49483b05a0/Pygments-2.0.2-py2-none-any.whl"
            },
            {
                "comment_text": "",
                "digests": {
                    "md5": "b38281817abc47c82cf3533b8c6608f6",
                    "sha256": "5ded2fa9094fd7dfeb3da92636409fd702a0d07d606283504d7ee04401cee5cb"
                },
                "downloads": -1,
                "filename": "Pygments-2.0.2-py3-none-any.whl",
                "has_sig": true,
                "md5_digest": "b38281817abc47c82cf3533b8c6608f6",
                "packagetype": "bdist_wheel",
                "python_version": "3.3",
                "size": 672868,
                "upload_time": "2015-01-20T07:04:24",
                "url": "https://files.pythonhosted.org/packages/87/e3/cadb43a197476ec0adef73292ea7ea188f2b0531188eebc150905d3ed78c/Pygments-2.0.2-py3-none-any.whl"
            },
            {
                "comment_text": "",
                "digests": {
                    "md5": "238587a1370d62405edabd0794b3ec4a",
                    "sha256": "7320919084e6dac8f4540638a46447a3bd730fca172afc17d2c03eed22cf4f51"
                },
                "downloads": -1,
                "filename": "Pygments-2.0.2.tar.gz",
                "has_sig": true,
                "md5_digest": "238587a1370d62405edabd0794b3ec4a",
                "packagetype": "sdist",
                "python_version": "source",
                "size": 3462280,
                "upload_time": "2015-01-20T07:03:03",
                "url": "https://files.pythonhosted.org/packages/f4/c6/bdbc5a8a112256b2b6136af304dbae93d8b1ef8738ff2d12a51018800e46/Pygments-2.0.2.tar.gz"
            }
        ],
        "2.0rc1": [
            {
                "comment_text": "",
                "digests": {
                    "md5": "e65fa2b149140024c73489286342385b",
                    "sha256": "d5b97dd6a3d91d2ab7f37166087cf0bd1b06b2737564f1f233cbdc0d9775d026"
                },
                "downloads": -1,
                "filename": "Pygments-2.0rc1-py2-none-any.whl",
                "has_sig": true,
                "md5_digest": "e65fa2b149140024c73489286342385b",
                "packagetype": "bdist_wheel",
                "python_version": "2.7",
                "size": 669901,
                "upload_time": "2014-10-16T10:20:35",
                "url": "https://files.pythonhosted.org/packages/0c/5e/f43f210ce63e0769355f5404f991483c2af803e82366eb8445eb50d2ecef/Pygments-2.0rc1-py2-none-any.whl"
            },
            {
                "comment_text": "",
                "digests": {
                    "md5": "641ec92677d73b38e601dc6e8bf7048d",
                    "sha256": "09cef2a03fa86f92219967f15e318dede2f006c8b75a8494ad57c35794751076"
                },
                "downloads": -1,
                "filename": "Pygments-2.0rc1-py3-none-any.whl",
                "has_sig": true,
                "md5_digest": "641ec92677d73b38e601dc6e8bf7048d",
                "packagetype": "bdist_wheel",
                "python_version": "3.3",
                "size": 669901,
                "upload_time": "2014-10-16T10:21:11",
                "url": "https://files.pythonhosted.org/packages/b9/96/091dd95f93e2f07f0adf5776c1179e2b6f83fbfb03fe7f343d179f366dff/Pygments-2.0rc1-py3-none-any.whl"
            },
            {
                "comment_text": "",
                "digests": {
                    "md5": "4a88a7c0d81e5bb74c011aaa04d114a3",
                    "sha256": "b43e8f92be7d518464f18d4266cff41c722f87bc57d2467a1f2d9ee85898cf3f"
                },
                "downloads": -1,
                "filename": "Pygments-2.0rc1.tar.gz",
                "has_sig": true,
                "md5_digest": "4a88a7c0d81e5bb74c011aaa04d114a3",
                "packagetype": "sdist",
                "python_version": "source",
                "size": 1679307,
                "upload_time": "2014-10-16T10:20:54",
                "url": "https://files.pythonhosted.org/packages/14/66/4c5502d861bda102ba5499eedf2825be96b826e5091fbcf011aef93c829a/Pygments-2.0rc1.tar.gz"
            }
        ],
        "2.1": [
            {
                "comment_text": "",
                "digests": {
                    "md5": "cc82b28005bae9b0e13c95afbe2ec1bc",
                    "sha256": "3e723f70dc47b4ad5ca3ab4f1d1c3f76438b3dc74d6a843ded3e154e8af99838"
                },
                "downloads": -1,
                "filename": "Pygments-2.1-py2-none-any.whl",
                "has_sig": true,
                "md5_digest": "cc82b28005bae9b0e13c95afbe2ec1bc",
                "packagetype": "bdist_wheel",
                "python_version": "2.7",
                "size": 754401,
                "upload_time": "2016-01-17T15:51:15",
                "url": "https://files.pythonhosted.org/packages/da/15/3b67175900042b83931beb5ee537cbd3d74995590f5f744fbe646b8e788a/Pygments-2.1-py2-none-any.whl"
            },
            {
                "comment_text": "",
                "digests": {
                    "md5": "e6e2f4b88f163feb80e6c8010c6e9374",
                    "sha256": "148e04b185d3541b8d702e8cde3ee5acd06b31cc0d474127baba9f4652b2aaf1"
                },
                "downloads": -1,
                "filename": "Pygments-2.1-py3-none-any.whl",
                "has_sig": true,
                "md5_digest": "e6e2f4b88f163feb80e6c8010c6e9374",
                "packagetype": "bdist_wheel",
                "python_version": "3.4",
                "size": 754402,
                "upload_time": "2016-01-17T15:51:39",
                "url": "https://files.pythonhosted.org/packages/6c/9e/995fd69b4577a2011d610d3976d92551a0ffc642163ceacaa9e58977b28a/Pygments-2.1-py3-none-any.whl"
            },
            {
                "comment_text": "",
                "digests": {
                    "md5": "84533d22f72de894f6d3907c3ca9eddf",
                    "sha256": "13a0ef5fafd7b16cf995bc28fe7aab0780dab1b2fda0fc89e033709af8b8a47b"
                },
                "downloads": -1,
                "filename": "Pygments-2.1.tar.gz",
                "has_sig": true,
                "md5_digest": "84533d22f72de894f6d3907c3ca9eddf",
                "packagetype": "sdist",
                "python_version": "source",
                "size": 2078224,
                "upload_time": "2016-01-17T15:51:02",
                "url": "https://files.pythonhosted.org/packages/b9/61/28aacfde03413ec5d55bbbbf73831124e15b1e79b4a9206e6a8cae2c7bf0/Pygments-2.1.tar.gz"
            }
        ],
        "2.1.1": [
            {
                "comment_text": "",
                "digests": {
                    "md5": "fc6a90990cb1b7881bff93cb16409149",
                    "sha256": "05aee25c433d6155defbfbcb6c2e2b0ebf29d28138604867b62a304bd6bbb41d"
                },
                "downloads": -1,
                "filename": "Pygments-2.1.1-py2.py3-none-any.whl",
                "has_sig": true,
                "md5_digest": "fc6a90990cb1b7881bff93cb16409149",
                "packagetype": "bdist_wheel",
                "python_version": "2.7",
                "size": 755134,
                "upload_time": "2016-02-14T14:06:42",
                "url": "https://files.pythonhosted.org/packages/b7/a5/8ca60cf023862ba3f47e1b375f43ad9bcbf25b1bf3098f6cc474ab6d46ef/Pygments-2.1.1-py2.py3-none-any.whl"
            },
            {
                "comment_text": "",
                "digests": {
                    "md5": "0d2f8e74b8a0966bb434e5825682704b",
                    "sha256": "2df7d9a85b56e54c7c021dc98fc877bd216ead652c10da170779c004fb59c01b"
                },
                "downloads": -1,
                "filename": "Pygments-2.1.1.tar.gz",
                "has_sig": true,
                "md5_digest": "0d2f8e74b8a0966bb434e5825682704b",
                "packagetype": "sdist",
                "python_version": "source",
                "size": 2114190,
                "upload_time": "2016-02-14T14:06:01",
                "url": "https://files.pythonhosted.org/packages/3d/7d/8d40fd42c16f9a9b1081857cef99b651743a86766e77b10bb59208f4d575/Pygments-2.1.1.tar.gz"
            }
        ],
        "2.1.2": [
            {
                "comment_text": "",
                "digests": {
                    "md5": "d4245274727d33405d910bbe481b5979",
                    "sha256": "620616fca65003d9ecb499ae75184cbd8ac13923d96bbdcb8c26505eef6a6328"
                },
                "downloads": -1,
                "filename": "Pygments-2.1.2-py2.py3-none-any.whl",
                "has_sig": true,
                "md5_digest": "d4245274727d33405d910bbe481b5979",
                "packagetype": "bdist_wheel",
                "python_version": "2.7",
                "size": 755138,
                "upload_time": "2016-02-29T15:05:28",
                "url": "https://files.pythonhosted.org/packages/a0/aa/7554a7155099a62dbeb639810b1e8a0f1ee9a6ebb9e9f11f01a1f3198e9a/Pygments-2.1.2-py2.py3-none-any.whl"
            },
            {
                "comment_text": "",
                "digests": {
                    "md5": "21a797e592a43681c6f48a62b5ac9c31",
                    "sha256": "82fc63b161043db20cba034abd43fa4cc10f73db91099355fa0d04043b4593d2"
                },
                "downloads": -1,
                "filename": "Pygments-2.1.2.tar.gz",
                "has_sig": true,
                "md5_digest": "21a797e592a43681c6f48a62b5ac9c31",
                "packagetype": "sdist",
                "python_version": "source",
                "size": 2116347,
                "upload_time": "2016-02-29T15:05:09",
                "url": "https://files.pythonhosted.org/packages/51/4b/19efcefd5e42f11f84d0d164771db5a157a5df63fcbbc64e35641d721107/Pygments-2.1.2.tar.gz"
            }
        ],
        "2.1.3": [
            {
                "comment_text": "",
                "digests": {
                    "md5": "242f73df7fa160366495a8f11f816e02",
                    "sha256": "485602129949b14247e8b124d28af4654dffbd076537c4a9c44a538a2c1755b7"
                },
                "downloads": -1,
                "filename": "Pygments-2.1.3-py2.py3-none-any.whl",
                "has_sig": true,
                "md5_digest": "242f73df7fa160366495a8f11f816e02",
                "packagetype": "bdist_wheel",
                "python_version": "2.7",
                "size": 755135,
                "upload_time": "2016-03-02T07:16:38",
                "url": "https://files.pythonhosted.org/packages/9e/d0/d692085518c6a2dc875fe421c866fb6a08e0d9796ca507803c1e545fa116/Pygments-2.1.3-py2.py3-none-any.whl"
            },
            {
                "comment_text": "",
                "digests": {
                    "md5": "ed3fba2467c8afcda4d317e4ef2c6150",
                    "sha256": "88e4c8a91b2af5962bfa5ea2447ec6dd357018e86e94c7d14bd8cacbc5b55d81"
                },
                "downloads": -1,
                "filename": "Pygments-2.1.3.tar.gz",
                "has_sig": true,
                "md5_digest": "ed3fba2467c8afcda4d317e4ef2c6150",
                "packagetype": "sdist",
                "python_version": "source",
                "size": 2116434,
                "upload_time": "2016-03-02T07:15:27",
                "url": "https://files.pythonhosted.org/packages/b8/67/ab177979be1c81bc99c8d0592ef22d547e70bb4c6815c383286ed5dec504/Pygments-2.1.3.tar.gz"
            }
        ],
        "2.2.0": [
            {
                "comment_text": "",
                "digests": {
                    "md5": "ce67fc58b51ffd29a2de8b97fcda274a",
                    "sha256": "78f3f434bcc5d6ee09020f92ba487f95ba50f1e3ef83ae96b9d5ffa1bab25c5d"
                },
                "downloads": -1,
                "filename": "Pygments-2.2.0-py2.py3-none-any.whl",
                "has_sig": true,
                "md5_digest": "ce67fc58b51ffd29a2de8b97fcda274a",
                "packagetype": "bdist_wheel",
                "python_version": "py2.py3",
                "size": 841734,
                "upload_time": "2017-01-22T21:22:37",
                "url": "https://files.pythonhosted.org/packages/02/ee/b6e02dc6529e82b75bb06823ff7d005b141037cb1416b10c6f00fc419dca/Pygments-2.2.0-py2.py3-none-any.whl"
            },
            {
                "comment_text": "",
                "digests": {
                    "md5": "13037baca42f16917cbd5ad2fab50844",
                    "sha256": "dbae1046def0efb574852fab9e90209b23f556367b5a320c0bcb871c77c3e8cc"
                },
                "downloads": -1,
                "filename": "Pygments-2.2.0.tar.gz",
                "has_sig": true,
                "md5_digest": "13037baca42f16917cbd5ad2fab50844",
                "packagetype": "sdist",
                "python_version": "source",
                "size": 2113944,
                "upload_time": "2017-01-22T21:22:59",
                "url": "https://files.pythonhosted.org/packages/71/2a/2e4e77803a8bd6408a2903340ac498cb0a2181811af7c9ec92cb70b0308a/Pygments-2.2.0.tar.gz"
            }
        ]
    },
    "urls": [
        {
            "comment_text": "",
            "digests": {
                "md5": "ce67fc58b51ffd29a2de8b97fcda274a",
                "sha256": "78f3f434bcc5d6ee09020f92ba487f95ba50f1e3ef83ae96b9d5ffa1bab25c5d"
            },
            "downloads": -1,
            "filename": "Pygments-2.2.0-py2.py3-none-any.whl",
            "has_sig": true,
            "md5_digest": "ce67fc58b51ffd29a2de8b97fcda274a",
            "packagetype": "bdist_wheel",
            "python_version": "py2.py3",
            "size": 841734,
            "upload_time": "2017-01-22T21:22:37",
            "url": "https://files.pythonhosted.org/packages/02/ee/b6e02dc6529e82b75bb06823ff7d005b141037cb1416b10c6f00fc419dca/Pygments-2.2.0-py2.py3-none-any.whl"
        },
        {
            "comment_text": "",
            "digests": {
                "md5": "13037baca42f16917cbd5ad2fab50844",
                "sha256": "dbae1046def0efb574852fab9e90209b23f556367b5a320c0bcb871c77c3e8cc"
            },
            "downloads": -1,
            "filename": "Pygments-2.2.0.tar.gz",
            "has_sig": true,
            "md5_digest": "13037baca42f16917cbd5ad2fab50844",
            "packagetype": "sdist",
            "python_version": "source",
            "size": 2113944,
            "upload_time": "2017-01-22T21:22:59",
            "url": "https://files.pythonhosted.org/packages/71/2a/2e4e77803a8bd6408a2903340ac498cb0a2181811af7c9ec92cb70b0308a/Pygments-2.2.0.tar.gz"
        }
    ],
    "package_name": "pygments"
}