{
    "info": {
        "author": "Hynek Schlawack",
        "author_email": "hs@ox.cx",
        "bugtrack_url": null,
        "classifiers": [
            "Development Status :: 6 - Mature",
            "Intended Audience :: Developers",
            "License :: OSI Approved :: Apache Software License",
            "Operating System :: MacOS :: MacOS X",
            "Operating System :: Microsoft :: Windows",
            "Operating System :: POSIX",
            "Programming Language :: Python :: 2",
            "Programming Language :: Python :: 2.7",
            "Programming Language :: Python :: 3",
            "Programming Language :: Python :: 3.4",
            "Programming Language :: Python :: 3.5",
            "Programming Language :: Python :: 3.6",
            "Programming Language :: Python :: Implementation :: CPython",
            "Programming Language :: Python :: Implementation :: PyPy",
            "Topic :: Security :: Cryptography",
            "Topic :: Software Development :: Libraries :: Python Modules",
            "Topic :: System :: Networking"
        ],
        "description": "========================================================\npyOpenSSL -- A Python wrapper around the OpenSSL library\n========================================================\n\n.. image:: https://readthedocs.org/projects/pyopenssl/badge/?version=stable\n   :target: https://pyopenssl.org/en/stable/\n   :alt: Stable Docs\n\n.. image:: https://travis-ci.org/pyca/pyopenssl.svg?branch=master\n   :target: https://travis-ci.org/pyca/pyopenssl\n   :alt: Build status\n\n.. image:: https://codecov.io/github/pyca/pyopenssl/branch/master/graph/badge.svg\n   :target: https://codecov.io/github/pyca/pyopenssl\n   :alt: Test coverage\n\n**Note:** The Python Cryptographic Authority **strongly suggests** the use of `pyca/cryptography`_\nwhere possible. If you are using pyOpenSSL for anything other than making a TLS connection \n**you should move to cryptography and drop your pyOpenSSL dependency**.\n\nHigh-level wrapper around a subset of the OpenSSL library. Includes\n\n* ``SSL.Connection`` objects, wrapping the methods of Python's portable sockets\n* Callbacks written in Python\n* Extensive error-handling mechanism, mirroring OpenSSL's error codes\n\n... and much more.\n\nYou can find more information in the documentation_.\nDevelopment takes place on GitHub_.\n\n\nDiscussion\n==========\n\nIf you run into bugs, you can file them in our `issue tracker`_.\n\nWe maintain a cryptography-dev_ mailing list for both user and development discussions.\n\nYou can also join ``#cryptography-dev`` on Freenode to ask questions or get involved.\n\n\n.. _documentation: https://pyopenssl.org/\n.. _`issue tracker`: https://github.com/pyca/pyopenssl/issues\n.. _cryptography-dev: https://mail.python.org/mailman/listinfo/cryptography-dev\n.. _GitHub: https://github.com/pyca/pyopenssl\n.. _`pyca/cryptography`: https://github.com/pyca/cryptography\n\n\nRelease Information\n===================\n\n18.0.0 (2018-05-16)\n-------------------\n\n\nBackward-incompatible changes:\n^^^^^^^^^^^^^^^^^^^^^^^^^^^^^^\n\n- The minimum ``cryptography`` version is now 2.2.1.\n- Support for Python 2.6 has been dropped.\n\n\nDeprecations:\n^^^^^^^^^^^^^\n\n*none*\n\n\nChanges:\n^^^^^^^^\n\n- Added ``Connection.get_certificate`` to retrieve the local certificate.\n  `#733 <https://github.com/pyca/pyopenssl/pull/733>`_\n- ``OpenSSL.SSL.Connection`` now sets ``SSL_MODE_AUTO_RETRY`` by default.\n  `#753 <https://github.com/pyca/pyopenssl/pull/753>`_\n- Added ``Context.set_tlsext_use_srtp`` to enable negotiation of SRTP keying material.\n  `#734 <https://github.com/pyca/pyopenssl/pull/734>`_\n\n`Full changelog <https://pyopenssl.org/en/stable/changelog.html>`_.\n\n\n\n",
        "description_content_type": "",
        "docs_url": "https://pythonhosted.org/pyOpenSSL/",
        "download_url": "",
        "downloads": {
            "last_day": -1,
            "last_month": -1,
            "last_week": -1
        },
        "home_page": "https://pyopenssl.org/",
        "keywords": "",
        "license": "Apache License, Version 2.0",
        "maintainer": "",
        "maintainer_email": "",
        "name": "pyOpenSSL",
        "package_url": "https://pypi.org/project/pyOpenSSL/",
        "platform": "",
        "project_url": "https://pypi.org/project/pyOpenSSL/",
        "release_url": "https://pypi.org/project/pyOpenSSL/18.0.0/",
        "requires_dist": [
            "pytest (>=3.0.1); extra == 'test'",
            "pretend; extra == 'test'",
            "flaky; extra == 'test'",
            "sphinx-rtd-theme; extra == 'docs'",
            "sphinx; extra == 'docs'",
            "six (>=1.5.2)",
            "cryptography (>=2.2.1)"
        ],
        "requires_python": "",
        "summary": "Python wrapper module around the OpenSSL library",
        "version": "18.0.0"
    },
    "last_serial": 3869809,
    "releases": {
        "0.10": [
            {
                "comment_text": "",
                "digests": {
                    "md5": "c12159efa233333541140c24e1fa094b",
                    "sha256": "06634e1d6b55fb9a341ab693302b00b0394d66f7299b6b2962537808bc70a697"
                },
                "downloads": -1,
                "filename": "pyOpenSSL-0.10-py2.4-win32.egg",
                "has_sig": false,
                "md5_digest": "c12159efa233333541140c24e1fa094b",
                "packagetype": "bdist_egg",
                "python_version": "2.4",
                "size": 691184,
                "upload_time": "2009-11-13T16:53:30",
                "url": "https://files.pythonhosted.org/packages/38/a9/6b55bb7713267dbaf9afbea037d0c1d16bb2930a3a7431bf4d5069e2e9ef/pyOpenSSL-0.10-py2.4-win32.egg"
            },
            {
                "comment_text": "",
                "digests": {
                    "md5": "00ddbd942655468a0f6d1e9947ec05a4",
                    "sha256": "55c642e391f6c628803ad3a4f52d461f89a4ae8c1c96b8103c1a68b362f6ba61"
                },
                "downloads": -1,
                "filename": "pyOpenSSL-0.10-py2.5-win32.egg",
                "has_sig": false,
                "md5_digest": "00ddbd942655468a0f6d1e9947ec05a4",
                "packagetype": "bdist_egg",
                "python_version": "2.5",
                "size": 690343,
                "upload_time": "2009-11-13T16:54:44",
                "url": "https://files.pythonhosted.org/packages/d6/a5/168f2b0a673140407fdc5d0431046868e50d3123ef6a22011e243e5e9357/pyOpenSSL-0.10-py2.5-win32.egg"
            },
            {
                "comment_text": "",
                "digests": {
                    "md5": "b480ef0b4b26d6493b62994f4c2903db",
                    "sha256": "f19d1d5a849d37543278d6367bcdd4ec07ba3c6a954b0afb1a67beb18bf22ddb"
                },
                "downloads": -1,
                "filename": "pyOpenSSL-0.10-py2.6-win32.egg",
                "has_sig": false,
                "md5_digest": "b480ef0b4b26d6493b62994f4c2903db",
                "packagetype": "bdist_egg",
                "python_version": "2.6",
                "size": 683695,
                "upload_time": "2009-11-13T16:55:03",
                "url": "https://files.pythonhosted.org/packages/81/ac/c48491e54217c4f2116eca8c3387f7cb410c842f9c2ffd0dad24a1fdac6b/pyOpenSSL-0.10-py2.6-win32.egg"
            },
            {
                "comment_text": "",
                "digests": {
                    "md5": "34db8056ec53ce80c7f5fc58bee9f093",
                    "sha256": "4514f8960389042ca2587f9cb801a13f7990387753fc678680b0c084719b5b60"
                },
                "downloads": -1,
                "filename": "pyOpenSSL-0.10.tar.gz",
                "has_sig": false,
                "md5_digest": "34db8056ec53ce80c7f5fc58bee9f093",
                "packagetype": "sdist",
                "python_version": "source",
                "size": 222169,
                "upload_time": "2009-11-13T16:57:48",
                "url": "https://files.pythonhosted.org/packages/55/01/165abb703068d8c673af8c56b9827b24e922185a5abfd7659d2bd67d5f30/pyOpenSSL-0.10.tar.gz"
            },
            {
                "comment_text": "",
                "digests": {
                    "md5": "a808b0e53d31aea0158ef56f8fc0af4b",
                    "sha256": "1f82a82b316c883d2b4265d80619d01db15baed5e450d734a31b34acbb1edf61"
                },
                "downloads": -1,
                "filename": "pyOpenSSL-0.10.winxp32-py2.4.exe",
                "has_sig": false,
                "md5_digest": "a808b0e53d31aea0158ef56f8fc0af4b",
                "packagetype": "bdist_wininst",
                "python_version": "2.4",
                "size": 713976,
                "upload_time": "2009-11-13T16:55:32",
                "url": "https://files.pythonhosted.org/packages/28/04/69f5afeb3c5c5d38ac53c3065e2285cb9e5f3a86e9d4a278c2f08ebb3480/pyOpenSSL-0.10.winxp32-py2.4.exe"
            },
            {
                "comment_text": "",
                "digests": {
                    "md5": "2e6148d48dd9864ebdac2c94b36ea9d7",
                    "sha256": "b462e5ed9a17d4b2609d900874af8461fd99b04a3ef853aed696a7e8843ee74e"
                },
                "downloads": -1,
                "filename": "pyOpenSSL-0.10.winxp32-py2.5.exe",
                "has_sig": false,
                "md5_digest": "2e6148d48dd9864ebdac2c94b36ea9d7",
                "packagetype": "bdist_wininst",
                "python_version": "2.5",
                "size": 714490,
                "upload_time": "2009-11-13T16:55:55",
                "url": "https://files.pythonhosted.org/packages/f5/fc/a72737c5ecdfe05c80b059beeb8b580dcf82d0bd6b701a514e83c3c5f250/pyOpenSSL-0.10.winxp32-py2.5.exe"
            },
            {
                "comment_text": "",
                "digests": {
                    "md5": "b7cf3e16a675937543243bef3ad3c106",
                    "sha256": "326c87e9497367c06cabb978f5399250a435795c3c757ab22f70530b1a7b94e4"
                },
                "downloads": -1,
                "filename": "pyOpenSSL-0.10.winxp32-py2.5.msi",
                "has_sig": false,
                "md5_digest": "b7cf3e16a675937543243bef3ad3c106",
                "packagetype": "bdist_msi",
                "python_version": "2.5",
                "size": 770048,
                "upload_time": "2009-11-13T16:57:08",
                "url": "https://files.pythonhosted.org/packages/d9/d8/4e8a4995519e3a93700f6d9211e4c5823b2f625c15b85809f603be2e07cd/pyOpenSSL-0.10.winxp32-py2.5.msi"
            },
            {
                "comment_text": "",
                "digests": {
                    "md5": "54c7dd629bf4004569a7c97c9ef6daa5",
                    "sha256": "6fb5783d914953657d7fbca611fbeb75f6bf41364f834c36465e59255bc0f956"
                },
                "downloads": -1,
                "filename": "pyOpenSSL-0.10.winxp32-py2.6.exe",
                "has_sig": false,
                "md5_digest": "54c7dd629bf4004569a7c97c9ef6daa5",
                "packagetype": "bdist_wininst",
                "python_version": "2.6",
                "size": 712437,
                "upload_time": "2009-11-13T16:56:18",
                "url": "https://files.pythonhosted.org/packages/99/b9/cd55e4761fd2090cb1a93cb77c6f3dbb88039585d61cf675d8f66d7fe2a9/pyOpenSSL-0.10.winxp32-py2.6.exe"
            },
            {
                "comment_text": "",
                "digests": {
                    "md5": "90920217fb35d76524cab66c8c135cc8",
                    "sha256": "e12c5919a14f4f6b17cadc7aa28a878bd6b79a5c2420e290d52cc66ef45a2350"
                },
                "downloads": -1,
                "filename": "pyOpenSSL-0.10.winxp32-py2.6.msi",
                "has_sig": false,
                "md5_digest": "90920217fb35d76524cab66c8c135cc8",
                "packagetype": "bdist_msi",
                "python_version": "2.6",
                "size": 770048,
                "upload_time": "2009-11-13T16:57:32",
                "url": "https://files.pythonhosted.org/packages/6a/eb/07e2ae39b78ad33991d82ab8a59eff701775ba6641db2908543d66aa49d9/pyOpenSSL-0.10.winxp32-py2.6.msi"
            }
        ],
        "0.11": [],
        "0.12": [
            {
                "comment_text": "",
                "digests": {
                    "md5": "4cb0d30f99b3d3e72996dba820f1cad0",
                    "sha256": "a1d1a44299c679904fa745b497eb478325664b858a63f3dc26812bef4e1155ef"
                },
                "downloads": -1,
                "filename": "pyOpenSSL-0.12-py2.4-win32.egg",
                "has_sig": false,
                "md5_digest": "4cb0d30f99b3d3e72996dba820f1cad0",
                "packagetype": "bdist_egg",
                "python_version": "2.4",
                "size": 734747,
                "upload_time": "2011-04-12T01:45:44",
                "url": "https://files.pythonhosted.org/packages/33/70/69f75a6e6e1e7860d83d706e575937829b84fa6eb2094ba61475eeb6e854/pyOpenSSL-0.12-py2.4-win32.egg"
            },
            {
                "comment_text": "",
                "digests": {
                    "md5": "45d679ed7d386f48d1d5dd1bc8e539cb",
                    "sha256": "6d8b21024eb1ef7d5a82b5669b8ea258ac071b48a0627205075c93796abdb2e2"
                },
                "downloads": -1,
                "filename": "pyOpenSSL-0.12-py2.5-win32.egg",
                "has_sig": false,
                "md5_digest": "45d679ed7d386f48d1d5dd1bc8e539cb",
                "packagetype": "bdist_egg",
                "python_version": "2.5",
                "size": 733391,
                "upload_time": "2011-04-12T01:46:10",
                "url": "https://files.pythonhosted.org/packages/c7/e2/f336e7a4229529973d71a4b21fc2f5dfe4e58db6a4a81fff01b56375b1bd/pyOpenSSL-0.12-py2.5-win32.egg"
            },
            {
                "comment_text": "",
                "digests": {
                    "md5": "e006a26f085cf6399eee86b6485eaa6d",
                    "sha256": "d935492afb98ae6e786537ce8c59275030d72dd0e03de0d115bf4574dafb13f8"
                },
                "downloads": -1,
                "filename": "pyOpenSSL-0.12-py2.6-win32.egg",
                "has_sig": false,
                "md5_digest": "e006a26f085cf6399eee86b6485eaa6d",
                "packagetype": "bdist_egg",
                "python_version": "2.6",
                "size": 726583,
                "upload_time": "2011-04-12T01:47:44",
                "url": "https://files.pythonhosted.org/packages/01/8d/66212fc9fb6ceb07069a40d2cd975ff3c9c3c9d124aa6e218d75e037163e/pyOpenSSL-0.12-py2.6-win32.egg"
            },
            {
                "comment_text": "",
                "digests": {
                    "md5": "8797b1f77437405ec2173f3646160a47",
                    "sha256": "41ecc90c1e3d206cfc99fdd35120b135efbbcc3abe153f9b0b26814975ab84c8"
                },
                "downloads": -1,
                "filename": "pyOpenSSL-0.12-py2.6-win-amd64.egg",
                "has_sig": false,
                "md5_digest": "8797b1f77437405ec2173f3646160a47",
                "packagetype": "bdist_egg",
                "python_version": "2.6",
                "size": 824955,
                "upload_time": "2011-04-13T04:23:58",
                "url": "https://files.pythonhosted.org/packages/06/64/50195580ce85c12567700317b466ba18d52a305841c969face30b78d6f49/pyOpenSSL-0.12-py2.6-win-amd64.egg"
            },
            {
                "comment_text": "",
                "digests": {
                    "md5": "c343e3833b725e060c094bbf33349349",
                    "sha256": "f6423dd5db115f7406114a9f23b0969e8558143334103fb845b52588dadee0f7"
                },
                "downloads": -1,
                "filename": "pyOpenSSL-0.12-py2.7-win32.egg",
                "has_sig": false,
                "md5_digest": "c343e3833b725e060c094bbf33349349",
                "packagetype": "bdist_egg",
                "python_version": "2.7",
                "size": 726166,
                "upload_time": "2011-04-12T01:48:00",
                "url": "https://files.pythonhosted.org/packages/f6/6b/997e84b91a909dc459e0e84768ba519aa5227db0e4c30ef01a0371206501/pyOpenSSL-0.12-py2.7-win32.egg"
            },
            {
                "comment_text": "",
                "digests": {
                    "md5": "7f0777a02614f729d8ef9627995d2705",
                    "sha256": "c0032cf98fc0463e4a80b231213fedebab4c02ade0f1593ec5646cc7ec6753da"
                },
                "downloads": -1,
                "filename": "pyOpenSSL-0.12-py3.2-win32.egg",
                "has_sig": false,
                "md5_digest": "7f0777a02614f729d8ef9627995d2705",
                "packagetype": "bdist_egg",
                "python_version": "3.2",
                "size": 781153,
                "upload_time": "2011-04-12T01:48:20",
                "url": "https://files.pythonhosted.org/packages/bb/69/21ee1b83fe70e362623f1d9fcb1c4ab1898c08ba089fed3c7e1c852960dc/pyOpenSSL-0.12-py3.2-win32.egg"
            },
            {
                "comment_text": "",
                "digests": {
                    "md5": "60a7bbb6160950823eddcbba2cbcb0d6",
                    "sha256": "4517e9630a90db09ab8fe77d4dad753d5514a5f76b65ac327a7cd5a1d1ddd8a8"
                },
                "downloads": -1,
                "filename": "pyOpenSSL-0.12.tar.gz",
                "has_sig": false,
                "md5_digest": "60a7bbb6160950823eddcbba2cbcb0d6",
                "packagetype": "sdist",
                "python_version": "source",
                "size": 236041,
                "upload_time": "2011-04-12T01:39:52",
                "url": "https://files.pythonhosted.org/packages/a3/67/0fdda7b89b71ae59332d5df685d405c8029b0be7ba85704de8d43682748f/pyOpenSSL-0.12.tar.gz"
            },
            {
                "comment_text": "",
                "digests": {
                    "md5": "a340bec6c4d1cd8a80f56ce6cdfbe5d2",
                    "sha256": "a823fee57e0c7db4bc680031e5c13f8a7a04cdc56ff25f8f6b6ba6d497d2f524"
                },
                "downloads": -1,
                "filename": "pyOpenSSL-0.12.winxp32-py2.5.msi",
                "has_sig": false,
                "md5_digest": "a340bec6c4d1cd8a80f56ce6cdfbe5d2",
                "packagetype": "bdist_msi",
                "python_version": "2.5",
                "size": 786432,
                "upload_time": "2011-04-12T01:49:07",
                "url": "https://files.pythonhosted.org/packages/ad/31/7ee444fd42ed9bf7170f38f25d5f24db539069826cf5f34af2be8ac95ff5/pyOpenSSL-0.12.winxp32-py2.5.msi"
            },
            {
                "comment_text": "",
                "digests": {
                    "md5": "9ff89287d92462d7ad1b4638746110be",
                    "sha256": "52069797c59e6bae63fa122bf85118c00fb7b53ff86d9a3c472ee42949454e0f"
                },
                "downloads": -1,
                "filename": "pyOpenSSL-0.12.winxp32-py2.6.msi",
                "has_sig": false,
                "md5_digest": "9ff89287d92462d7ad1b4638746110be",
                "packagetype": "bdist_msi",
                "python_version": "2.6",
                "size": 786432,
                "upload_time": "2011-04-12T01:49:29",
                "url": "https://files.pythonhosted.org/packages/7a/a6/7fef62c62aeb801f650f663efa87f941495ddc7a2f530a69a5f6ea16ccf0/pyOpenSSL-0.12.winxp32-py2.6.msi"
            },
            {
                "comment_text": "",
                "digests": {
                    "md5": "727f31a727cb29302d7618bf2bcb8af3",
                    "sha256": "98f7626dba8fc0944c1fb219b5e13222fc4a502297f3d538e1c6c9a3ebdfa8f9"
                },
                "downloads": -1,
                "filename": "pyOpenSSL-0.12.winxp32-py2.7.msi",
                "has_sig": false,
                "md5_digest": "727f31a727cb29302d7618bf2bcb8af3",
                "packagetype": "bdist_msi",
                "python_version": "2.7",
                "size": 786432,
                "upload_time": "2011-04-12T01:49:42",
                "url": "https://files.pythonhosted.org/packages/c9/29/fe2281325fd8c72759eed5a6310c31c48b777d2ac2301a96e7523b9f4a99/pyOpenSSL-0.12.winxp32-py2.7.msi"
            },
            {
                "comment_text": "",
                "digests": {
                    "md5": "a64f1513926c994b44e9922e56c47a84",
                    "sha256": "55e97defa18ffb8e2064b1f6dbc53f9e724a6670f04a004c0e5c02ccc0071b84"
                },
                "downloads": -1,
                "filename": "pyOpenSSL-0.12.winxp32-py3.2.msi",
                "has_sig": false,
                "md5_digest": "a64f1513926c994b44e9922e56c47a84",
                "packagetype": "bdist_msi",
                "python_version": "3.2",
                "size": 786432,
                "upload_time": "2011-04-12T01:50:02",
                "url": "https://files.pythonhosted.org/packages/71/94/729eb4d72d810651dbf9ca74537878522964a844635fdc8a5d21dac014e8/pyOpenSSL-0.12.winxp32-py3.2.msi"
            }
        ],
        "0.13": [
            {
                "comment_text": "",
                "digests": {
                    "md5": "8695c7c3d19ff6d6fb8d4d6071a880fc",
                    "sha256": "ff65dc8554ae575dded5122a65c49b4eb2a6be9cea7255a746c82f371bec2960"
                },
                "downloads": -1,
                "filename": "pyOpenSSL-0.13-py2.4-win32.egg",
                "has_sig": false,
                "md5_digest": "8695c7c3d19ff6d6fb8d4d6071a880fc",
                "packagetype": "bdist_egg",
                "python_version": "2.4",
                "size": 745688,
                "upload_time": "2011-09-04T22:40:59",
                "url": "https://files.pythonhosted.org/packages/a2/7b/7640160a63f5d141d26bfa2c26111f8df495f802b685e5607f4f52bf0a8f/pyOpenSSL-0.13-py2.4-win32.egg"
            },
            {
                "comment_text": "",
                "digests": {
                    "md5": "9f251206280201e7837c51e15c32a4e5",
                    "sha256": "ad0a8c9d04e5aceed404f772d42e117e9ce4b406e7b66e44663d39f38f69fc8b"
                },
                "downloads": -1,
                "filename": "pyOpenSSL-0.13-py2.5-win32.egg",
                "has_sig": false,
                "md5_digest": "9f251206280201e7837c51e15c32a4e5",
                "packagetype": "bdist_egg",
                "python_version": "2.5",
                "size": 744242,
                "upload_time": "2011-09-04T22:41:36",
                "url": "https://files.pythonhosted.org/packages/8c/ee/f07d0511809c9a8442295c5c0d48cd0c30406629f47770dba257d566afa4/pyOpenSSL-0.13-py2.5-win32.egg"
            },
            {
                "comment_text": "",
                "digests": {
                    "md5": "939c493e3415da166918bc86c40a945b",
                    "sha256": "bee0b7fc6ae72ef118d8443ccc31b6df179d39eadd2052c657bddbfc111dbe6b"
                },
                "downloads": -1,
                "filename": "pyOpenSSL-0.13-py2.6-win32.egg",
                "has_sig": false,
                "md5_digest": "939c493e3415da166918bc86c40a945b",
                "packagetype": "bdist_egg",
                "python_version": "2.6",
                "size": 737350,
                "upload_time": "2011-09-04T22:42:02",
                "url": "https://files.pythonhosted.org/packages/30/fc/56d6bf06e5773831e8ed314d58af73285a367cef0e48d9d595ef394a3f78/pyOpenSSL-0.13-py2.6-win32.egg"
            },
            {
                "comment_text": "",
                "digests": {
                    "md5": "e0b7b0d2cccca83ae38e11c3a105dfe4",
                    "sha256": "ed6f353b0a7fd4b18254452641557d8454adc5671af2fa460017432bd7250d84"
                },
                "downloads": -1,
                "filename": "pyOpenSSL-0.13-py2.7-win32.egg",
                "has_sig": false,
                "md5_digest": "e0b7b0d2cccca83ae38e11c3a105dfe4",
                "packagetype": "bdist_egg",
                "python_version": "2.7",
                "size": 736902,
                "upload_time": "2011-09-04T22:42:47",
                "url": "https://files.pythonhosted.org/packages/42/c6/620c224c4082810e5cc5e3223491a97c2866b7458224836c75e81c9c21b3/pyOpenSSL-0.13-py2.7-win32.egg"
            },
            {
                "comment_text": "",
                "digests": {
                    "md5": "8c21807ad495d6bdd4a729f21cc8c164",
                    "sha256": "ab45cef3452757d3df8dfa9fd303566d0937e957d3ce8c5489806705864b3f70"
                },
                "downloads": -1,
                "filename": "pyOpenSSL-0.13-py3.2-win32.egg",
                "has_sig": false,
                "md5_digest": "8c21807ad495d6bdd4a729f21cc8c164",
                "packagetype": "bdist_egg",
                "python_version": "3.2",
                "size": 796928,
                "upload_time": "2011-09-04T22:44:10",
                "url": "https://files.pythonhosted.org/packages/3a/86/58142141c8980bb53407fa55cd25f8c32b1b0dcefc30e0e4f4caece2ebc1/pyOpenSSL-0.13-py3.2-win32.egg"
            },
            {
                "comment_text": "",
                "digests": {
                    "md5": "767bca18a71178ca353dff9e10941929",
                    "sha256": "21e12b03abaa0e04ecc8cd9c251598f71bae11c9f385304234e4ea5618c6163b"
                },
                "downloads": -1,
                "filename": "pyOpenSSL-0.13.tar.gz",
                "has_sig": false,
                "md5_digest": "767bca18a71178ca353dff9e10941929",
                "packagetype": "sdist",
                "python_version": "source",
                "size": 250489,
                "upload_time": "2011-09-04T22:39:44",
                "url": "https://files.pythonhosted.org/packages/8b/20/8f4230b281a2a9d0ee9e24fd89aeded0b25d40c84b3d61100a96438e1626/pyOpenSSL-0.13.tar.gz"
            },
            {
                "comment_text": "",
                "digests": {
                    "md5": "8ae7625797c7c9a9faf76499c0ad5061",
                    "sha256": "a69e2a16abdf7085679d340fd5078b73211c42bb460fcb771be34f3ab8690256"
                },
                "downloads": -1,
                "filename": "pyOpenSSL-0.13.winxp32-py2.4.exe",
                "has_sig": false,
                "md5_digest": "8ae7625797c7c9a9faf76499c0ad5061",
                "packagetype": "bdist_wininst",
                "python_version": "2.4",
                "size": 736357,
                "upload_time": "2011-09-04T22:46:09",
                "url": "https://files.pythonhosted.org/packages/bf/5c/4d6061a5b168e663110245c0a6508faa740459c45424a204cc2513dfd82f/pyOpenSSL-0.13.winxp32-py2.4.exe"
            },
            {
                "comment_text": "",
                "digests": {
                    "md5": "b61ef0e38b6313277ca6b9c738700641",
                    "sha256": "48b337ce36c677eba7c268c2bdfef96f73153cc88c08e158268c41bf359efa21"
                },
                "downloads": -1,
                "filename": "pyOpenSSL-0.13.winxp32-py2.5.exe",
                "has_sig": false,
                "md5_digest": "b61ef0e38b6313277ca6b9c738700641",
                "packagetype": "bdist_wininst",
                "python_version": "2.5",
                "size": 736877,
                "upload_time": "2011-09-04T22:47:22",
                "url": "https://files.pythonhosted.org/packages/62/65/933a47f91459fc528d228807b64b2b75191c57f4985e32ce2c2646d95f91/pyOpenSSL-0.13.winxp32-py2.5.exe"
            },
            {
                "comment_text": "",
                "digests": {
                    "md5": "6c24249c2dc772e4bb60bbb3a139eba8",
                    "sha256": "b7949a18c07a9ce5dee54f2c0a9d0ec6b3e1f9c7c92ad016957e18399170f3ef"
                },
                "downloads": -1,
                "filename": "pyOpenSSL-0.13.winxp32-py2.5.msi",
                "has_sig": false,
                "md5_digest": "6c24249c2dc772e4bb60bbb3a139eba8",
                "packagetype": "bdist_msi",
                "python_version": "2.5",
                "size": 786432,
                "upload_time": "2011-09-04T23:05:56",
                "url": "https://files.pythonhosted.org/packages/4a/17/65402dd7eb032ba4e4460fb818bba361f16b3a864233cca24178866e5ba2/pyOpenSSL-0.13.winxp32-py2.5.msi"
            },
            {
                "comment_text": "",
                "digests": {
                    "md5": "8935156097d9396161063fba5eb7f4a5",
                    "sha256": "75a91dd072b8aef8a4c02f66557d25cc135e49f188f4cf0dab24552857712b9a"
                },
                "downloads": -1,
                "filename": "pyOpenSSL-0.13.winxp32-py2.6.exe",
                "has_sig": false,
                "md5_digest": "8935156097d9396161063fba5eb7f4a5",
                "packagetype": "bdist_wininst",
                "python_version": "2.6",
                "size": 734566,
                "upload_time": "2011-09-04T23:03:52",
                "url": "https://files.pythonhosted.org/packages/d0/77/6998a7f0069d3546fbfdccf736e88317d7ce3ebbff28abc0970a98463774/pyOpenSSL-0.13.winxp32-py2.6.exe"
            },
            {
                "comment_text": "",
                "digests": {
                    "md5": "1646faad52bcbdb56c81435a51e99bf5",
                    "sha256": "77c71deb69cfe585424c15dd2e1fd83c7a4998f5343adfe55575ed30a3696115"
                },
                "downloads": -1,
                "filename": "pyOpenSSL-0.13.winxp32-py2.6.msi",
                "has_sig": false,
                "md5_digest": "1646faad52bcbdb56c81435a51e99bf5",
                "packagetype": "bdist_msi",
                "python_version": "2.6",
                "size": 786432,
                "upload_time": "2011-09-04T23:06:55",
                "url": "https://files.pythonhosted.org/packages/39/c2/8b97afd229ff94fb49fa036e6f277823ff41b0bff4ab4310f8ea404d1e41/pyOpenSSL-0.13.winxp32-py2.6.msi"
            },
            {
                "comment_text": "",
                "digests": {
                    "md5": "3acf96ea5ed7aec880570cc6477f8507",
                    "sha256": "d726787542d4eb412ed54c06bdea8e31743f05d59c9299bc08f80505f5976f25"
                },
                "downloads": -1,
                "filename": "pyOpenSSL-0.13.winxp32-py2.7.exe",
                "has_sig": false,
                "md5_digest": "3acf96ea5ed7aec880570cc6477f8507",
                "packagetype": "bdist_wininst",
                "python_version": "2.7",
                "size": 864267,
                "upload_time": "2011-09-04T23:04:26",
                "url": "https://files.pythonhosted.org/packages/e6/c8/ba7ac0653075bbcfa4c4417a4f1ab0328bfab8f6e98512d2284478104825/pyOpenSSL-0.13.winxp32-py2.7.exe"
            },
            {
                "comment_text": "",
                "digests": {
                    "md5": "3438c0e3a87060959d7061f939c6b03d",
                    "sha256": "53561245955a121c92128006bd7172eaf21c1227af4868bdcbebbf4b9a6393fe"
                },
                "downloads": -1,
                "filename": "pyOpenSSL-0.13.winxp32-py2.7.msi",
                "has_sig": false,
                "md5_digest": "3438c0e3a87060959d7061f939c6b03d",
                "packagetype": "bdist_msi",
                "python_version": "2.7",
                "size": 786432,
                "upload_time": "2011-09-04T23:08:12",
                "url": "https://files.pythonhosted.org/packages/f8/65/4f4ad8e803c97335bf789ad19cc48a4e4b5069d779a50340b3229f24cbff/pyOpenSSL-0.13.winxp32-py2.7.msi"
            },
            {
                "comment_text": "",
                "digests": {
                    "md5": "2bb725ce9ea21ccac9999d614aac2499",
                    "sha256": "094250701e278e8d77bf3ca1cd3e1c3c8c5c6b29fe5f04c5712df4418ad6cf5b"
                },
                "downloads": -1,
                "filename": "pyOpenSSL-0.13.winxp32-py3.2.exe",
                "has_sig": false,
                "md5_digest": "2bb725ce9ea21ccac9999d614aac2499",
                "packagetype": "bdist_wininst",
                "python_version": "3.2",
                "size": 863944,
                "upload_time": "2011-09-04T23:05:15",
                "url": "https://files.pythonhosted.org/packages/b1/8b/ae7af2ff2ce7ed7ea9969357db7404d47a3cc9f06cf05316258b69e0fbbf/pyOpenSSL-0.13.winxp32-py3.2.exe"
            },
            {
                "comment_text": "",
                "digests": {
                    "md5": "2e8e10ecfcf1f007ce2503839a3a2e30",
                    "sha256": "06b3bc964980ea5905122c83f6db6b426145c506c5f61efd374ecdebe627901d"
                },
                "downloads": -1,
                "filename": "pyOpenSSL-0.13.winxp32-py3.2.msi",
                "has_sig": false,
                "md5_digest": "2e8e10ecfcf1f007ce2503839a3a2e30",
                "packagetype": "bdist_msi",
                "python_version": "3.2",
                "size": 786432,
                "upload_time": "2011-09-04T23:08:48",
                "url": "https://files.pythonhosted.org/packages/72/30/aaf5816a60ad783ebdb3b73812043332d5fe895e452fe7d61947e6983429/pyOpenSSL-0.13.winxp32-py3.2.msi"
            }
        ],
        "0.13.1": [
            {
                "comment_text": "",
                "digests": {
                    "md5": "e27a3b76734c39ea03952ca94cc56715",
                    "sha256": "ba06ec710414f6dfe5566ec24c81882547c3e6fc48458d64315b73a0d5142fdb"
                },
                "downloads": -1,
                "filename": "pyOpenSSL-0.13.1.tar.gz",
                "has_sig": false,
                "md5_digest": "e27a3b76734c39ea03952ca94cc56715",
                "packagetype": "sdist",
                "python_version": "source",
                "size": 254431,
                "upload_time": "2013-09-04T15:52:05",
                "url": "https://files.pythonhosted.org/packages/78/a2/51d260c5659b5db40af767ac3d518ba9f7c02c6d7c42cbff9c663f9c3556/pyOpenSSL-0.13.1.tar.gz"
            },
            {
                "comment_text": "",
                "digests": {
                    "md5": "b06a910fe4ef8b5921c76bbd87a2b870",
                    "sha256": "5be1bced5e9e920516ecc0b6dc62c2b64781fd3de488059e31b3a6d3707af568"
                },
                "downloads": -1,
                "filename": "pyOpenSSL-0.13.1.win32-py2.6.exe",
                "has_sig": false,
                "md5_digest": "b06a910fe4ef8b5921c76bbd87a2b870",
                "packagetype": "bdist_wininst",
                "python_version": "2.6",
                "size": 1045229,
                "upload_time": "2013-09-04T15:54:11",
                "url": "https://files.pythonhosted.org/packages/1c/20/fe9f0d5fe5c30f5b4247a853c5fa7c96d5dd93a4d8490f9238d0605e28a0/pyOpenSSL-0.13.1.win32-py2.6.exe"
            },
            {
                "comment_text": "",
                "digests": {
                    "md5": "02b016ed32fffcff56568e5834edcae6",
                    "sha256": "440c21da164cd63718e948f79e8b50dafbbd0cf2d444f60d3319360bd3ed011e"
                },
                "downloads": -1,
                "filename": "pyOpenSSL-0.13.1.win32-py2.7.exe",
                "has_sig": false,
                "md5_digest": "02b016ed32fffcff56568e5834edcae6",
                "packagetype": "bdist_wininst",
                "python_version": "2.7",
                "size": 983622,
                "upload_time": "2013-09-04T15:56:28",
                "url": "https://files.pythonhosted.org/packages/27/df/3a90829ce19d0e00a99516196e79208cf49d3de62d0f66f77a0289d04b34/pyOpenSSL-0.13.1.win32-py2.7.exe"
            },
            {
                "comment_text": "",
                "digests": {
                    "md5": "82a8adb7a1ec03c0faf0bcf5b2f4ff48",
                    "sha256": "8a8a9f891571fa32c06b34881269151b799f778c008a09d197a31be30dad08a9"
                },
                "downloads": -1,
                "filename": "pyOpenSSL-0.13.1.win32-py3.2.exe",
                "has_sig": false,
                "md5_digest": "82a8adb7a1ec03c0faf0bcf5b2f4ff48",
                "packagetype": "bdist_wininst",
                "python_version": "3.2",
                "size": 983281,
                "upload_time": "2013-09-04T15:57:15",
                "url": "https://files.pythonhosted.org/packages/77/07/751c5ecc784102adf2023ab7cda4ead0c8afd01efcd77665e8d4e8442e2d/pyOpenSSL-0.13.1.win32-py3.2.exe"
            },
            {
                "comment_text": "",
                "digests": {
                    "md5": "ecb78d6a368517f4ec20defce26216f8",
                    "sha256": "4bed91d3570abe719ecc120746cbb37becafb377532e9ecbfb4234ffad5571e5"
                },
                "downloads": -1,
                "filename": "pyOpenSSL-0.13.1.win-amd64-py2.6.exe",
                "has_sig": false,
                "md5_digest": "ecb78d6a368517f4ec20defce26216f8",
                "packagetype": "bdist_wininst",
                "python_version": "2.6",
                "size": 1152562,
                "upload_time": "2013-09-04T15:58:04",
                "url": "https://files.pythonhosted.org/packages/b1/95/6b0709f9ed89fb4c1bfc8cbac0a5f2b5593086d12cc1f8f570459aa71fdf/pyOpenSSL-0.13.1.win-amd64-py2.6.exe"
            },
            {
                "comment_text": "",
                "digests": {
                    "md5": "223cc4ab7439818ccaf1bf7f51736dc8",
                    "sha256": "6636a06ef614afa98040df33ce7bfd8b3f307a77f4727f86560cb840d4450f58"
                },
                "downloads": -1,
                "filename": "pyOpenSSL-0.13.1.win-amd64-py2.7.exe",
                "has_sig": false,
                "md5_digest": "223cc4ab7439818ccaf1bf7f51736dc8",
                "packagetype": "bdist_wininst",
                "python_version": "2.7",
                "size": 1151753,
                "upload_time": "2013-09-04T15:58:50",
                "url": "https://files.pythonhosted.org/packages/a9/3f/65276ba1b19cbd678a3f3876cd7fa739fd9fd23e2f87f08668e701b9cb60/pyOpenSSL-0.13.1.win-amd64-py2.7.exe"
            },
            {
                "comment_text": "",
                "digests": {
                    "md5": "f83f25d3a78c65253d7ac952d7c926c2",
                    "sha256": "e0803d082cd2c24cdb67917419d01ea89d9989e8efe28ade0e0d17940942cee6"
                },
                "downloads": -1,
                "filename": "pyOpenSSL-0.13.1.win-amd64-py3.2.exe",
                "has_sig": false,
                "md5_digest": "f83f25d3a78c65253d7ac952d7c926c2",
                "packagetype": "bdist_wininst",
                "python_version": "3.2",
                "size": 1152049,
                "upload_time": "2013-09-04T15:59:40",
                "url": "https://files.pythonhosted.org/packages/96/91/391cb5eb4697fff3309e7dd493f68e5de0f56e7483d4c3cc0f3a737fd2d3/pyOpenSSL-0.13.1.win-amd64-py3.2.exe"
            }
        ],
        "0.14": [
            {
                "comment_text": "",
                "digests": {
                    "md5": "8579ff3a1d858858acfba5f046a4ddf7",
                    "sha256": "a99db8e59c120138ad8a72eecedcc24b4510d2eed3ce48213b7e32f22cc4ee6e"
                },
                "downloads": -1,
                "filename": "pyOpenSSL-0.14.tar.gz",
                "has_sig": false,
                "md5_digest": "8579ff3a1d858858acfba5f046a4ddf7",
                "packagetype": "sdist",
                "python_version": "source",
                "size": 128005,
                "upload_time": "2014-02-23T13:30:25",
                "url": "https://files.pythonhosted.org/packages/db/5c/fb48e163b66532166d43a6ed5734d84f2cd2b6b87b41a3251e86695f7e79/pyOpenSSL-0.14.tar.gz"
            }
        ],
        "0.15": [
            {
                "comment_text": "",
                "digests": {
                    "md5": "f06c57bf854cf59c78e1ba0139a9d780",
                    "sha256": "5004d0331d19ce80c168d239c8bd80978aee99a7212551997fa0b130138e8f4e"
                },
                "downloads": -1,
                "filename": "pyOpenSSL-0.15-py2.py3-none-any.whl",
                "has_sig": true,
                "md5_digest": "f06c57bf854cf59c78e1ba0139a9d780",
                "packagetype": "bdist_wheel",
                "python_version": "py2.py3",
                "size": 102483,
                "upload_time": "2015-04-14T15:32:15",
                "url": "https://files.pythonhosted.org/packages/b9/ad/a1d5bf62059d02e70cb35299429b884986a2ed177e2e1fb8a1abb2c83509/pyOpenSSL-0.15-py2.py3-none-any.whl"
            },
            {
                "comment_text": "",
                "digests": {
                    "md5": "661ddf97b75320d6004a56160a4a8578",
                    "sha256": "0ee24026a809440435dbe56559cff7dfebb33934d46aacd4797722f617a5353b"
                },
                "downloads": -1,
                "filename": "pyOpenSSL-0.15.tar.gz",
                "has_sig": true,
                "md5_digest": "661ddf97b75320d6004a56160a4a8578",
                "packagetype": "sdist",
                "python_version": "source",
                "size": 149563,
                "upload_time": "2015-04-14T15:32:18",
                "url": "https://files.pythonhosted.org/packages/3a/c1/6582bca6b910848d36556e47e00408c28c53df2c846d76f04cb033718f37/pyOpenSSL-0.15.tar.gz"
            }
        ],
        "0.15.1": [
            {
                "comment_text": "",
                "digests": {
                    "md5": "8ca6d74b42df1e3178e59e9b08746d77",
                    "sha256": "88e45e6bb25dfed272a1ef2e728461d44b634c2cd689e989b6e56a349c5a3ae5"
                },
                "downloads": -1,
                "filename": "pyOpenSSL-0.15.1-py2.py3-none-any.whl",
                "has_sig": true,
                "md5_digest": "8ca6d74b42df1e3178e59e9b08746d77",
                "packagetype": "bdist_wheel",
                "python_version": "py2.py3",
                "size": 102627,
                "upload_time": "2015-04-14T23:04:12",
                "url": "https://files.pythonhosted.org/packages/37/2f/840f2656e4bcf257cb814825bb751a9197ca6f39f1fa036ab111920ac7ef/pyOpenSSL-0.15.1-py2.py3-none-any.whl"
            },
            {
                "comment_text": "",
                "digests": {
                    "md5": "f447644afcbd5f0a1f47350fec63a4c6",
                    "sha256": "f0a26070d6db0881de8bcc7846934b7c3c930d8f9c79d45883ee48984bc0d672"
                },
                "downloads": -1,
                "filename": "pyOpenSSL-0.15.1.tar.gz",
                "has_sig": true,
                "md5_digest": "f447644afcbd5f0a1f47350fec63a4c6",
                "packagetype": "sdist",
                "python_version": "source",
                "size": 149887,
                "upload_time": "2015-04-14T23:04:16",
                "url": "https://files.pythonhosted.org/packages/d4/09/002de9a836046ae1f1842e20eb7561c5b983862dd1567103e15702928a5f/pyOpenSSL-0.15.1.tar.gz"
            }
        ],
        "0.6": [
            {
                "comment_text": "",
                "digests": {
                    "md5": "af67fda6d2125cae9c56ee50430a40c7",
                    "sha256": "58ee9dd10fbd97d65347626f60a38aafdcb05d19ad90c883c4284266ba7ec959"
                },
                "downloads": -1,
                "filename": "pyOpenSSL-0.6.tar.gz",
                "has_sig": false,
                "md5_digest": "af67fda6d2125cae9c56ee50430a40c7",
                "packagetype": "sdist",
                "python_version": "source",
                "size": 284949,
                "upload_time": "2008-06-04T16:13:56",
                "url": "https://files.pythonhosted.org/packages/2d/db/367a0acaf673ae866e845201136404f050c93d959130523bcb4f73d9417a/pyOpenSSL-0.6.tar.gz"
            }
        ],
        "0.7": [
            {
                "comment_text": "",
                "digests": {
                    "md5": "1924edc58c1e99f27763971d9959ea15",
                    "sha256": "7d53b7277771f21efb7775bedbaa6f72f5509423e16d08b62e3328b3991db255"
                },
                "downloads": -1,
                "filename": "pyOpenSSL-0.7.tar.gz",
                "has_sig": false,
                "md5_digest": "1924edc58c1e99f27763971d9959ea15",
                "packagetype": "sdist",
                "python_version": "source",
                "size": 189022,
                "upload_time": "2008-04-11T19:49:06",
                "url": "https://files.pythonhosted.org/packages/d2/3d/0a364317a29e68f2d22c82478f19e446fee8e6c50c37208fbd05020e827c/pyOpenSSL-0.7.tar.gz"
            }
        ],
        "0.8": [
            {
                "comment_text": "",
                "digests": {
                    "md5": "c1d86fdeb0cfd33dd42aa243c6a41f5e",
                    "sha256": "442c6cb03e2d0f06bbc74501897bb0613491786cf60cd48c15bc653e833126fd"
                },
                "downloads": -1,
                "filename": "pyOpenSSL-0.8.tar.gz",
                "has_sig": false,
                "md5_digest": "c1d86fdeb0cfd33dd42aa243c6a41f5e",
                "packagetype": "sdist",
                "python_version": "source",
                "size": 193036,
                "upload_time": "2008-12-29T03:17:50",
                "url": "https://files.pythonhosted.org/packages/c4/fd/b43e581f822de59682e3ba451eb3a381a3100d4a1a701dea21634b50fd10/pyOpenSSL-0.8.tar.gz"
            }
        ],
        "0.9": [
            {
                "comment_text": "",
                "digests": {
                    "md5": "5bf282b2d6a03af921920c34079580f2",
                    "sha256": "7089f1d47ce74480325411d34a31e3747175980889d99d2e1180f16d123251ab"
                },
                "downloads": -1,
                "filename": "pyOpenSSL-0.9.tar.gz",
                "has_sig": false,
                "md5_digest": "5bf282b2d6a03af921920c34079580f2",
                "packagetype": "sdist",
                "python_version": "source",
                "size": 197981,
                "upload_time": "2009-04-25T15:23:34",
                "url": "https://files.pythonhosted.org/packages/15/2f/538fa04b0442c7a0c98c356fa545ac0419e2159c029a460de37dea109af9/pyOpenSSL-0.9.tar.gz"
            },
            {
                "comment_text": "",
                "digests": {
                    "md5": "f5f39048dd5f05375f9a8198fe993fcc",
                    "sha256": "c612b9816af359d1482446a069c556235bd0c0351a72cc9943b65b6a3a6ec48f"
                },
                "downloads": -1,
                "filename": "pyOpenSSL-0.9.win32-py2.6.exe",
                "has_sig": false,
                "md5_digest": "f5f39048dd5f05375f9a8198fe993fcc",
                "packagetype": "bdist_wininst",
                "python_version": "2.6",
                "size": 726224,
                "upload_time": "2009-05-13T01:35:01",
                "url": "https://files.pythonhosted.org/packages/36/39/80c6b641c40436ad4aa93b46f5f11dd6f418a2b78621198eba51a086a41c/pyOpenSSL-0.9.win32-py2.6.exe"
            }
        ],
        "16.0.0": [
            {
                "comment_text": "",
                "digests": {
                    "md5": "40b81d9372700b6bf97bff050a64bc31",
                    "sha256": "5add70cf00273bf957ca31fdb0df9b0ae4639e081897d5f86a0ae1f104901230"
                },
                "downloads": -1,
                "filename": "pyOpenSSL-16.0.0-py2.py3-none-any.whl",
                "has_sig": true,
                "md5_digest": "40b81d9372700b6bf97bff050a64bc31",
                "packagetype": "bdist_wheel",
                "python_version": "py2.py3",
                "size": 45046,
                "upload_time": "2016-03-19T10:42:39",
                "url": "https://files.pythonhosted.org/packages/b1/4e/54c8995d2de887919272c2b711cd430277ec33e0f7bb88cb564244c102b6/pyOpenSSL-16.0.0-py2.py3-none-any.whl"
            },
            {
                "comment_text": "",
                "digests": {
                    "md5": "9587d813dcf656e9f2760e41a3682dc3",
                    "sha256": "363d10ee43d062285facf4e465f4f5163f9f702f9134f0a5896f134cbb92d17d"
                },
                "downloads": -1,
                "filename": "pyOpenSSL-16.0.0.tar.gz",
                "has_sig": true,
                "md5_digest": "9587d813dcf656e9f2760e41a3682dc3",
                "packagetype": "sdist",
                "python_version": "source",
                "size": 171929,
                "upload_time": "2016-03-19T10:44:31",
                "url": "https://files.pythonhosted.org/packages/77/f2/bccec75ca4280a9fa762a90a1b8b152a22eac5d9c726d7da1fcbfe0a20e6/pyOpenSSL-16.0.0.tar.gz"
            }
        ],
        "16.1.0": [
            {
                "comment_text": "",
                "digests": {
                    "md5": "c1c776d373a2b6aea1cff47adcd22bcc",
                    "sha256": "13a0d85cb44b2b20117b1ff51b3bce4947972f2f5e5e705a2f9d616457f127ca"
                },
                "downloads": -1,
                "filename": "pyOpenSSL-16.1.0-py2.py3-none-any.whl",
                "has_sig": false,
                "md5_digest": "c1c776d373a2b6aea1cff47adcd22bcc",
                "packagetype": "bdist_wheel",
                "python_version": "py2.py3",
                "size": 43962,
                "upload_time": "2016-08-26T10:10:11",
                "url": "https://files.pythonhosted.org/packages/51/ae/930a017b1809e3c1c9da0e4d05ef018535249a125682e4e5d718f0d2e1cd/pyOpenSSL-16.1.0-py2.py3-none-any.whl"
            },
            {
                "comment_text": "",
                "digests": {
                    "md5": "d8100b0c333f0eeadaf05914da8792a6",
                    "sha256": "88f7ada2a71daf2c78a4f139b19d57551b4c8be01f53a1cb5c86c2f3bf01355f"
                },
                "downloads": -1,
                "filename": "pyOpenSSL-16.1.0.tar.gz",
                "has_sig": false,
                "md5_digest": "d8100b0c333f0eeadaf05914da8792a6",
                "packagetype": "sdist",
                "python_version": "source",
                "size": 166917,
                "upload_time": "2016-08-26T10:10:14",
                "url": "https://files.pythonhosted.org/packages/15/1e/79c75db50e57350a7cefb70b110255757e9abd380a50ebdc0cfd853b7450/pyOpenSSL-16.1.0.tar.gz"
            }
        ],
        "16.2.0": [
            {
                "comment_text": "",
                "digests": {
                    "md5": "7c87cf718171f736f29d1becb4c7b7a5",
                    "sha256": "26ca380ddf272f7556e48064bbcd5bd71f83dfc144f3583501c7ddbd9434ee17"
                },
                "downloads": -1,
                "filename": "pyOpenSSL-16.2.0-py2.py3-none-any.whl",
                "has_sig": false,
                "md5_digest": "7c87cf718171f736f29d1becb4c7b7a5",
                "packagetype": "bdist_wheel",
                "python_version": "py2.py3",
                "size": 43918,
                "upload_time": "2016-10-15T13:16:20",
                "url": "https://files.pythonhosted.org/packages/ac/93/b4cd538d31adacd07f83013860db6b88d78755af1f3fefe68ec22d397e7b/pyOpenSSL-16.2.0-py2.py3-none-any.whl"
            },
            {
                "comment_text": "",
                "digests": {
                    "md5": "6635503758c65ea6f70d18d1b18e46d5",
                    "sha256": "7779a3bbb74e79db234af6a08775568c6769b5821faecf6e2f4143edb227516e"
                },
                "downloads": -1,
                "filename": "pyOpenSSL-16.2.0.tar.gz",
                "has_sig": false,
                "md5_digest": "6635503758c65ea6f70d18d1b18e46d5",
                "packagetype": "sdist",
                "python_version": "source",
                "size": 167305,
                "upload_time": "2016-10-15T13:16:25",
                "url": "https://files.pythonhosted.org/packages/0c/d6/b1fe519846a21614fa4f8233361574eddb223e0bc36b182140d916acfb3b/pyOpenSSL-16.2.0.tar.gz"
            }
        ],
        "17.0.0": [
            {
                "comment_text": "",
                "digests": {
                    "md5": "16f2282d0120962596b9fac334498e4e",
                    "sha256": "0f78204fc2e128dd65ceca25b9f41cb0132e7cf690600f0ef43eddd023d7ec72"
                },
                "downloads": -1,
                "filename": "pyOpenSSL-17.0.0-py2.py3-none-any.whl",
                "has_sig": true,
                "md5_digest": "16f2282d0120962596b9fac334498e4e",
                "packagetype": "bdist_wheel",
                "python_version": "py2.py3",
                "size": 51687,
                "upload_time": "2017-04-20T11:33:07",
                "url": "https://files.pythonhosted.org/packages/8c/b7/0048adbf09ad93f571e70fb3100e696d4711cdcbfe38161690d716a5ed35/pyOpenSSL-17.0.0-py2.py3-none-any.whl"
            },
            {
                "comment_text": "",
                "digests": {
                    "md5": "0704ca95106960375cfe78259453094a",
                    "sha256": "48abfe9d2bb8eb8d8947c8452b0223b7b1be2383b332f3b4f248fe59ef0bafdd"
                },
                "downloads": -1,
                "filename": "pyOpenSSL-17.0.0.tar.gz",
                "has_sig": true,
                "md5_digest": "0704ca95106960375cfe78259453094a",
                "packagetype": "sdist",
                "python_version": "source",
                "size": 167121,
                "upload_time": "2017-04-20T11:33:09",
                "url": "https://files.pythonhosted.org/packages/9f/32/80fe4fddeb731b7766cd09fe0b2032a91b43dae655e216792af2a6ae3190/pyOpenSSL-17.0.0.tar.gz"
            }
        ],
        "17.1.0": [
            {
                "comment_text": "",
                "digests": {
                    "md5": "16d9f8da3f12f89e045039887eabdd9b",
                    "sha256": "cc21d1dcc5c4413281c59f912975209999ffb8b091b03872d2516e60be512290"
                },
                "downloads": -1,
                "filename": "pyOpenSSL-17.1.0-py2.py3-none-any.whl",
                "has_sig": true,
                "md5_digest": "16d9f8da3f12f89e045039887eabdd9b",
                "packagetype": "bdist_wheel",
                "python_version": "py2.py3",
                "size": 53486,
                "upload_time": "2017-06-30T15:39:52",
                "url": "https://files.pythonhosted.org/packages/d0/39/7730559b75b565fd6983d857776fcb4982afb0e8faddb06170e59b62b41c/pyOpenSSL-17.1.0-py2.py3-none-any.whl"
            },
            {
                "comment_text": "",
                "digests": {
                    "md5": "19fcc38b77fc17f494f671c8ae04b40f",
                    "sha256": "5a20a51d35104cd234d056861ace3e7a335aaf1f47fc96726c9e20ac1dc49563"
                },
                "downloads": -1,
                "filename": "pyOpenSSL-17.1.0.tar.gz",
                "has_sig": true,
                "md5_digest": "19fcc38b77fc17f494f671c8ae04b40f",
                "packagetype": "sdist",
                "python_version": "source",
                "size": 170669,
                "upload_time": "2017-06-30T15:39:54",
                "url": "https://files.pythonhosted.org/packages/4b/13/5521fdbfe26e0aa4aa04b9133c0dd5450a50e4aee5be44461d448e57560e/pyOpenSSL-17.1.0.tar.gz"
            }
        ],
        "17.2.0": [
            {
                "comment_text": "",
                "digests": {
                    "md5": "0f8a4b784b681231f03edc8dd28612df",
                    "sha256": "c8959e441c2d85d646f3d6e9024ec02b2fc8dda92596e44ce3460b3a476bc694"
                },
                "downloads": -1,
                "filename": "pyOpenSSL-17.2.0-py2.py3-none-any.whl",
                "has_sig": true,
                "md5_digest": "0f8a4b784b681231f03edc8dd28612df",
                "packagetype": "bdist_wheel",
                "python_version": "py2.py3",
                "size": 52643,
                "upload_time": "2017-07-20T09:51:23",
                "url": "https://files.pythonhosted.org/packages/41/bd/751560b317222ba6b6d2e7663a990ac36465aaa026621c6057db130e2faf/pyOpenSSL-17.2.0-py2.py3-none-any.whl"
            },
            {
                "comment_text": "",
                "digests": {
                    "md5": "0487dc11d28d78267e3063d5c2bb2e15",
                    "sha256": "5d617ce36b07c51f330aa63b83bf7f25c40a0e95958876d54d1982f8c91b4834"
                },
                "downloads": -1,
                "filename": "pyOpenSSL-17.2.0.tar.gz",
                "has_sig": true,
                "md5_digest": "0487dc11d28d78267e3063d5c2bb2e15",
                "packagetype": "sdist",
                "python_version": "source",
                "size": 170816,
                "upload_time": "2017-07-20T09:51:25",
                "url": "https://files.pythonhosted.org/packages/b0/9e/7088f6165c40c46416aff434eb806c1d64ad6ec6dbc201f5ad4d0484704e/pyOpenSSL-17.2.0.tar.gz"
            }
        ],
        "17.3.0": [
            {
                "comment_text": "",
                "digests": {
                    "md5": "4217027ddfa4182d7f3b425d0b5eac92",
                    "sha256": "aade9985b93eaec51b0c0a2a60d14bb8dcff1ff8e36fe542e3c22812ec07315e"
                },
                "downloads": -1,
                "filename": "pyOpenSSL-17.3.0-py2.py3-none-any.whl",
                "has_sig": true,
                "md5_digest": "4217027ddfa4182d7f3b425d0b5eac92",
                "packagetype": "bdist_wheel",
                "python_version": "py2.py3",
                "size": 51199,
                "upload_time": "2017-09-14T02:58:00",
                "url": "https://files.pythonhosted.org/packages/24/37/89bf12e53f1d27e8b2c8e5f8f9c7a958a3905f6916a9294a57a9d83fa165/pyOpenSSL-17.3.0-py2.py3-none-any.whl"
            },
            {
                "comment_text": "",
                "digests": {
                    "md5": "09dcd307b8d2068f9dd5aaa3a3a88992",
                    "sha256": "29630b9064a82e04d8242ea01d7c93d70ec320f5e3ed48e95fcabc6b1d0f6c76"
                },
                "downloads": -1,
                "filename": "pyOpenSSL-17.3.0.tar.gz",
                "has_sig": true,
                "md5_digest": "09dcd307b8d2068f9dd5aaa3a3a88992",
                "packagetype": "sdist",
                "python_version": "source",
                "size": 168119,
                "upload_time": "2017-09-14T02:58:04",
                "url": "https://files.pythonhosted.org/packages/ee/6a/cd78737dd990297205943cc4dcad3d3c502807fd2c5b18c5f33dc90ca214/pyOpenSSL-17.3.0.tar.gz"
            }
        ],
        "17.4.0": [
            {
                "comment_text": "",
                "digests": {
                    "md5": "0b7fbe0d6b9b07e8827290bfc939aace",
                    "sha256": "b8a8797c50598da10526511a4a9b992b155932f86dde509906c8bee3a705b480"
                },
                "downloads": -1,
                "filename": "pyOpenSSL-17.4.0-py2.py3-none-any.whl",
                "has_sig": true,
                "md5_digest": "0b7fbe0d6b9b07e8827290bfc939aace",
                "packagetype": "bdist_wheel",
                "python_version": "py2.py3",
                "size": 52356,
                "upload_time": "2017-11-22T00:36:36",
                "url": "https://files.pythonhosted.org/packages/b7/45/0b83f445994da6ff803d7c3a5fa016afda3c965d0c48dafa8e0264a554e7/pyOpenSSL-17.4.0-py2.py3-none-any.whl"
            },
            {
                "comment_text": "",
                "digests": {
                    "md5": "3abf7e09c38cb6d1019ef62ce7d1b1b2",
                    "sha256": "2d96b6a3d768bf466c56240d6dd6f035cc8e9c356d20da0583886e77ce9cf6ab"
                },
                "downloads": -1,
                "filename": "pyOpenSSL-17.4.0.tar.gz",
                "has_sig": true,
                "md5_digest": "3abf7e09c38cb6d1019ef62ce7d1b1b2",
                "packagetype": "sdist",
                "python_version": "source",
                "size": 169362,
                "upload_time": "2017-11-22T00:36:43",
                "url": "https://files.pythonhosted.org/packages/41/63/8759b18f0a240e91a24029e7da7c4a95ab75bca9028b02635ae0a9723c23/pyOpenSSL-17.4.0.tar.gz"
            }
        ],
        "17.5.0": [
            {
                "comment_text": "",
                "digests": {
                    "md5": "487aa7248e7389c2abd05c212cf6872a",
                    "sha256": "07a2de1a54de07448732a81e38a55df7da109b2f47f599f8bb35b0cbec69d4bd"
                },
                "downloads": -1,
                "filename": "pyOpenSSL-17.5.0-py2.py3-none-any.whl",
                "has_sig": true,
                "md5_digest": "487aa7248e7389c2abd05c212cf6872a",
                "packagetype": "bdist_wheel",
                "python_version": "py2.py3",
                "size": 53583,
                "upload_time": "2017-12-01T02:18:36",
                "url": "https://files.pythonhosted.org/packages/79/db/7c0cfe4aa8341a5fab4638952520d8db6ab85ff84505e12c00ea311c3516/pyOpenSSL-17.5.0-py2.py3-none-any.whl"
            },
            {
                "comment_text": "",
                "digests": {
                    "md5": "d9c5134db8bf3183573b7840954cac94",
                    "sha256": "2c10cfba46a52c0b0950118981d61e72c1e5b1aac451ca1bc77de1a679456773"
                },
                "downloads": -1,
                "filename": "pyOpenSSL-17.5.0.tar.gz",
                "has_sig": true,
                "md5_digest": "d9c5134db8bf3183573b7840954cac94",
                "packagetype": "sdist",
                "python_version": "source",
                "size": 170870,
                "upload_time": "2017-12-01T02:18:56",
                "url": "https://files.pythonhosted.org/packages/3b/15/a5d90ab1a41075e8f0fae334f13452549528f82142b3b9d0c9d86ab7178c/pyOpenSSL-17.5.0.tar.gz"
            }
        ],
        "18.0.0": [
            {
                "comment_text": "",
                "digests": {
                    "md5": "3feb16d1d2bc3ed621f40119f0a6489b",
                    "sha256": "26ff56a6b5ecaf3a2a59f132681e2a80afcc76b4f902f612f518f92c2a1bf854"
                },
                "downloads": -1,
                "filename": "pyOpenSSL-18.0.0-py2.py3-none-any.whl",
                "has_sig": false,
                "md5_digest": "3feb16d1d2bc3ed621f40119f0a6489b",
                "packagetype": "bdist_wheel",
                "python_version": "py2.py3",
                "size": 53061,
                "upload_time": "2018-05-16T19:15:55",
                "url": "https://files.pythonhosted.org/packages/96/af/9d29e6bd40823061aea2e0574ccb2fcf72bfd6130ce53d32773ec375458c/pyOpenSSL-18.0.0-py2.py3-none-any.whl"
            },
            {
                "comment_text": "",
                "digests": {
                    "md5": "c92e9c85b520b7e153fef0f7f3c5dda7",
                    "sha256": "6488f1423b00f73b7ad5167885312bb0ce410d3312eb212393795b53c8caa580"
                },
                "downloads": -1,
                "filename": "pyOpenSSL-18.0.0.tar.gz",
                "has_sig": false,
                "md5_digest": "c92e9c85b520b7e153fef0f7f3c5dda7",
                "packagetype": "sdist",
                "python_version": "source",
                "size": 167296,
                "upload_time": "2018-05-16T19:15:56",
                "url": "https://files.pythonhosted.org/packages/9b/7c/ee600b2a9304d260d96044ab5c5e57aa489755b92bbeb4c0803f9504f480/pyOpenSSL-18.0.0.tar.gz"
            }
        ]
    },
    "urls": [
        {
            "comment_text": "",
            "digests": {
                "md5": "3feb16d1d2bc3ed621f40119f0a6489b",
                "sha256": "26ff56a6b5ecaf3a2a59f132681e2a80afcc76b4f902f612f518f92c2a1bf854"
            },
            "downloads": -1,
            "filename": "pyOpenSSL-18.0.0-py2.py3-none-any.whl",
            "has_sig": false,
            "md5_digest": "3feb16d1d2bc3ed621f40119f0a6489b",
            "packagetype": "bdist_wheel",
            "python_version": "py2.py3",
            "size": 53061,
            "upload_time": "2018-05-16T19:15:55",
            "url": "https://files.pythonhosted.org/packages/96/af/9d29e6bd40823061aea2e0574ccb2fcf72bfd6130ce53d32773ec375458c/pyOpenSSL-18.0.0-py2.py3-none-any.whl"
        },
        {
            "comment_text": "",
            "digests": {
                "md5": "c92e9c85b520b7e153fef0f7f3c5dda7",
                "sha256": "6488f1423b00f73b7ad5167885312bb0ce410d3312eb212393795b53c8caa580"
            },
            "downloads": -1,
            "filename": "pyOpenSSL-18.0.0.tar.gz",
            "has_sig": false,
            "md5_digest": "c92e9c85b520b7e153fef0f7f3c5dda7",
            "packagetype": "sdist",
            "python_version": "source",
            "size": 167296,
            "upload_time": "2018-05-16T19:15:56",
            "url": "https://files.pythonhosted.org/packages/9b/7c/ee600b2a9304d260d96044ab5c5e57aa489755b92bbeb4c0803f9504f480/pyOpenSSL-18.0.0.tar.gz"
        }
    ],
    "package_name": "pyopenssl"
}