{
    "info": {
        "author": "Holger Krekel, Bruno Oliveira, Ronny Pfannschmidt, Floris Bruynooghe, Brianna Laugher, Florian Bruhin and others",
        "author_email": "",
        "bugtrack_url": "https://github.com/pytest-dev/pytest/issues",
        "classifiers": [
            "Development Status :: 6 - Mature",
            "Intended Audience :: Developers",
            "License :: OSI Approved :: MIT License",
            "Operating System :: MacOS :: MacOS X",
            "Operating System :: Microsoft :: Windows",
            "Operating System :: POSIX",
            "Programming Language :: Python :: 2",
            "Programming Language :: Python :: 2.7",
            "Programming Language :: Python :: 3",
            "Programming Language :: Python :: 3.4",
            "Programming Language :: Python :: 3.5",
            "Programming Language :: Python :: 3.6",
            "Programming Language :: Python :: 3.7",
            "Topic :: Software Development :: Libraries",
            "Topic :: Software Development :: Testing",
            "Topic :: Utilities"
        ],
        "description": ".. image:: http://docs.pytest.org/en/latest/_static/pytest1.png\n   :target: http://docs.pytest.org\n   :align: center\n   :alt: pytest\n\n------\n\n.. image:: https://img.shields.io/pypi/v/pytest.svg\n    :target: https://pypi.org/project/pytest/\n\n.. image:: https://img.shields.io/conda/vn/conda-forge/pytest.svg\n    :target: https://anaconda.org/conda-forge/pytest\n\n.. image:: https://img.shields.io/pypi/pyversions/pytest.svg\n    :target: https://pypi.org/project/pytest/\n\n.. image:: https://img.shields.io/coveralls/pytest-dev/pytest/master.svg\n    :target: https://coveralls.io/r/pytest-dev/pytest\n\n.. image:: https://travis-ci.org/pytest-dev/pytest.svg?branch=master\n    :target: https://travis-ci.org/pytest-dev/pytest\n\n.. image:: https://ci.appveyor.com/api/projects/status/mrgbjaua7t33pg6b?svg=true\n    :target: https://ci.appveyor.com/project/pytestbot/pytest\n\n.. image:: https://www.codetriage.com/pytest-dev/pytest/badges/users.svg\n    :target: https://www.codetriage.com/pytest-dev/pytest\n\nThe ``pytest`` framework makes it easy to write small tests, yet\nscales to support complex functional testing for applications and libraries.\n\nAn example of a simple test:\n\n.. code-block:: python\n\n    # content of test_sample.py\n    def inc(x):\n        return x + 1\n\n    def test_answer():\n        assert inc(3) == 5\n\n\nTo execute it::\n\n    $ pytest\n    ============================= test session starts =============================\n    collected 1 items\n\n    test_sample.py F\n\n    ================================== FAILURES ===================================\n    _________________________________ test_answer _________________________________\n\n        def test_answer():\n    >       assert inc(3) == 5\n    E       assert 4 == 5\n    E        +  where 4 = inc(3)\n\n    test_sample.py:5: AssertionError\n    ========================== 1 failed in 0.04 seconds ===========================\n\n\nDue to ``pytest``'s detailed assertion introspection, only plain ``assert`` statements are used. See `getting-started <http://docs.pytest.org/en/latest/getting-started.html#our-first-test-run>`_ for more examples.\n\n\nFeatures\n--------\n\n- Detailed info on failing `assert statements <http://docs.pytest.org/en/latest/assert.html>`_ (no need to remember ``self.assert*`` names);\n\n- `Auto-discovery\n  <http://docs.pytest.org/en/latest/goodpractices.html#python-test-discovery>`_\n  of test modules and functions;\n\n- `Modular fixtures <http://docs.pytest.org/en/latest/fixture.html>`_ for\n  managing small or parametrized long-lived test resources;\n\n- Can run `unittest <http://docs.pytest.org/en/latest/unittest.html>`_ (or trial),\n  `nose <http://docs.pytest.org/en/latest/nose.html>`_ test suites out of the box;\n\n- Python 2.7, Python 3.4+, PyPy 2.3, Jython 2.5 (untested);\n\n- Rich plugin architecture, with over 315+ `external plugins <http://plugincompat.herokuapp.com>`_ and thriving community;\n\n\nDocumentation\n-------------\n\nFor full documentation, including installation, tutorials and PDF documents, please see http://docs.pytest.org.\n\n\nBugs/Requests\n-------------\n\nPlease use the `GitHub issue tracker <https://github.com/pytest-dev/pytest/issues>`_ to submit bugs or request features.\n\n\nChangelog\n---------\n\nConsult the `Changelog <http://docs.pytest.org/en/latest/changelog.html>`__ page for fixes and enhancements of each version.\n\n\nLicense\n-------\n\nCopyright Holger Krekel and others, 2004-2017.\n\nDistributed under the terms of the `MIT`_ license, pytest is free and open source software.\n\n.. _`MIT`: https://github.com/pytest-dev/pytest/blob/master/LICENSE\n\n\n",
        "description_content_type": "",
        "docs_url": null,
        "download_url": "",
        "downloads": {
            "last_day": -1,
            "last_month": -1,
            "last_week": -1
        },
        "home_page": "http://pytest.org",
        "keywords": "test unittest",
        "license": "MIT license",
        "maintainer": "",
        "maintainer_email": "",
        "name": "pytest",
        "package_url": "https://pypi.org/project/pytest/",
        "platform": "unix",
        "project_url": "https://pypi.org/project/pytest/",
        "release_url": "https://pypi.org/project/pytest/3.6.0/",
        "requires_dist": [
            "colorama; sys_platform == \"win32\"",
            "funcsigs; python_version < \"3.0\"",
            "pluggy (<0.7,>=0.5)",
            "atomicwrites (>=1.0)",
            "more-itertools (>=4.0.0)",
            "attrs (>=17.4.0)",
            "setuptools",
            "six (>=1.10.0)",
            "py (>=1.5.0)"
        ],
        "requires_python": ">=2.7, !=3.0.*, !=3.1.*, !=3.2.*, !=3.3.*",
        "summary": "pytest: simple powerful testing with Python",
        "version": "3.6.0"
    },
    "last_serial": 3890900,
    "releases": {
        "2.0.0": [
            {
                "comment_text": "",
                "digests": {
                    "md5": "f07c521dfd5a540f3dfea1846e58dab7",
                    "sha256": "3f83058ac9076112098392ed528e513d2bd74745a39dea97658b5499d7773151"
                },
                "downloads": -1,
                "filename": "pytest-2.0.0.zip",
                "has_sig": false,
                "md5_digest": "f07c521dfd5a540f3dfea1846e58dab7",
                "packagetype": "sdist",
                "python_version": "source",
                "size": 245166,
                "upload_time": "2010-11-25T21:00:27",
                "url": "https://files.pythonhosted.org/packages/b0/fc/5770d93a928ed76118eb21450307d065cbb6f359bdb11aebbef4e1ce93d3/pytest-2.0.0.zip"
            }
        ],
        "2.0.1": [
            {
                "comment_text": "",
                "digests": {
                    "md5": "0667d82556db906a7429171589d95e4d",
                    "sha256": "8d67d59946149ac1d679c5c7f5a6fe35c448bff49bfad1c1a1887ee3b0d81ce8"
                },
                "downloads": -1,
                "filename": "pytest-2.0.1.zip",
                "has_sig": false,
                "md5_digest": "0667d82556db906a7429171589d95e4d",
                "packagetype": "sdist",
                "python_version": "source",
                "size": 252300,
                "upload_time": "2011-02-07T11:47:14",
                "url": "https://files.pythonhosted.org/packages/ea/96/229f49c3ab4a74ab8043f31a57e61cfa6b4d6493bacc55c0508d4b83d999/pytest-2.0.1.zip"
            }
        ],
        "2.0.2": [
            {
                "comment_text": "",
                "digests": {
                    "md5": "ed1b80b4b9975401d3bd62bf309874f4",
                    "sha256": "9b29dc0f81c7fcba3ce5154408e948d783e35ace39b514f093f2b83bcf35c48f"
                },
                "downloads": -1,
                "filename": "pytest-2.0.2.zip",
                "has_sig": false,
                "md5_digest": "ed1b80b4b9975401d3bd62bf309874f4",
                "packagetype": "sdist",
                "python_version": "source",
                "size": 256675,
                "upload_time": "2011-03-09T14:00:38",
                "url": "https://files.pythonhosted.org/packages/a8/54/6053d8b9f5c5f3db9d9e368493f831d1ca9ff54a1d60d27265eba38daf7c/pytest-2.0.2.zip"
            }
        ],
        "2.0.3": [
            {
                "comment_text": "",
                "digests": {
                    "md5": "0e4fe2865a7cf9f86a2aaffd3d72ebbd",
                    "sha256": "b387aaae6df6be8a37f4e9ffcb2ca04836f5b130c11f1297f93f487a3261e692"
                },
                "downloads": -1,
                "filename": "pytest-2.0.3.zip",
                "has_sig": false,
                "md5_digest": "0e4fe2865a7cf9f86a2aaffd3d72ebbd",
                "packagetype": "sdist",
                "python_version": "source",
                "size": 259712,
                "upload_time": "2011-04-17T23:15:43",
                "url": "https://files.pythonhosted.org/packages/35/a0/6f9c4a8f234a4499636715aeb740aaae93fea67c72e53f9183e52da3ec97/pytest-2.0.3.zip"
            }
        ],
        "2.1.0": [
            {
                "comment_text": "",
                "digests": {
                    "md5": "85e70de34628a3412309dddad63c21ce",
                    "sha256": "274e88b0b3d028fee22472f7edd7ff1d390e79cde04e2f90404b7a6e447030e6"
                },
                "downloads": -1,
                "filename": "pytest-2.1.0.zip",
                "has_sig": false,
                "md5_digest": "85e70de34628a3412309dddad63c21ce",
                "packagetype": "sdist",
                "python_version": "source",
                "size": 284897,
                "upload_time": "2011-07-09T11:58:19",
                "url": "https://files.pythonhosted.org/packages/62/02/ed84951d1697a20e371d37e1756e468ebef1fcfcaddadeb1efcc5d993464/pytest-2.1.0.zip"
            }
        ],
        "2.1.1": [
            {
                "comment_text": "",
                "digests": {
                    "md5": "f41ca8e05d351fcbaf34a60a2311f764",
                    "sha256": "80a3837db680adbafd23e0005d40d781153dd1e8ec62ee406d50911ed0874155"
                },
                "downloads": -1,
                "filename": "pytest-2.1.1.zip",
                "has_sig": false,
                "md5_digest": "f41ca8e05d351fcbaf34a60a2311f764",
                "packagetype": "sdist",
                "python_version": "source",
                "size": 288420,
                "upload_time": "2011-08-20T19:24:41",
                "url": "https://files.pythonhosted.org/packages/11/e5/8abc69776104febe83438d1628761d67ea6bee5e7e25f23fe2de9d87063b/pytest-2.1.1.zip"
            }
        ],
        "2.1.2": [
            {
                "comment_text": "",
                "digests": {
                    "md5": "e75a115a38898636c2ce8bbe0e492760",
                    "sha256": "91176cf53655a6b8eaede4be9071fc3b6aa9549a4f23b55ca415a41e878995da"
                },
                "downloads": -1,
                "filename": "pytest-2.1.2.zip",
                "has_sig": false,
                "md5_digest": "e75a115a38898636c2ce8bbe0e492760",
                "packagetype": "sdist",
                "python_version": "source",
                "size": 290049,
                "upload_time": "2011-09-24T14:09:57",
                "url": "https://files.pythonhosted.org/packages/97/32/8fce79a4de0d8c9f40e3987282a6a0df25fddb1c8209ff8a95e3a3834b1f/pytest-2.1.2.zip"
            }
        ],
        "2.1.3": [
            {
                "comment_text": "",
                "digests": {
                    "md5": "f9862126e4b1157f7691fc9993255244",
                    "sha256": "839b737a24e0adf11fb8ba29023c0424a8478f9ce27940e30246e7b3e1e21d25"
                },
                "downloads": -1,
                "filename": "pytest-2.1.3.zip",
                "has_sig": false,
                "md5_digest": "f9862126e4b1157f7691fc9993255244",
                "packagetype": "sdist",
                "python_version": "source",
                "size": 291530,
                "upload_time": "2011-10-18T21:10:21",
                "url": "https://files.pythonhosted.org/packages/8f/aa/e619dc9cbe24694c1ddfe7a9f38a2f04a5497822ee8d28c7927adccb152f/pytest-2.1.3.zip"
            }
        ],
        "2.2.0": [
            {
                "comment_text": "",
                "digests": {
                    "md5": "fa904c0f879c51f62058dbafe93cbe2f",
                    "sha256": "3ab48f714edc7e72525caf370f239b46e493d9dec229384ecb52f9135932506d"
                },
                "downloads": -1,
                "filename": "pytest-2.2.0.zip",
                "has_sig": false,
                "md5_digest": "fa904c0f879c51f62058dbafe93cbe2f",
                "packagetype": "sdist",
                "python_version": "source",
                "size": 302709,
                "upload_time": "2011-11-18T20:08:40",
                "url": "https://files.pythonhosted.org/packages/f0/eb/f18766199ad2febd79ba8bee99d231b3cfbabe9063352481414fb7f95d9e/pytest-2.2.0.zip"
            }
        ],
        "2.2.1": [
            {
                "comment_text": "",
                "digests": {
                    "md5": "3e7d5352205401c6f73976fbf1b48e68",
                    "sha256": "2f727eb3109504450ce6d868a1996960c5f0334a47070c72720ec8714f1d6ac5"
                },
                "downloads": -1,
                "filename": "pytest-2.2.1.zip",
                "has_sig": false,
                "md5_digest": "3e7d5352205401c6f73976fbf1b48e68",
                "packagetype": "sdist",
                "python_version": "source",
                "size": 304137,
                "upload_time": "2011-12-16T12:49:16",
                "url": "https://files.pythonhosted.org/packages/2b/40/48fc1ffc7f0eb9b7e33fa36919859e6494f1a2b86796d222c880fab15b52/pytest-2.2.1.zip"
            }
        ],
        "2.2.2": [
            {
                "comment_text": "",
                "digests": {
                    "md5": "69ddec90ba88ace06ba38927dee00632",
                    "sha256": "aa1fffd088f6f83e4e4a12cf67cd2eca13a79357f416e3f2f5249b630535917e"
                },
                "downloads": -1,
                "filename": "pytest-2.2.2.zip",
                "has_sig": false,
                "md5_digest": "69ddec90ba88ace06ba38927dee00632",
                "packagetype": "sdist",
                "python_version": "source",
                "size": 307412,
                "upload_time": "2012-02-06T05:29:40",
                "url": "https://files.pythonhosted.org/packages/6b/2f/6a2eea3d04461b68cf897d99b0ccb8c5cb0f926273cf0e4986b03c9ad22e/pytest-2.2.2.zip"
            }
        ],
        "2.2.3": [
            {
                "comment_text": "",
                "digests": {
                    "md5": "f9b66b28086b8543baa4820d5f880baa",
                    "sha256": "a9f76ba1ea10ab4d40f4382df15ec2ce583052496547aa9e6bab059eafd9406e"
                },
                "downloads": -1,
                "filename": "pytest-2.2.3.zip",
                "has_sig": false,
                "md5_digest": "f9b66b28086b8543baa4820d5f880baa",
                "packagetype": "sdist",
                "python_version": "source",
                "size": 307445,
                "upload_time": "2012-02-06T05:38:52",
                "url": "https://files.pythonhosted.org/packages/ca/c7/60a42e3e9e160e36e1706d4337406936b84058a0155974479d8a94237bfd/pytest-2.2.3.zip"
            }
        ],
        "2.2.4": [
            {
                "comment_text": "",
                "digests": {
                    "md5": "73ed098e39978890b83cbea1f1ab2a74",
                    "sha256": "dc03898d46d00bb5e6756f6bc2ea3fc6c35935e774a0682988c4b4fcdd624f5e"
                },
                "downloads": -1,
                "filename": "pytest-2.2.4.zip",
                "has_sig": false,
                "md5_digest": "73ed098e39978890b83cbea1f1ab2a74",
                "packagetype": "sdist",
                "python_version": "source",
                "size": 309641,
                "upload_time": "2012-05-22T18:14:21",
                "url": "https://files.pythonhosted.org/packages/62/b4/67a19a34947a28441d59598c402f7b192d4906497d3fe3746cadcf777dd3/pytest-2.2.4.zip"
            }
        ],
        "2.3.0": [
            {
                "comment_text": "",
                "digests": {
                    "md5": "c6a79ce5c3e156feaf94b57b96ca0d4d",
                    "sha256": "785aebcf2313ed46d2c012812a97328096df0b56735572f9895a3dfea4070bac"
                },
                "downloads": -1,
                "filename": "pytest-2.3.0.zip",
                "has_sig": false,
                "md5_digest": "c6a79ce5c3e156feaf94b57b96ca0d4d",
                "packagetype": "sdist",
                "python_version": "source",
                "size": 513703,
                "upload_time": "2012-10-19T09:43:22",
                "url": "https://files.pythonhosted.org/packages/9b/52/a619a92dbef5a3ae39e735bdfdaaa61e04c4661f1f98860b90b6225c6043/pytest-2.3.0.zip"
            }
        ],
        "2.3.1": [
            {
                "comment_text": "",
                "digests": {
                    "md5": "f8603ab43889a773fbf3d5246fa24b9d",
                    "sha256": "63495312c5586938096e67839a82ce877ef180355f63b8fcf6754fcc9a3740a1"
                },
                "downloads": -1,
                "filename": "pytest-2.3.1.zip",
                "has_sig": false,
                "md5_digest": "f8603ab43889a773fbf3d5246fa24b9d",
                "packagetype": "sdist",
                "python_version": "source",
                "size": 512689,
                "upload_time": "2012-10-20T12:33:18",
                "url": "https://files.pythonhosted.org/packages/fa/44/1d653c450143f7f98463233f1a9c71dd8a7c33ba6937a422e3eeca2b54b1/pytest-2.3.1.zip"
            }
        ],
        "2.3.2": [
            {
                "comment_text": "",
                "digests": {
                    "md5": "ccffb2f8b1581203bcd5e18cd6eac4f7",
                    "sha256": "ff1efd507224cdd768d3827272c87e0cf99571f242c8a5bb634b9d35469fd61d"
                },
                "downloads": -1,
                "filename": "pytest-2.3.2.zip",
                "has_sig": false,
                "md5_digest": "ccffb2f8b1581203bcd5e18cd6eac4f7",
                "packagetype": "sdist",
                "python_version": "source",
                "size": 515396,
                "upload_time": "2012-10-25T11:48:54",
                "url": "https://files.pythonhosted.org/packages/e4/47/22ad2c97e477c0b5f33d5235e3620c17d28b983d955631468d27b4786119/pytest-2.3.2.zip"
            }
        ],
        "2.3.3": [
            {
                "comment_text": "",
                "digests": {
                    "md5": "a02805c7131bfd42abe91b3f607a0d3a",
                    "sha256": "e269661e308a34ddc2fd31ae7e9a9383772363813bac79f3da81acbc13a09677"
                },
                "downloads": -1,
                "filename": "pytest-2.3.3.zip",
                "has_sig": false,
                "md5_digest": "a02805c7131bfd42abe91b3f607a0d3a",
                "packagetype": "sdist",
                "python_version": "source",
                "size": 521423,
                "upload_time": "2012-11-06T14:36:34",
                "url": "https://files.pythonhosted.org/packages/04/e5/8456ee924dc62ca1d061d4154f0339f70cc3c058418c12af355a0e8c8a89/pytest-2.3.3.zip"
            }
        ],
        "2.3.4": [
            {
                "comment_text": "",
                "digests": {
                    "md5": "db319fef9c310dc46798b285d3da3aa1",
                    "sha256": "5616f744a311c5f5fbb44943aaa41c32df70ba132159a0a9fb6c999060d7645c"
                },
                "downloads": -1,
                "filename": "pytest-2.3.4.zip",
                "has_sig": false,
                "md5_digest": "db319fef9c310dc46798b285d3da3aa1",
                "packagetype": "sdist",
                "python_version": "source",
                "size": 527214,
                "upload_time": "2012-11-20T13:07:40",
                "url": "https://files.pythonhosted.org/packages/d2/0b/4f36de60ae2b2649973237866f9f3ffaff03f8e395c22b3573c4be4e1be2/pytest-2.3.4.zip"
            }
        ],
        "2.3.5": [
            {
                "comment_text": "",
                "digests": {
                    "md5": "18f150e7be96b5fe3c388b0e817b8087",
                    "sha256": "804c28bef415fc6a54de7934f05b2d67a9cc8a230de98685fca274d9fcbe8b1c"
                },
                "downloads": -1,
                "filename": "pytest-2.3.5.tar.gz",
                "has_sig": false,
                "md5_digest": "18f150e7be96b5fe3c388b0e817b8087",
                "packagetype": "sdist",
                "python_version": "source",
                "size": 426328,
                "upload_time": "2013-04-30T14:37:32",
                "url": "https://files.pythonhosted.org/packages/a7/6e/2580c06b2c0a3afa1376e731a1cfa32888be03de5c59cf9a0408347de727/pytest-2.3.5.tar.gz"
            }
        ],
        "2.4.0": [
            {
                "comment_text": "",
                "digests": {
                    "md5": "45dff04f8a380f6f90507172852551d1",
                    "sha256": "ebebd1dc10e287a185a7c7e4d5fab200012e5963400c8d4add7ed34c25a36342"
                },
                "downloads": -1,
                "filename": "pytest-2.4.0.tar.gz",
                "has_sig": false,
                "md5_digest": "45dff04f8a380f6f90507172852551d1",
                "packagetype": "sdist",
                "python_version": "source",
                "size": 547781,
                "upload_time": "2013-10-01T10:38:43",
                "url": "https://files.pythonhosted.org/packages/23/ae/21692116610d46005de9d9fe92675affade102276e8420e5e47d187a79c6/pytest-2.4.0.tar.gz"
            }
        ],
        "2.4.1": [
            {
                "comment_text": "",
                "digests": {
                    "md5": "00496d6577780ace089995efea9706d2",
                    "sha256": "b928a19cdbb4b33c0d01e323761e6f0475eeb1aef32861ca14ab394b52df25c1"
                },
                "downloads": -1,
                "filename": "pytest-2.4.1.tar.gz",
                "has_sig": false,
                "md5_digest": "00496d6577780ace089995efea9706d2",
                "packagetype": "sdist",
                "python_version": "source",
                "size": 551642,
                "upload_time": "2013-10-02T07:17:55",
                "url": "https://files.pythonhosted.org/packages/78/bb/7c14d9e03a2b0b3a6f92020da384bc6b96bc7786c2e4e03ef31a57c2db79/pytest-2.4.1.tar.gz"
            }
        ],
        "2.4.2": [
            {
                "comment_text": "",
                "digests": {
                    "md5": "9ce14429bd9fae08a3d9ae6b7046d9fc",
                    "sha256": "bccbbed432b1e95381fbb958c27aabcb751ccc337769091de8b7e5cd25ca00e0"
                },
                "downloads": -1,
                "filename": "pytest-2.4.2.tar.gz",
                "has_sig": false,
                "md5_digest": "9ce14429bd9fae08a3d9ae6b7046d9fc",
                "packagetype": "sdist",
                "python_version": "source",
                "size": 553004,
                "upload_time": "2013-10-04T12:32:34",
                "url": "https://files.pythonhosted.org/packages/89/ab/7d72d661cb2a664051cf985a8251d22df936bfcc86d1d7bb9c46378278f8/pytest-2.4.2.tar.gz"
            }
        ],
        "2.5.0": [
            {
                "comment_text": "",
                "digests": {
                    "md5": "cc64de5d46077327ae12a51c3d51e793",
                    "sha256": "b090613f3276ff5aa40748e4088d165af124170587378cd9d9b1941f5878ee6d"
                },
                "downloads": -1,
                "filename": "pytest-2.5.0.tar.gz",
                "has_sig": false,
                "md5_digest": "cc64de5d46077327ae12a51c3d51e793",
                "packagetype": "sdist",
                "python_version": "source",
                "size": 572447,
                "upload_time": "2013-12-12T12:02:24",
                "url": "https://files.pythonhosted.org/packages/ab/97/5aab04590ec048cc39bd913fa5fadd16f6c47998f481cb546fa041be792d/pytest-2.5.0.tar.gz"
            }
        ],
        "2.5.1": [
            {
                "comment_text": "",
                "digests": {
                    "md5": "4e155a0134e6757b37cc6698c20f3e9f",
                    "sha256": "112d8ede00d9ad3546d49ffeb4af1a0dfc734be29d28cfc59bd4cfd7b8a89b09"
                },
                "downloads": -1,
                "filename": "pytest-2.5.1.tar.gz",
                "has_sig": false,
                "md5_digest": "4e155a0134e6757b37cc6698c20f3e9f",
                "packagetype": "sdist",
                "python_version": "source",
                "size": 577597,
                "upload_time": "2013-12-17T09:53:17",
                "url": "https://files.pythonhosted.org/packages/2c/e8/28d5668bb1d81cab9aa28b715a2c3a6bfdae5b56789f3d5ebc49b8b9fdbd/pytest-2.5.1.tar.gz"
            }
        ],
        "2.5.2": [
            {
                "comment_text": "",
                "digests": {
                    "md5": "8ea3d1939e81514ccba9ba0e9566b5be",
                    "sha256": "962452611799878616d6df5e7674cc2c356f902ed005dc4dae9d4e79bb8abda4"
                },
                "downloads": -1,
                "filename": "pytest-2.5.2.tar.gz",
                "has_sig": false,
                "md5_digest": "8ea3d1939e81514ccba9ba0e9566b5be",
                "packagetype": "sdist",
                "python_version": "source",
                "size": 608703,
                "upload_time": "2014-01-29T13:07:16",
                "url": "https://files.pythonhosted.org/packages/3f/e5/fb380dee75de263d2ebcfdee2c4c43d5260b5755f7165cff0d38d57d1932/pytest-2.5.2.tar.gz"
            }
        ],
        "2.6.0": [
            {
                "comment_text": "",
                "digests": {
                    "md5": "e492f76a986cb9dd0818b7ecc89af92e",
                    "sha256": "1e4f7c23d5444c01316bd84edd629af3170331fade12bcc263f0a2a716bbaed1"
                },
                "downloads": -1,
                "filename": "pytest-2.6.0.tar.gz",
                "has_sig": false,
                "md5_digest": "e492f76a986cb9dd0818b7ecc89af92e",
                "packagetype": "sdist",
                "python_version": "source",
                "size": 625374,
                "upload_time": "2014-07-20T11:03:22",
                "url": "https://files.pythonhosted.org/packages/a5/4c/82253e6fa5bdfb16fa560d1569c9e28b797fafc0a41602725743f5cdb922/pytest-2.6.0.tar.gz"
            }
        ],
        "2.6.1": [
            {
                "comment_text": "",
                "digests": {
                    "md5": "bb353f6cf6d9ff83ff7f2dfbeaca47a3",
                    "sha256": "994dabcb3149659d259add2aa7d11bff4d35efb7cf4c8233fa9b0b62c1255c3c"
                },
                "downloads": -1,
                "filename": "pytest-2.6.1.tar.gz",
                "has_sig": false,
                "md5_digest": "bb353f6cf6d9ff83ff7f2dfbeaca47a3",
                "packagetype": "sdist",
                "python_version": "source",
                "size": 627761,
                "upload_time": "2014-08-07T20:55:41",
                "url": "https://files.pythonhosted.org/packages/4b/2f/9d11aed0203c8b3eee0768c8948b2974086dda8beb8ecf25bf189ce64759/pytest-2.6.1.tar.gz"
            }
        ],
        "2.6.2": [
            {
                "comment_text": "",
                "digests": {
                    "md5": "0a1735fb1d481ef3864f34678607ba85",
                    "sha256": "b8b1224602ff1c6f42a7d717dcf01080fee9c44b3547fe7c9aecdeb290b8739a"
                },
                "downloads": -1,
                "filename": "pytest-2.6.2.tar.gz",
                "has_sig": false,
                "md5_digest": "0a1735fb1d481ef3864f34678607ba85",
                "packagetype": "sdist",
                "python_version": "source",
                "size": 629995,
                "upload_time": "2014-09-05T11:46:31",
                "url": "https://files.pythonhosted.org/packages/6b/78/3e105f2e7e2e980b61e4d3adc6db2a221a918c48acc9049ed4ba64739f65/pytest-2.6.2.tar.gz"
            }
        ],
        "2.6.3": [
            {
                "comment_text": "",
                "digests": {
                    "md5": "6f6a1ae63a664d11223fba18cd2af31a",
                    "sha256": "97f41dd9f318095b431945bede7a6f02c62c0a40a6c7a976a3820ea377a0eecc"
                },
                "downloads": -1,
                "filename": "pytest-2.6.3.tar.gz",
                "has_sig": false,
                "md5_digest": "6f6a1ae63a664d11223fba18cd2af31a",
                "packagetype": "sdist",
                "python_version": "source",
                "size": 634974,
                "upload_time": "2014-09-24T12:59:44",
                "url": "https://files.pythonhosted.org/packages/7f/f9/da3670b93e3d28e64f75d33740de14ac25acb8b187accab1a75f84e0893b/pytest-2.6.3.tar.gz"
            }
        ],
        "2.6.4": [
            {
                "comment_text": "",
                "digests": {
                    "md5": "14341e122f7e9031a0948eb6b01a2640",
                    "sha256": "550883b98184cef6cbb980d4d90051330aeae41075092f98ef0215719af8ef33"
                },
                "downloads": -1,
                "filename": "pytest-2.6.4.tar.gz",
                "has_sig": false,
                "md5_digest": "14341e122f7e9031a0948eb6b01a2640",
                "packagetype": "sdist",
                "python_version": "source",
                "size": 512090,
                "upload_time": "2014-10-24T15:11:51",
                "url": "https://files.pythonhosted.org/packages/0c/a4/1e57b84d6b327fe43d7308192f3a15ce76c31c5a8eb4b76f409ceb898ef2/pytest-2.6.4.tar.gz"
            }
        ],
        "2.7.0": [
            {
                "comment_text": "",
                "digests": {
                    "md5": "14cde91b1106c937c48497728ea37dc6",
                    "sha256": "91dc842785417208d57e5e8dc8bb40f57316c45da24a50c53b49cb8d045519d6"
                },
                "downloads": -1,
                "filename": "pytest-2.7.0.tar.gz",
                "has_sig": false,
                "md5_digest": "14cde91b1106c937c48497728ea37dc6",
                "packagetype": "sdist",
                "python_version": "source",
                "size": 526640,
                "upload_time": "2015-03-26T12:41:47",
                "url": "https://files.pythonhosted.org/packages/a6/41/012f1af02151e7a4a6a737e148ae7edc35ded57a25a28386338a759d4e49/pytest-2.7.0.tar.gz"
            }
        ],
        "2.7.1": [
            {
                "comment_text": "",
                "digests": {
                    "md5": "f7d7211bbc2b14e37624a4eb434aeed9",
                    "sha256": "811df7103d5aa50f7b614f6545490a889729a81b3f6dfb6edc518b48ce656bc3"
                },
                "downloads": -1,
                "filename": "pytest-2.7.1-py2.py3-none-any.whl",
                "has_sig": false,
                "md5_digest": "f7d7211bbc2b14e37624a4eb434aeed9",
                "packagetype": "bdist_wheel",
                "python_version": "2.7",
                "size": 126610,
                "upload_time": "2015-05-19T08:29:19",
                "url": "https://files.pythonhosted.org/packages/d9/86/4a4d065f5a36e1015cc3fd1c3d30e4931d21fee42d2cdb3738f882dea36b/pytest-2.7.1-py2.py3-none-any.whl"
            },
            {
                "comment_text": "",
                "digests": {
                    "md5": "e972d691ff6779ffb4b594449bac3e43",
                    "sha256": "530f23c79e1b13850e93f3a59720f1eca75bad01307dc4fd694a6a19619fb9cb"
                },
                "downloads": -1,
                "filename": "pytest-2.7.1.tar.gz",
                "has_sig": false,
                "md5_digest": "e972d691ff6779ffb4b594449bac3e43",
                "packagetype": "sdist",
                "python_version": "source",
                "size": 531671,
                "upload_time": "2015-05-19T08:29:15",
                "url": "https://files.pythonhosted.org/packages/45/c1/3d6dfd17bb7126724c8d422f0b0bdef8650e9aacfb5aa1405ba3229b1955/pytest-2.7.1.tar.gz"
            }
        ],
        "2.7.2": [
            {
                "comment_text": "",
                "digests": {
                    "md5": "1b636c4310d9a3cd5f516e1a9086ae06",
                    "sha256": "82924efb5ea783a72234682a0e8049d84f5eaebcaac3c8c0893b7eae97f28380"
                },
                "downloads": -1,
                "filename": "pytest-2.7.2-py2.py3-none-any.whl",
                "has_sig": false,
                "md5_digest": "1b636c4310d9a3cd5f516e1a9086ae06",
                "packagetype": "bdist_wheel",
                "python_version": "2.7",
                "size": 127284,
                "upload_time": "2015-06-23T14:38:53",
                "url": "https://files.pythonhosted.org/packages/35/3e/76e99f39c1cc04e9701d447a5667d9ec45f724ca11b6f5c797492339aef1/pytest-2.7.2-py2.py3-none-any.whl"
            },
            {
                "comment_text": "",
                "digests": {
                    "md5": "dcd8e891474d605b81fc7fcc8711e95b",
                    "sha256": "b30457f735420d0000d10a44bbd478cf03f8bf20e25bd77248f9bab40f4fd6a4"
                },
                "downloads": -1,
                "filename": "pytest-2.7.2.tar.gz",
                "has_sig": false,
                "md5_digest": "dcd8e891474d605b81fc7fcc8711e95b",
                "packagetype": "sdist",
                "python_version": "source",
                "size": 532836,
                "upload_time": "2015-06-23T14:38:49",
                "url": "https://files.pythonhosted.org/packages/4f/ef/4fce19805fa1c2deb9518551861d83291aee87145e6a31adbc5a80c149ba/pytest-2.7.2.tar.gz"
            }
        ],
        "2.7.3": [
            {
                "comment_text": "",
                "digests": {
                    "md5": "88cec2ac8838ff1fe4df6fdd3111d92f",
                    "sha256": "7fad307c278fc5b18d27d57acced31e9eb99f74cccc8171c309862edebbba2b7"
                },
                "downloads": -1,
                "filename": "pytest-2.7.3-py2.py3-none-any.whl",
                "has_sig": false,
                "md5_digest": "88cec2ac8838ff1fe4df6fdd3111d92f",
                "packagetype": "bdist_wheel",
                "python_version": "2.7",
                "size": 128679,
                "upload_time": "2015-09-15T11:54:48",
                "url": "https://files.pythonhosted.org/packages/b6/47/b1223c41b65c54d408506ef46579daf002e1fd5269e68ddcab9ef906281b/pytest-2.7.3-py2.py3-none-any.whl"
            },
            {
                "comment_text": "",
                "digests": {
                    "md5": "a1aa94933d545d4a26fa23f96a77a78a",
                    "sha256": "d5a9c3db3515ab95902ba08c09d1e941a21a440dc2d65f31bac02667508a9efc"
                },
                "downloads": -1,
                "filename": "pytest-2.7.3.tar.gz",
                "has_sig": false,
                "md5_digest": "a1aa94933d545d4a26fa23f96a77a78a",
                "packagetype": "sdist",
                "python_version": "source",
                "size": 548235,
                "upload_time": "2015-09-15T11:54:44",
                "url": "https://files.pythonhosted.org/packages/18/e2/b9f9dcd5cf0f712c89175386d6be130cb7ddfa80839b8982c8bb354484b9/pytest-2.7.3.tar.gz"
            }
        ],
        "2.8.0": [
            {
                "comment_text": "",
                "digests": {
                    "md5": "8b692e5940b5afb539b0ef63828c153f",
                    "sha256": "c2fabfd3223505b9af3b6e94b9df273a1553958c6323eb3e44bbdd4dbab9bc2a"
                },
                "downloads": -1,
                "filename": "pytest-2.8.0-py2.py3-none-any.whl",
                "has_sig": false,
                "md5_digest": "8b692e5940b5afb539b0ef63828c153f",
                "packagetype": "bdist_wheel",
                "python_version": "3.4",
                "size": 147937,
                "upload_time": "2015-09-18T22:07:42",
                "url": "https://files.pythonhosted.org/packages/75/b9/774b350059c63bbd6900f46b2f37b1215a15b38471fbb8edb7def8865626/pytest-2.8.0-py2.py3-none-any.whl"
            },
            {
                "comment_text": "",
                "digests": {
                    "md5": "1f1780235e82084b12a70d601c320fd0",
                    "sha256": "29ed6fdb7b287f5353620494e950aba652c593c40556aece95a4d23d403ae2cb"
                },
                "downloads": -1,
                "filename": "pytest-2.8.0.zip",
                "has_sig": false,
                "md5_digest": "1f1780235e82084b12a70d601c320fd0",
                "packagetype": "sdist",
                "python_version": "source",
                "size": 8189680,
                "upload_time": "2015-09-18T22:07:34",
                "url": "https://files.pythonhosted.org/packages/4f/fd/c3e2fdbc7aba6d69ebf5ddbef99679dc03f278b2509695e2bdca5b301592/pytest-2.8.0.zip"
            }
        ],
        "2.8.1": [
            {
                "comment_text": "",
                "digests": {
                    "md5": "bb3c87801ed43c4b00de37259f8c21cf",
                    "sha256": "6f018b3f16c2d5c490faef9ca2dd0f9382e930f8b7803a7571518c4c3404efca"
                },
                "downloads": -1,
                "filename": "pytest-2.8.1-py2.py3-none-any.whl",
                "has_sig": false,
                "md5_digest": "bb3c87801ed43c4b00de37259f8c21cf",
                "packagetype": "bdist_wheel",
                "python_version": "2.7",
                "size": 148853,
                "upload_time": "2015-09-29T13:21:02",
                "url": "https://files.pythonhosted.org/packages/af/76/56610fe4de86023ed0d81521973ededf7702bef7be04a7aff2a40e4d9245/pytest-2.8.1-py2.py3-none-any.whl"
            },
            {
                "comment_text": "",
                "digests": {
                    "md5": "992611bebeb70b7e4b19f7d6f79b9f79",
                    "sha256": "2b58662d356ee953bc40f7a73857d05f0bd07f0a8507c929de3006dd6b14c918"
                },
                "downloads": -1,
                "filename": "pytest-2.8.1.tar.gz",
                "has_sig": false,
                "md5_digest": "992611bebeb70b7e4b19f7d6f79b9f79",
                "packagetype": "sdist",
                "python_version": "source",
                "size": 580991,
                "upload_time": "2015-09-29T13:20:56",
                "url": "https://files.pythonhosted.org/packages/37/7f/3365952d97a0f26613a50664089ae496b1f43091695b298fc3e00ba5e613/pytest-2.8.1.tar.gz"
            }
        ],
        "2.8.2": [
            {
                "comment_text": "",
                "digests": {
                    "md5": "251fe4ed8ed80855398e31ea937cfd65",
                    "sha256": "8699d2ae342f211d1cc67dd05111b91925609aef7d294831584f737f65a4f41d"
                },
                "downloads": -1,
                "filename": "pytest-2.8.2-py2.py3-none-any.whl",
                "has_sig": false,
                "md5_digest": "251fe4ed8ed80855398e31ea937cfd65",
                "packagetype": "bdist_wheel",
                "python_version": "2.7",
                "size": 149178,
                "upload_time": "2015-10-07T15:54:38",
                "url": "https://files.pythonhosted.org/packages/08/8b/d6225fbe08f4d5c1b4ff05d274596f76003064dfb3ac6aa483790d1bdd08/pytest-2.8.2-py2.py3-none-any.whl"
            },
            {
                "comment_text": "",
                "digests": {
                    "md5": "96e77b3a2fb40e5d99a1cfba38ac7c6d",
                    "sha256": "da2fc57320dd11f621d166634c52b989aa2291af1296c32a27a11777aa4128b9"
                },
                "downloads": -1,
                "filename": "pytest-2.8.2.tar.gz",
                "has_sig": false,
                "md5_digest": "96e77b3a2fb40e5d99a1cfba38ac7c6d",
                "packagetype": "sdist",
                "python_version": "source",
                "size": 563955,
                "upload_time": "2015-10-07T15:54:42",
                "url": "https://files.pythonhosted.org/packages/a7/27/ecf9ad0a22cf1828c39e12557fccb3a63b13b9fb07927757ea4ccf443ab6/pytest-2.8.2.tar.gz"
            }
        ],
        "2.8.3": [
            {
                "comment_text": "",
                "digests": {
                    "md5": "a19ade05f74d114ccde8fb1cbec7fc12",
                    "sha256": "31282080f2cc75452412845bd26160c6c3b3db4a160b715137f1fb90ead42925"
                },
                "downloads": -1,
                "filename": "pytest-2.8.3-py2.py3-none-any.whl",
                "has_sig": false,
                "md5_digest": "a19ade05f74d114ccde8fb1cbec7fc12",
                "packagetype": "bdist_wheel",
                "python_version": "py2.py3",
                "size": 149625,
                "upload_time": "2015-11-19T20:52:39",
                "url": "https://files.pythonhosted.org/packages/b0/7b/7aa01fa919ca0d038cdf8744ba9fd0416b04ec1878a68bfd77f39534e408/pytest-2.8.3-py2.py3-none-any.whl"
            },
            {
                "comment_text": "",
                "digests": {
                    "md5": "33fd706c4ef857e70200661b0fceb80c",
                    "sha256": "37d950e93c1fd7e04d816a3ca4a5226ea2531c6d531c8284ad9b88848417e720"
                },
                "downloads": -1,
                "filename": "pytest-2.8.3.tar.gz",
                "has_sig": false,
                "md5_digest": "33fd706c4ef857e70200661b0fceb80c",
                "packagetype": "sdist",
                "python_version": "source",
                "size": 880441,
                "upload_time": "2015-11-19T20:52:48",
                "url": "https://files.pythonhosted.org/packages/47/ab/80ad422b3a4b20f23947e1a6a2bbe6ef2afc0d8cbdf24ce31e14219a4e9c/pytest-2.8.3.tar.gz"
            }
        ],
        "2.8.4": [
            {
                "comment_text": "",
                "digests": {
                    "md5": "f497d9491269b243463331fc7db6476f",
                    "sha256": "e3beebca6e6bd586d622e7432e22e3b5d0c2ec2cd62d10a57d27aa24bd788770"
                },
                "downloads": -1,
                "filename": "pytest-2.8.4-py2.py3-none-any.whl",
                "has_sig": false,
                "md5_digest": "f497d9491269b243463331fc7db6476f",
                "packagetype": "bdist_wheel",
                "python_version": "2.7",
                "size": 150050,
                "upload_time": "2015-12-06T19:22:23",
                "url": "https://files.pythonhosted.org/packages/0d/01/71104dbf666cd7785c2874140456163de275a3208fcedb9acacca56b6c8d/pytest-2.8.4-py2.py3-none-any.whl"
            },
            {
                "comment_text": "",
                "digests": {
                    "md5": "0671eab4cd12b7e67c73123360d86b9c",
                    "sha256": "ca8afa5e216acfba6df7f26f2ef8a45baedf6a952e6b2f033ab55ec7e0a679eb"
                },
                "downloads": -1,
                "filename": "pytest-2.8.4.tar.gz",
                "has_sig": false,
                "md5_digest": "0671eab4cd12b7e67c73123360d86b9c",
                "packagetype": "sdist",
                "python_version": "source",
                "size": 568888,
                "upload_time": "2015-12-06T19:22:28",
                "url": "https://files.pythonhosted.org/packages/6d/99/6d327b3aa910170b8ecb4a65ebbe4277f2bb51f757a60f44bc0a669c33e5/pytest-2.8.4.tar.gz"
            }
        ],
        "2.8.5": [
            {
                "comment_text": "",
                "digests": {
                    "md5": "336b5dcba30a1c35eb637e1b1b9474d4",
                    "sha256": "f51855b27cf77b0b2faac75c630087ae7b48cff22b2bdbf4b63ba66f5790af98"
                },
                "downloads": -1,
                "filename": "pytest-2.8.5-py2.py3-none-any.whl",
                "has_sig": false,
                "md5_digest": "336b5dcba30a1c35eb637e1b1b9474d4",
                "packagetype": "bdist_wheel",
                "python_version": "2.7",
                "size": 151367,
                "upload_time": "2015-12-12T00:57:52",
                "url": "https://files.pythonhosted.org/packages/d9/32/d037987ff74a2afddec2128293036ba7a96b38f4ace3a90b628b214ca99f/pytest-2.8.5-py2.py3-none-any.whl"
            },
            {
                "comment_text": "",
                "digests": {
                    "md5": "8493b06f700862f1294298d6c1b715a9",
                    "sha256": "44bb32fb3925b5a284ceee1af55e0a63d25436ec415232089403eed3a347667e"
                },
                "downloads": -1,
                "filename": "pytest-2.8.5.zip",
                "has_sig": false,
                "md5_digest": "8493b06f700862f1294298d6c1b715a9",
                "packagetype": "sdist",
                "python_version": "source",
                "size": 664063,
                "upload_time": "2015-12-12T00:57:47",
                "url": "https://files.pythonhosted.org/packages/b1/3d/d7ea9b0c51e0cacded856e49859f0a13452747491e842c236bbab3714afe/pytest-2.8.5.zip"
            }
        ],
        "2.8.6": [
            {
                "comment_text": "",
                "digests": {
                    "md5": "56a2c7ade6f7506b933cb3081623c0a6",
                    "sha256": "1e0f65e773cdd0392404177b1db0a76ba2509cd193a143a10fe84e02d6313c7a"
                },
                "downloads": -1,
                "filename": "pytest-2.8.6-py2.py3-none-any.whl",
                "has_sig": false,
                "md5_digest": "56a2c7ade6f7506b933cb3081623c0a6",
                "packagetype": "bdist_wheel",
                "python_version": "2.7",
                "size": 151763,
                "upload_time": "2016-01-22T19:43:43",
                "url": "https://files.pythonhosted.org/packages/71/53/de9254cc319e8584fed42c93e7edb136f3c52a9f3b4048bf4d2cd266915c/pytest-2.8.6-py2.py3-none-any.whl"
            },
            {
                "comment_text": "",
                "digests": {
                    "md5": "7342ce7ff4e37c2ffa15e5dc07787cf0",
                    "sha256": "ed38a3725b8e4478555dfdb549a4219ca3ba57955751141a1aaa45b706d84194"
                },
                "downloads": -1,
                "filename": "pytest-2.8.6.tar.gz",
                "has_sig": false,
                "md5_digest": "7342ce7ff4e37c2ffa15e5dc07787cf0",
                "packagetype": "sdist",
                "python_version": "source",
                "size": 567968,
                "upload_time": "2016-01-22T19:43:48",
                "url": "https://files.pythonhosted.org/packages/b4/1b/7b3550bf0437f7a57f913064c5f6f911d43d984e4fd393b2257c22802d62/pytest-2.8.6.tar.gz"
            }
        ],
        "2.8.7": [
            {
                "comment_text": "",
                "digests": {
                    "md5": "280bd63a44febf21dcdf1c8c00b0452e",
                    "sha256": "33612ed6de42f05640fe058aafdf08899eabcb210da74aeb0b788de9695c8bb5"
                },
                "downloads": -1,
                "filename": "pytest-2.8.7-py2.py3-none-any.whl",
                "has_sig": false,
                "md5_digest": "280bd63a44febf21dcdf1c8c00b0452e",
                "packagetype": "bdist_wheel",
                "python_version": "2.7",
                "size": 151769,
                "upload_time": "2016-01-24T22:52:13",
                "url": "https://files.pythonhosted.org/packages/b2/14/5028e88e6023a6c7621cfafe30575d7d0aa42758d9fef78a3ef4238c3716/pytest-2.8.7-py2.py3-none-any.whl"
            },
            {
                "comment_text": "",
                "digests": {
                    "md5": "685e2137062c9821b1b74a4814795514",
                    "sha256": "fc4c86be54fce08e4b85b646a736efa18c6cde7599c1d2919f4f74629e018baf"
                },
                "downloads": -1,
                "filename": "pytest-2.8.7.tar.gz",
                "has_sig": false,
                "md5_digest": "685e2137062c9821b1b74a4814795514",
                "packagetype": "sdist",
                "python_version": "source",
                "size": 564943,
                "upload_time": "2016-01-24T22:51:56",
                "url": "https://files.pythonhosted.org/packages/07/bc/9ce76df7c91b87467e9fcae153297d88b34591f0379f6ad55781b72c2fd1/pytest-2.8.7.tar.gz"
            }
        ],
        "2.9.0": [
            {
                "comment_text": "",
                "digests": {
                    "md5": "fff4b66a05f144e7b2cfdeb196e4558b",
                    "sha256": "8429b6803ca95ad179ad2db53233c42aec0323279347bb6bdc652bba4e2bfb49"
                },
                "downloads": -1,
                "filename": "pytest-2.9.0-py2.py3-none-any.whl",
                "has_sig": false,
                "md5_digest": "fff4b66a05f144e7b2cfdeb196e4558b",
                "packagetype": "bdist_wheel",
                "python_version": "2.7",
                "size": 161572,
                "upload_time": "2016-03-01T21:34:18",
                "url": "https://files.pythonhosted.org/packages/4e/2b/9b99ae13c99a66f733a3d0bebecd25b34715f3c6391a66f2e39ec4cf7f1f/pytest-2.9.0-py2.py3-none-any.whl"
            },
            {
                "comment_text": "",
                "digests": {
                    "md5": "75ca2e51eb1d6a62d46a977b9dbb1abf",
                    "sha256": "6fad53ccbf0903c69db93d67b83df520818b06c7597ed8a8407bc5fdffd5e40e"
                },
                "downloads": -1,
                "filename": "pytest-2.9.0.tar.gz",
                "has_sig": false,
                "md5_digest": "75ca2e51eb1d6a62d46a977b9dbb1abf",
                "packagetype": "sdist",
                "python_version": "source",
                "size": 699025,
                "upload_time": "2016-03-01T21:33:58",
                "url": "https://files.pythonhosted.org/packages/fb/da/7efd1506b067a45ddaf3e13f846f466538882071b9793273f06944e7e23b/pytest-2.9.0.tar.gz"
            }
        ],
        "2.9.1": [
            {
                "comment_text": "",
                "digests": {
                    "md5": "8864aa3ffe74cd3a0923ab1ee3d3ab29",
                    "sha256": "3e635706fce07a734f7884a0ba32c46e5720225d861b3ed18ca76c6062de86cd"
                },
                "downloads": -1,
                "filename": "pytest-2.9.1-py2.py3-none-any.whl",
                "has_sig": false,
                "md5_digest": "8864aa3ffe74cd3a0923ab1ee3d3ab29",
                "packagetype": "bdist_wheel",
                "python_version": "2.7",
                "size": 161913,
                "upload_time": "2016-03-18T21:08:51",
                "url": "https://files.pythonhosted.org/packages/61/49/c299eeaea69ed31338a58762b5185c56044fc2e09434694742ca2306a514/pytest-2.9.1-py2.py3-none-any.whl"
            },
            {
                "comment_text": "",
                "digests": {
                    "md5": "05165740ea50928e4e971378630163ec",
                    "sha256": "0d48d27a127644fbe7c8158157e08b35f8255045d4476df694b91eb3a8147e65"
                },
                "downloads": -1,
                "filename": "pytest-2.9.1.tar.gz",
                "has_sig": false,
                "md5_digest": "05165740ea50928e4e971378630163ec",
                "packagetype": "sdist",
                "python_version": "source",
                "size": 700602,
                "upload_time": "2016-03-18T21:08:58",
                "url": "https://files.pythonhosted.org/packages/5e/f0/75c5cee17575bef459c916b6276bd9ad56944836bb0d9e36dd05704e7f35/pytest-2.9.1.tar.gz"
            }
        ],
        "2.9.2": [
            {
                "comment_text": "",
                "digests": {
                    "md5": "436fb1d52addf4efa43928460e442641",
                    "sha256": "ccc23b4aab3ef3e19e731de9baca73f3b1a7e610d9ec65b28c36a5a3305f0349"
                },
                "downloads": -1,
                "filename": "pytest-2.9.2-py2.py3-none-any.whl",
                "has_sig": false,
                "md5_digest": "436fb1d52addf4efa43928460e442641",
                "packagetype": "bdist_wheel",
                "python_version": "2.7",
                "size": 162122,
                "upload_time": "2016-05-31T20:55:51",
                "url": "https://files.pythonhosted.org/packages/24/05/b6eaf80746a2819327207825e3dd207a93d02a9f63e01ce48562c143ed82/pytest-2.9.2-py2.py3-none-any.whl"
            },
            {
                "comment_text": "",
                "digests": {
                    "md5": "b65c2944dfaa0efb62c0239afb424f5b",
                    "sha256": "12c18abb9a09a5b2802dba75c7a2d7d6c8c0f1258abd8243e7688415d87ad1d8"
                },
                "downloads": -1,
                "filename": "pytest-2.9.2.tar.gz",
                "has_sig": false,
                "md5_digest": "b65c2944dfaa0efb62c0239afb424f5b",
                "packagetype": "sdist",
                "python_version": "source",
                "size": 700808,
                "upload_time": "2016-05-31T20:54:53",
                "url": "https://files.pythonhosted.org/packages/f0/ee/6e2522c968339dca7d9abfd5e71312abeeb5ee902e09b4daf44f07b2f907/pytest-2.9.2.tar.gz"
            }
        ],
        "3.0.0": [
            {
                "comment_text": "",
                "digests": {
                    "md5": "bbcdad0eae4bdcd6a720607a1321cc5b",
                    "sha256": "9500047baa555adbc5477488b2cdcda212beec7b634577739610e663c821ffe3"
                },
                "downloads": -1,
                "filename": "pytest-3.0.0-py2.py3-none-any.whl",
                "has_sig": false,
                "md5_digest": "bbcdad0eae4bdcd6a720607a1321cc5b",
                "packagetype": "bdist_wheel",
                "python_version": "2.7",
                "size": 168661,
                "upload_time": "2016-08-19T20:21:37",
                "url": "https://files.pythonhosted.org/packages/f2/96/beb9e8005e3cc2959c9743eb2b4f6c538d0d3599d69e716a995732cc716d/pytest-3.0.0-py2.py3-none-any.whl"
            },
            {
                "comment_text": "",
                "digests": {
                    "md5": "5c7eef3def7499fd3de2db0e3013f7b0",
                    "sha256": "a37795bbc4005400b281b72613cd6a13261ffde615c6d539d94ca915fc507192"
                },
                "downloads": -1,
                "filename": "pytest-3.0.0.tar.gz",
                "has_sig": false,
                "md5_digest": "5c7eef3def7499fd3de2db0e3013f7b0",
                "packagetype": "sdist",
                "python_version": "source",
                "size": 728820,
                "upload_time": "2016-08-19T20:21:34",
                "url": "https://files.pythonhosted.org/packages/3a/13/d7adc921371b07999426d9ed8b95eb67c7bab25e88839c6f4f642bf0fb4e/pytest-3.0.0.tar.gz"
            }
        ],
        "3.0.1": [
            {
                "comment_text": "",
                "digests": {
                    "md5": "88f1e4c4777a69633d6273f83cb9b351",
                    "sha256": "ba6ae459222c3ee650d9e7a3f8cbf69c23c20ed6977496e9081f3b8da19107d0"
                },
                "downloads": -1,
                "filename": "pytest-3.0.1-py2.py3-none-any.whl",
                "has_sig": false,
                "md5_digest": "88f1e4c4777a69633d6273f83cb9b351",
                "packagetype": "bdist_wheel",
                "python_version": "2.7",
                "size": 169141,
                "upload_time": "2016-08-24T00:18:24",
                "url": "https://files.pythonhosted.org/packages/00/b1/62d1da704e18603026245380b2407387b3ec7b0d3e3399c98933f2487d2c/pytest-3.0.1-py2.py3-none-any.whl"
            },
            {
                "comment_text": "",
                "digests": {
                    "md5": "6e736a6d7bc854b25d44a60bcba5f2f9",
                    "sha256": "e82bc0596ee96b2287c08705cfcb6898db1fe4b5c87db3b6823f1fdd77fb3ff1"
                },
                "downloads": -1,
                "filename": "pytest-3.0.1.tar.gz",
                "has_sig": false,
                "md5_digest": "6e736a6d7bc854b25d44a60bcba5f2f9",
                "packagetype": "sdist",
                "python_version": "source",
                "size": 731768,
                "upload_time": "2016-08-24T00:18:20",
                "url": "https://files.pythonhosted.org/packages/48/60/ac0e3482d1c57ace39b709c765b9e04f4478f38ab53be4dce4fa5e478f16/pytest-3.0.1.tar.gz"
            }
        ],
        "3.0.2": [
            {
                "comment_text": "",
                "digests": {
                    "md5": "675bfe664457b162d613d70479dad811",
                    "sha256": "4b0872d00159dd8d7a27c4a45a2be77aac8a6e70c3af9a7c76c040c3e3715b9d"
                },
                "downloads": -1,
                "filename": "pytest-3.0.2-py2.py3-none-any.whl",
                "has_sig": false,
                "md5_digest": "675bfe664457b162d613d70479dad811",
                "packagetype": "bdist_wheel",
                "python_version": "2.7",
                "size": 169366,
                "upload_time": "2016-09-02T00:18:31",
                "url": "https://files.pythonhosted.org/packages/c4/bf/80d1cd053b1c86f6ecb23300fba3a7c572419b5edc155da0f3f104d42775/pytest-3.0.2-py2.py3-none-any.whl"
            },
            {
                "comment_text": "",
                "digests": {
                    "md5": "61dc36e65a6f6c11c53b1388e043a9f5",
                    "sha256": "64d8937626dd2a4bc15ef0edd307d26636a72a3f3f9664c424d78e40efb1e339"
                },
                "downloads": -1,
                "filename": "pytest-3.0.2.tar.gz",
                "has_sig": false,
                "md5_digest": "61dc36e65a6f6c11c53b1388e043a9f5",
                "packagetype": "sdist",
                "python_version": "source",
                "size": 727551,
                "upload_time": "2016-09-02T00:18:28",
                "url": "https://files.pythonhosted.org/packages/2b/05/e20806c99afaff43331f5fd8770bb346145303882f98ef3275fa1dd66f6d/pytest-3.0.2.tar.gz"
            }
        ],
        "3.0.3": [
            {
                "comment_text": "",
                "digests": {
                    "md5": "d92f5589c5fcdfa1f2de2965eac704e6",
                    "sha256": "aea87ca4240b79868ccabd14ba56a12eceb1c1e8076b585fe2fa5602a5874db7"
                },
                "downloads": -1,
                "filename": "pytest-3.0.3-py2.py3-none-any.whl",
                "has_sig": false,
                "md5_digest": "d92f5589c5fcdfa1f2de2965eac704e6",
                "packagetype": "bdist_wheel",
                "python_version": "2.7",
                "size": 169853,
                "upload_time": "2016-09-29T21:52:18",
                "url": "https://files.pythonhosted.org/packages/a4/e9/bf75a9a91c4a545bad262937d1defa90d95ac912118a706406e21aef889a/pytest-3.0.3-py2.py3-none-any.whl"
            },
            {
                "comment_text": "",
                "digests": {
                    "md5": "b33b3b1f847d3745a78423762f6b7f6d",
                    "sha256": "f213500a356800a483e8a146ff971ae14a8df3f2c0ae4145181aad96996abee7"
                },
                "downloads": -1,
                "filename": "pytest-3.0.3.tar.gz",
                "has_sig": false,
                "md5_digest": "b33b3b1f847d3745a78423762f6b7f6d",
                "packagetype": "sdist",
                "python_version": "source",
                "size": 731934,
                "upload_time": "2016-09-29T21:52:15",
                "url": "https://files.pythonhosted.org/packages/a0/2f/076c816e2402c4911ccee4b93ba0475145b7cffd0320ca8efa0add7c469c/pytest-3.0.3.tar.gz"
            }
        ],
        "3.0.4": [
            {
                "comment_text": "",
                "digests": {
                    "md5": "995857f0f9ed4f2f1dcd90c8623feb0e",
                    "sha256": "f043cb1eaafc9a10c9de77a7d57ba9ccb1d919edb45926b83c29e2482a41101e"
                },
                "downloads": -1,
                "filename": "pytest-3.0.4-py2.py3-none-any.whl",
                "has_sig": false,
                "md5_digest": "995857f0f9ed4f2f1dcd90c8623feb0e",
                "packagetype": "bdist_wheel",
                "python_version": "2.7",
                "size": 170508,
                "upload_time": "2016-11-11T20:10:09",
                "url": "https://files.pythonhosted.org/packages/10/5b/91cadc7c1b82ae287a50e0d5a2ebc17d8ba60cf6b9e0b5df6f9ad4608d85/pytest-3.0.4-py2.py3-none-any.whl"
            },
            {
                "comment_text": "",
                "digests": {
                    "md5": "0fbf3cf9f127ae34300e2c8bb002b6a6",
                    "sha256": "879fee2c1fdbaacd1bf2c0047677c6dd4aee05b9c1e64330b34d130a584fa40d"
                },
                "downloads": -1,
                "filename": "pytest-3.0.4.tar.gz",
                "has_sig": false,
                "md5_digest": "0fbf3cf9f127ae34300e2c8bb002b6a6",
                "packagetype": "sdist",
                "python_version": "source",
                "size": 733339,
                "upload_time": "2016-11-11T20:10:05",
                "url": "https://files.pythonhosted.org/packages/2f/03/0c636d7191255e1737012e5f9c42368f11b55463aeea46fb1955892cab0d/pytest-3.0.4.tar.gz"
            }
        ],
        "3.0.5": [
            {
                "comment_text": "",
                "digests": {
                    "md5": "790888ee21cfd19c104155b0ae9b84e5",
                    "sha256": "c97bdefdca852d48c3144b8a534a78527534793bac959c10211ed3e037925020"
                },
                "downloads": -1,
                "filename": "pytest-3.0.5-py2.py3-none-any.whl",
                "has_sig": false,
                "md5_digest": "790888ee21cfd19c104155b0ae9b84e5",
                "packagetype": "bdist_wheel",
                "python_version": "2.7",
                "size": 170749,
                "upload_time": "2016-12-05T14:41:37",
                "url": "https://files.pythonhosted.org/packages/dd/28/4abc547194d8e6ff93d3ef186cb809a413d719cdc21e524af08fe986f7c2/pytest-3.0.5-py2.py3-none-any.whl"
            },
            {
                "comment_text": "",
                "digests": {
                    "md5": "cefd527b59332688bf5db4a10aa8a7cb",
                    "sha256": "4a003aa956f023ce91aa6e166b555e6f02a4b0aeb459ac61e14f64c0d39037fd"
                },
                "downloads": -1,
                "filename": "pytest-3.0.5.tar.gz",
                "has_sig": false,
                "md5_digest": "cefd527b59332688bf5db4a10aa8a7cb",
                "packagetype": "sdist",
                "python_version": "source",
                "size": 740656,
                "upload_time": "2016-12-05T14:41:39",
                "url": "https://files.pythonhosted.org/packages/a8/87/b7ca49efe52d2b4169f2bfc49aa5e384173c4619ea8e635f123a0dac5b75/pytest-3.0.5.tar.gz"
            }
        ],
        "3.0.6": [
            {
                "comment_text": "",
                "digests": {
                    "md5": "0fe6fd8b448542047e153bb788d4f360",
                    "sha256": "da0ab50c7eec0683bc24f1c1137db1f4111752054ecdad63125e7ec71316b813"
                },
                "downloads": -1,
                "filename": "pytest-3.0.6-py2.py3-none-any.whl",
                "has_sig": false,
                "md5_digest": "0fe6fd8b448542047e153bb788d4f360",
                "packagetype": "bdist_wheel",
                "python_version": "py2.py3",
                "size": 172198,
                "upload_time": "2017-01-22T21:15:29",
                "url": "https://files.pythonhosted.org/packages/c4/17/73e8eda8fbc18b8421a8b16be8bbbb2a461f4d2405f3628beb8e5d2ca567/pytest-3.0.6-py2.py3-none-any.whl"
            },
            {
                "comment_text": "",
                "digests": {
                    "md5": "6639592fa430567d024189f097fcdbd7",
                    "sha256": "643434a9f1a188271da35e20064cb8b6c5440976c5bb541dc7b5b0e3cf75d940"
                },
                "downloads": -1,
                "filename": "pytest-3.0.6.tar.gz",
                "has_sig": false,
                "md5_digest": "6639592fa430567d024189f097fcdbd7",
                "packagetype": "sdist",
                "python_version": "source",
                "size": 748748,
                "upload_time": "2017-01-22T21:15:32",
                "url": "https://files.pythonhosted.org/packages/68/9c/c06dc051b39b817efd31e4c589df7780f7b287d96fab67e90be1f614fc0a/pytest-3.0.6.tar.gz"
            }
        ],
        "3.0.7": [
            {
                "comment_text": "",
                "digests": {
                    "md5": "36527e0c695868a5653d12988c3b6ff7",
                    "sha256": "66f332ae62593b874a648b10a8cb106bfdacd2c6288ed7dec3713c3a808a6017"
                },
                "downloads": -1,
                "filename": "pytest-3.0.7-py2.py3-none-any.whl",
                "has_sig": false,
                "md5_digest": "36527e0c695868a5653d12988c3b6ff7",
                "packagetype": "bdist_wheel",
                "python_version": "2.7",
                "size": 172518,
                "upload_time": "2017-03-14T21:02:19",
                "url": "https://files.pythonhosted.org/packages/8e/81/40a4b62b1d15441c282db485f8f08c7c38edab9ffe750a31d77805cd5f6a/pytest-3.0.7-py2.py3-none-any.whl"
            },
            {
                "comment_text": "",
                "digests": {
                    "md5": "89c60546507dc7eb6e9e40a6e9f720bd",
                    "sha256": "b70696ebd1a5e6b627e7e3ac1365a4bc60aaf3495e843c1e70448966c5224cab"
                },
                "downloads": -1,
                "filename": "pytest-3.0.7.tar.gz",
                "has_sig": false,
                "md5_digest": "89c60546507dc7eb6e9e40a6e9f720bd",
                "packagetype": "sdist",
                "python_version": "source",
                "size": 743866,
                "upload_time": "2017-03-14T21:02:21",
                "url": "https://files.pythonhosted.org/packages/00/e9/f77dcd80bdb2e52760f38dbd904016da018ab4373898945da744e5e892e9/pytest-3.0.7.tar.gz"
            }
        ],
        "3.1.0": [
            {
                "comment_text": "",
                "digests": {
                    "md5": "7343ec3cb88369474bbc5f8a66a69bac",
                    "sha256": "ac9378a549dd491fd7e468a1310983b7b7dee4894621384cfc9e101b148f4e11"
                },
                "downloads": -1,
                "filename": "pytest-3.1.0-py2.py3-none-any.whl",
                "has_sig": false,
                "md5_digest": "7343ec3cb88369474bbc5f8a66a69bac",
                "packagetype": "bdist_wheel",
                "python_version": "2.7",
                "size": 178702,
                "upload_time": "2017-05-22T21:54:38",
                "url": "https://files.pythonhosted.org/packages/55/9c/5529093be0f518fe710d5b925680429c24810dadd6519c0ca86435656e85/pytest-3.1.0-py2.py3-none-any.whl"
            },
            {
                "comment_text": "",
                "digests": {
                    "md5": "11b609d38edff58bceca8c18efe19078",
                    "sha256": "239c71f1804b57b07806f315752b42f675ddf3109a11ebe8d40eef043db12a83"
                },
                "downloads": -1,
                "filename": "pytest-3.1.0.tar.gz",
                "has_sig": false,
                "md5_digest": "11b609d38edff58bceca8c18efe19078",
                "packagetype": "sdist",
                "python_version": "source",
                "size": 760912,
                "upload_time": "2017-05-22T21:54:45",
                "url": "https://files.pythonhosted.org/packages/50/e2/a28d4c5e4520a0427bc5141703f3296184742e7cb2722ce71fd61020c417/pytest-3.1.0.tar.gz"
            }
        ],
        "3.1.1": [
            {
                "comment_text": "",
                "digests": {
                    "md5": "34f4a39d5265dfc895c19796fd3b0dc1",
                    "sha256": "765ce3acfff504c6c31e3c024c97dd57c8caa9b0cacd5ec3d0ef4c646a1ddf04"
                },
                "downloads": -1,
                "filename": "pytest-3.1.1-py2.py3-none-any.whl",
                "has_sig": false,
                "md5_digest": "34f4a39d5265dfc895c19796fd3b0dc1",
                "packagetype": "bdist_wheel",
                "python_version": "py2.py3",
                "size": 179195,
                "upload_time": "2017-05-31T11:53:02",
                "url": "https://files.pythonhosted.org/packages/43/67/bd3a6148fc8a2d989ded3af319100e30fb6908f2d0a284e5cd9d20fbeb6d/pytest-3.1.1-py2.py3-none-any.whl"
            },
            {
                "comment_text": "",
                "digests": {
                    "md5": "dfb110518cacc5b26ec5dd79877feb16",
                    "sha256": "0173a366a259e1d23b0f433b1f06e1b753110bb33e77a79bd8ea54cbd0b5df15"
                },
                "downloads": -1,
                "filename": "pytest-3.1.1.tar.gz",
                "has_sig": false,
                "md5_digest": "dfb110518cacc5b26ec5dd79877feb16",
                "packagetype": "sdist",
                "python_version": "source",
                "size": 763519,
                "upload_time": "2017-05-31T11:53:05",
                "url": "https://files.pythonhosted.org/packages/96/51/8fa6bdb9c80e21a90e162f6774da2506497ef0c92afae8ba654c3a5ce4c3/pytest-3.1.1.tar.gz"
            }
        ],
        "3.1.2": [
            {
                "comment_text": "",
                "digests": {
                    "md5": "1e28f858f28d5a9f3ff69e1fe7331210",
                    "sha256": "41e618f317957505ae2e81935733d8304d84170f7e21dfb15184d6fa8d7a5230"
                },
                "downloads": -1,
                "filename": "pytest-3.1.2-py2.py3-none-any.whl",
                "has_sig": false,
                "md5_digest": "1e28f858f28d5a9f3ff69e1fe7331210",
                "packagetype": "bdist_wheel",
                "python_version": "py2.py3",
                "size": 180810,
                "upload_time": "2017-06-09T11:16:17",
                "url": "https://files.pythonhosted.org/packages/73/e8/6d02c991f66d25f5a5eb66168295401876377d2937771704d0cd949354de/pytest-3.1.2-py2.py3-none-any.whl"
            },
            {
                "comment_text": "",
                "digests": {
                    "md5": "c4d179f89043cc925e1c169d03128e02",
                    "sha256": "795ec29fbba70b22a593691ce8bcd4bdde2dc96e8099731f73c7d8bb3ce879bf"
                },
                "downloads": -1,
                "filename": "pytest-3.1.2.tar.gz",
                "has_sig": false,
                "md5_digest": "c4d179f89043cc925e1c169d03128e02",
                "packagetype": "sdist",
                "python_version": "source",
                "size": 766406,
                "upload_time": "2017-06-09T11:16:20",
                "url": "https://files.pythonhosted.org/packages/72/2b/2d3155e01f45a5a04427857352ee88220ee39550b2bc078f9db3190aea46/pytest-3.1.2.tar.gz"
            }
        ],
        "3.1.3": [
            {
                "comment_text": "",
                "digests": {
                    "md5": "025bc32f63551a65449f5727b199a556",
                    "sha256": "2a4f483468954621fcc8f74784f3b42531e5b5008d49fc609b37bc4dbc6dead1"
                },
                "downloads": -1,
                "filename": "pytest-3.1.3-py2.py3-none-any.whl",
                "has_sig": false,
                "md5_digest": "025bc32f63551a65449f5727b199a556",
                "packagetype": "bdist_wheel",
                "python_version": "2.7",
                "size": 181141,
                "upload_time": "2017-07-04T15:31:52",
                "url": "https://files.pythonhosted.org/packages/fd/3e/d326a05d083481746a769fc051ae8d25f574ef140ad4fe7f809a2b63c0f0/pytest-3.1.3-py2.py3-none-any.whl"
            },
            {
                "comment_text": "",
                "digests": {
                    "md5": "35356e6e31cbd8318e8b2a8340a90b72",
                    "sha256": "095e1832f7e424563c95daf4d8d3c865052b80e139cdd2f9610a986ee8526206"
                },
                "downloads": -1,
                "filename": "pytest-3.1.3.tar.gz",
                "has_sig": false,
                "md5_digest": "35356e6e31cbd8318e8b2a8340a90b72",
                "packagetype": "sdist",
                "python_version": "source",
                "size": 768801,
                "upload_time": "2017-07-04T15:31:50",
                "url": "https://files.pythonhosted.org/packages/15/c8/6b42bf58f91d72416806472512bb67dabc6edb5a6a8ace29853ff940400a/pytest-3.1.3.tar.gz"
            }
        ],
        "3.2.0": [
            {
                "comment_text": "",
                "digests": {
                    "md5": "eaaf65a8468750061b55946e4c730479",
                    "sha256": "d994b4f28c6d449a467ad3d336544945a0dcf350e3b7b301219547ef5aa8125e"
                },
                "downloads": -1,
                "filename": "pytest-3.2.0-py2.py3-none-any.whl",
                "has_sig": false,
                "md5_digest": "eaaf65a8468750061b55946e4c730479",
                "packagetype": "bdist_wheel",
                "python_version": "py2.py3",
                "size": 186166,
                "upload_time": "2017-08-01T21:55:36",
                "url": "https://files.pythonhosted.org/packages/ba/47/48ffdd8a252b8b65c5532901567c7939dcdc1d11130b531aa4164e95b264/pytest-3.2.0-py2.py3-none-any.whl"
            },
            {
                "comment_text": "",
                "digests": {
                    "md5": "f7c0ffc970b26bdf8e6ba1c67af2ea79",
                    "sha256": "0225cf10b9e173f84729d5f4648211458a222c6e53a77a85e104bc5f31c244ee"
                },
                "downloads": -1,
                "filename": "pytest-3.2.0.tar.gz",
                "has_sig": false,
                "md5_digest": "f7c0ffc970b26bdf8e6ba1c67af2ea79",
                "packagetype": "sdist",
                "python_version": "source",
                "size": 782232,
                "upload_time": "2017-08-01T21:55:44",
                "url": "https://files.pythonhosted.org/packages/41/ef/0ca241c759f607cde0f2d828492d92e18078a2e6b90b409206f53d9446b9/pytest-3.2.0.tar.gz"
            }
        ],
        "3.2.1": [
            {
                "comment_text": "",
                "digests": {
                    "md5": "4aa9b46eb6557e1d0186f801a3320e28",
                    "sha256": "82c1e44a964ec5922c7c3891787df31c8c4f18b6c97a722df56b6cf20bb38c8a"
                },
                "downloads": -1,
                "filename": "pytest-3.2.1-py2.py3-none-any.whl",
                "has_sig": false,
                "md5_digest": "4aa9b46eb6557e1d0186f801a3320e28",
                "packagetype": "bdist_wheel",
                "python_version": "py2.py3",
                "size": 186653,
                "upload_time": "2017-08-09T20:14:23",
                "url": "https://files.pythonhosted.org/packages/e0/1e/d52c6a3a143935410ee33320341ea7bbb770ca8fe89c3d51e18254e0a2ba/pytest-3.2.1-py2.py3-none-any.whl"
            },
            {
                "comment_text": "",
                "digests": {
                    "md5": "635976c2a9b2c2599d69fb0ad5abaf7d",
                    "sha256": "4c2159d2be2b4e13fa293e7a72bdf2f06848a017150d5c6d35112ce51cfd74ce"
                },
                "downloads": -1,
                "filename": "pytest-3.2.1.tar.gz",
                "has_sig": false,
                "md5_digest": "635976c2a9b2c2599d69fb0ad5abaf7d",
                "packagetype": "sdist",
                "python_version": "source",
                "size": 784076,
                "upload_time": "2017-08-09T20:14:27",
                "url": "https://files.pythonhosted.org/packages/6d/9f/1fbd50be4deaa4007ef4ed8f84f888c6613c629e1f46e979ffb9d82a7324/pytest-3.2.1.tar.gz"
            }
        ],
        "3.2.2": [
            {
                "comment_text": "",
                "digests": {
                    "md5": "05dda882ce8876bd1fcff86ae54e603a",
                    "sha256": "b84f554f8ddc23add65c411bf112b2d88e2489fd45f753b1cae5936358bdf314"
                },
                "downloads": -1,
                "filename": "pytest-3.2.2-py2.py3-none-any.whl",
                "has_sig": false,
                "md5_digest": "05dda882ce8876bd1fcff86ae54e603a",
                "packagetype": "bdist_wheel",
                "python_version": "py2.py3",
                "size": 187132,
                "upload_time": "2017-09-07T16:53:13",
                "url": "https://files.pythonhosted.org/packages/e3/fd/75728643baacf174d58e50b69053cc9e2ebcdc97f3b6ad967aec12a59e33/pytest-3.2.2-py2.py3-none-any.whl"
            },
            {
                "comment_text": "",
                "digests": {
                    "md5": "401c005bd57f71e63ba015ab086fe67d",
                    "sha256": "f46e49e0340a532764991c498244a60e3a37d7424a532b3ff1a6a7653f1a403a"
                },
                "downloads": -1,
                "filename": "pytest-3.2.2.tar.gz",
                "has_sig": false,
                "md5_digest": "401c005bd57f71e63ba015ab086fe67d",
                "packagetype": "sdist",
                "python_version": "source",
                "size": 786396,
                "upload_time": "2017-09-07T16:53:23",
                "url": "https://files.pythonhosted.org/packages/63/4a/db317d848325ba77e4ed498860b40ab53a8b49f1ae13612bc8aee75634f0/pytest-3.2.2.tar.gz"
            }
        ],
        "3.2.3": [
            {
                "comment_text": "",
                "digests": {
                    "md5": "92952bc212c5eff0b6f840dcef4f828b",
                    "sha256": "81a25f36a97da3313e1125fce9e7bbbba565bc7fec3c5beb14c262ddab238ac1"
                },
                "downloads": -1,
                "filename": "pytest-3.2.3-py2.py3-none-any.whl",
                "has_sig": false,
                "md5_digest": "92952bc212c5eff0b6f840dcef4f828b",
                "packagetype": "bdist_wheel",
                "python_version": "2.7",
                "size": 187215,
                "upload_time": "2017-10-04T20:26:51",
                "url": "https://files.pythonhosted.org/packages/8c/7d/f5d71f0e28af32388e07bd4ce0dbd2b3539693aadcae4403266173ec87fa/pytest-3.2.3-py2.py3-none-any.whl"
            },
            {
                "comment_text": "",
                "digests": {
                    "md5": "698f8929e095a1c37876b5567943be79",
                    "sha256": "27fa6617efc2869d3e969a3e75ec060375bfb28831ade8b5cdd68da3a741dc3c"
                },
                "downloads": -1,
                "filename": "pytest-3.2.3.tar.gz",
                "has_sig": false,
                "md5_digest": "698f8929e095a1c37876b5567943be79",
                "packagetype": "sdist",
                "python_version": "source",
                "size": 788686,
                "upload_time": "2017-10-04T20:26:54",
                "url": "https://files.pythonhosted.org/packages/53/d0/208853c09be8377e6d4de7c0df875ef7ef37189373d76a74b65b44e50528/pytest-3.2.3.tar.gz"
            }
        ],
        "3.2.4": [
            {
                "comment_text": "",
                "digests": {
                    "md5": "5d051b4b803cefc9aa95892a24c5bfe8",
                    "sha256": "cfee9a9b6c0e76962490135fb978b65734e639ff39cde1358f5473fad92dabd9"
                },
                "downloads": -1,
                "filename": "pytest-3.2.4-py2.py3-none-any.whl",
                "has_sig": false,
                "md5_digest": "5d051b4b803cefc9aa95892a24c5bfe8",
                "packagetype": "bdist_wheel",
                "python_version": "2.7",
                "size": 188192,
                "upload_time": "2017-11-14T20:30:27",
                "url": "https://files.pythonhosted.org/packages/bd/0e/59807cd3f403b6a63510c7688823943d4c225aee7fef002fa8760f86668a/pytest-3.2.4-py2.py3-none-any.whl"
            },
            {
                "comment_text": "",
                "digests": {
                    "md5": "2ed8660a7b15075e90178aa7b6662362",
                    "sha256": "f50c9d0e07f0b028f6046448cd7b66bd48ff4ed004641db3ea2898af3b9eaeee"
                },
                "downloads": -1,
                "filename": "pytest-3.2.4.tar.gz",
                "has_sig": false,
                "md5_digest": "2ed8660a7b15075e90178aa7b6662362",
                "packagetype": "sdist",
                "python_version": "source",
                "size": 792352,
                "upload_time": "2017-11-14T20:30:29",
                "url": "https://files.pythonhosted.org/packages/36/85/9b92d1c31c42fdc8a57d4e36d4c8e383caa3ce48f4c134d5c51d1efa8e1c/pytest-3.2.4.tar.gz"
            }
        ],
        "3.2.5": [
            {
                "comment_text": "",
                "digests": {
                    "md5": "9c8ab8b299cdaa6a441063861eb2a75b",
                    "sha256": "241d7e7798d79192a123ceaf64c602b4d233eacf6d6e42ae27caa97f498b7dc6"
                },
                "downloads": -1,
                "filename": "pytest-3.2.5-py2.py3-none-any.whl",
                "has_sig": false,
                "md5_digest": "9c8ab8b299cdaa6a441063861eb2a75b",
                "packagetype": "bdist_wheel",
                "python_version": "2.7",
                "size": 188182,
                "upload_time": "2017-11-15T11:22:20",
                "url": "https://files.pythonhosted.org/packages/ef/41/d8a61f1b2ba308e96b36106e95024977e30129355fd12087f23e4b9852a1/pytest-3.2.5-py2.py3-none-any.whl"
            },
            {
                "comment_text": "",
                "digests": {
                    "md5": "6dbe9bb093883f75394a689a1426ac6f",
                    "sha256": "6d5bd4f7113b444c55a3bbb5c738a3dd80d43563d063fc42dcb0aaefbdd78b81"
                },
                "downloads": -1,
                "filename": "pytest-3.2.5.tar.gz",
                "has_sig": false,
                "md5_digest": "6dbe9bb093883f75394a689a1426ac6f",
                "packagetype": "sdist",
                "python_version": "source",
                "size": 792397,
                "upload_time": "2017-11-15T11:22:18",
                "url": "https://files.pythonhosted.org/packages/1f/f8/8cd74c16952163ce0db0bd95fdd8810cbf093c08be00e6e665ebf0dc3138/pytest-3.2.5.tar.gz"
            }
        ],
        "3.3.0": [
            {
                "comment_text": "",
                "digests": {
                    "md5": "334ee86af89c9811462b1b39bc2bfbca",
                    "sha256": "72186b294cc88322a4427225fdb9240c95e3f01cc53c1ea4f4f79ffe39ff1955"
                },
                "downloads": -1,
                "filename": "pytest-3.3.0-py2.py3-none-any.whl",
                "has_sig": false,
                "md5_digest": "334ee86af89c9811462b1b39bc2bfbca",
                "packagetype": "bdist_wheel",
                "python_version": "2.7",
                "size": 184202,
                "upload_time": "2017-11-27T21:34:21",
                "url": "https://files.pythonhosted.org/packages/98/ec/3e5ca93027bcf88451afb5924a566e790e5e393d6de734b03044d0826176/pytest-3.3.0-py2.py3-none-any.whl"
            },
            {
                "comment_text": "",
                "digests": {
                    "md5": "98a34c3e039192cccaf5df758b084c25",
                    "sha256": "6db1c070aa412c30647b6aeb13c55670f900cf00fbafa003cdde560c3f4a8d76"
                },
                "downloads": -1,
                "filename": "pytest-3.3.0.tar.gz",
                "has_sig": false,
                "md5_digest": "98a34c3e039192cccaf5df758b084c25",
                "packagetype": "sdist",
                "python_version": "source",
                "size": 799676,
                "upload_time": "2017-11-27T21:34:18",
                "url": "https://files.pythonhosted.org/packages/41/6f/ed63db45ad82db405c77c807d75d66311d385e1b6bf476ec46bde0c9462a/pytest-3.3.0.tar.gz"
            }
        ],
        "3.3.1": [
            {
                "comment_text": "",
                "digests": {
                    "md5": "a2a9f7e16edb834d31e4b0e80e64c7f2",
                    "sha256": "ae4a2d0bae1098bbe938ecd6c20a526d5d47a94dc42ad7331c9ad06d0efe4962"
                },
                "downloads": -1,
                "filename": "pytest-3.3.1-py2.py3-none-any.whl",
                "has_sig": false,
                "md5_digest": "a2a9f7e16edb834d31e4b0e80e64c7f2",
                "packagetype": "bdist_wheel",
                "python_version": "2.7",
                "size": 184410,
                "upload_time": "2017-12-06T00:19:53",
                "url": "https://files.pythonhosted.org/packages/22/06/483d4c1a081bd29586f50572dfbcfc9c78b6269841e3aa706fc37418769e/pytest-3.3.1-py2.py3-none-any.whl"
            },
            {
                "comment_text": "",
                "digests": {
                    "md5": "6c056c2c41dfd2a0766682b942abf39c",
                    "sha256": "cf8436dc59d8695346fcd3ab296de46425ecab00d64096cebe79fb51ecb2eb93"
                },
                "downloads": -1,
                "filename": "pytest-3.3.1.tar.gz",
                "has_sig": false,
                "md5_digest": "6c056c2c41dfd2a0766682b942abf39c",
                "packagetype": "sdist",
                "python_version": "source",
                "size": 797469,
                "upload_time": "2017-12-06T00:19:51",
                "url": "https://files.pythonhosted.org/packages/fb/ee/ceb80b45e768e67ee848dfd4fc407a4ccfc6d93c904c49fad1e5495a079f/pytest-3.3.1.tar.gz"
            }
        ],
        "3.3.2": [
            {
                "comment_text": "",
                "digests": {
                    "md5": "5f7a1be1015c59c6242edf0af4075314",
                    "sha256": "b84878865558194630c6147f44bdaef27222a9f153bbd4a08908b16bf285e0b1"
                },
                "downloads": -1,
                "filename": "pytest-3.3.2-py2.py3-none-any.whl",
                "has_sig": false,
                "md5_digest": "5f7a1be1015c59c6242edf0af4075314",
                "packagetype": "bdist_wheel",
                "python_version": "py2.py3",
                "size": 185165,
                "upload_time": "2018-01-04T22:40:45",
                "url": "https://files.pythonhosted.org/packages/38/af/8dcf688d192914928393f931b7b550f2530299bbb08018b2f17efa6aab73/pytest-3.3.2-py2.py3-none-any.whl"
            },
            {
                "comment_text": "",
                "digests": {
                    "md5": "c3757fbdfebd5d8f402fdd5fc1dcb9b5",
                    "sha256": "53548280ede7818f4dc2ad96608b9f08ae2cc2ca3874f2ceb6f97e3583f25bc4"
                },
                "downloads": -1,
                "filename": "pytest-3.3.2.tar.gz",
                "has_sig": false,
                "md5_digest": "c3757fbdfebd5d8f402fdd5fc1dcb9b5",
                "packagetype": "sdist",
                "python_version": "source",
                "size": 800095,
                "upload_time": "2018-01-04T22:40:55",
                "url": "https://files.pythonhosted.org/packages/d0/00/2546e70b2cc1d3df4e736a43871dfde54855277446cec376f871e36f7e03/pytest-3.3.2.tar.gz"
            }
        ],
        "3.4.0": [
            {
                "comment_text": "",
                "digests": {
                    "md5": "588c51753d59c36844a1040da559fda3",
                    "sha256": "95fa025cd6deb5d937e04e368a00552332b58cae23f63b76c8c540ff1733ab6d"
                },
                "downloads": -1,
                "filename": "pytest-3.4.0-py2.py3-none-any.whl",
                "has_sig": false,
                "md5_digest": "588c51753d59c36844a1040da559fda3",
                "packagetype": "bdist_wheel",
                "python_version": "2.7",
                "size": 188539,
                "upload_time": "2018-01-30T22:07:25",
                "url": "https://files.pythonhosted.org/packages/41/e4/9de71dc666485c921f5c8d2d8078109af1f3925bf52f17ccf4c7cc19a8a0/pytest-3.4.0-py2.py3-none-any.whl"
            },
            {
                "comment_text": "",
                "digests": {
                    "md5": "6f402b2115c2dc97bbf69739990a1d79",
                    "sha256": "6074ea3b9c999bd6d0df5fa9d12dd95ccd23550df2a582f5f5b848331d2e82ca"
                },
                "downloads": -1,
                "filename": "pytest-3.4.0.tar.gz",
                "has_sig": false,
                "md5_digest": "6f402b2115c2dc97bbf69739990a1d79",
                "packagetype": "sdist",
                "python_version": "source",
                "size": 812403,
                "upload_time": "2018-01-30T22:07:21",
                "url": "https://files.pythonhosted.org/packages/a8/84/25b93a15997be680fc8ce1a7b9315b03650ced546908e5008c0912b1c2e1/pytest-3.4.0.tar.gz"
            }
        ],
        "3.4.1": [
            {
                "comment_text": "",
                "digests": {
                    "md5": "7b53b63472a4ef68d5055e750e62dc63",
                    "sha256": "8970e25181e15ab14ae895599a0a0e0ade7d1f1c4c8ca1072ce16f25526a184d"
                },
                "downloads": -1,
                "filename": "pytest-3.4.1-py2.py3-none-any.whl",
                "has_sig": false,
                "md5_digest": "7b53b63472a4ef68d5055e750e62dc63",
                "packagetype": "bdist_wheel",
                "python_version": "py2.py3",
                "size": 188904,
                "upload_time": "2018-02-20T21:05:07",
                "url": "https://files.pythonhosted.org/packages/7e/bf/e4ae65a07d4a7f69725dd7f0803cf57cf708f17dd7354427a3937ccab95d/pytest-3.4.1-py2.py3-none-any.whl"
            },
            {
                "comment_text": "",
                "digests": {
                    "md5": "6768537cbb150022387c565051904a1c",
                    "sha256": "9ddcb879c8cc859d2540204b5399011f842e5e8823674bf429f70ada281b3cc6"
                },
                "downloads": -1,
                "filename": "pytest-3.4.1.tar.gz",
                "has_sig": false,
                "md5_digest": "6768537cbb150022387c565051904a1c",
                "packagetype": "sdist",
                "python_version": "source",
                "size": 812928,
                "upload_time": "2018-02-20T21:05:09",
                "url": "https://files.pythonhosted.org/packages/84/11/a6fe751118861b4d6587e07633f2e055733fc3678f7e5d7ae30303d90b7e/pytest-3.4.1.tar.gz"
            }
        ],
        "3.4.2": [
            {
                "comment_text": "",
                "digests": {
                    "md5": "a76565710fedf1ee764f928d27955dcb",
                    "sha256": "062027955bccbc04d2fcd5d79690947e018ba31abe4c90b2c6721abec734261b"
                },
                "downloads": -1,
                "filename": "pytest-3.4.2-py2.py3-none-any.whl",
                "has_sig": false,
                "md5_digest": "a76565710fedf1ee764f928d27955dcb",
                "packagetype": "bdist_wheel",
                "python_version": "py2.py3",
                "size": 189145,
                "upload_time": "2018-03-05T22:35:34",
                "url": "https://files.pythonhosted.org/packages/f1/5c/411ceafef3b5e5486d16f174db18dc26f49e7704dbf59ef488e95db47339/pytest-3.4.2-py2.py3-none-any.whl"
            },
            {
                "comment_text": "",
                "digests": {
                    "md5": "1b83a25d45fad893f430fc5031653c56",
                    "sha256": "117bad36c1a787e1a8a659df35de53ba05f9f3398fb9e4ac17e80ad5903eb8c5"
                },
                "downloads": -1,
                "filename": "pytest-3.4.2.tar.gz",
                "has_sig": false,
                "md5_digest": "1b83a25d45fad893f430fc5031653c56",
                "packagetype": "sdist",
                "python_version": "source",
                "size": 812719,
                "upload_time": "2018-03-05T22:35:36",
                "url": "https://files.pythonhosted.org/packages/dd/05/4579d3028ba1740467690c3427d3991eff91f95cbaa6bb0280f40708721a/pytest-3.4.2.tar.gz"
            }
        ],
        "3.5.0": [
            {
                "comment_text": "",
                "digests": {
                    "md5": "c0b6697b7130c495aba71cdfcf939cc9",
                    "sha256": "6266f87ab64692112e5477eba395cfedda53b1933ccd29478e671e73b420c19c"
                },
                "downloads": -1,
                "filename": "pytest-3.5.0-py2.py3-none-any.whl",
                "has_sig": false,
                "md5_digest": "c0b6697b7130c495aba71cdfcf939cc9",
                "packagetype": "bdist_wheel",
                "python_version": "py2.py3",
                "size": 194247,
                "upload_time": "2018-03-22T23:47:54",
                "url": "https://files.pythonhosted.org/packages/ed/96/271c93f75212c06e2a7ec3e2fa8a9c90acee0a4838dc05bf379ea09aae31/pytest-3.5.0-py2.py3-none-any.whl"
            },
            {
                "comment_text": "",
                "digests": {
                    "md5": "b8e13a4091f07ff1fda081cf40ff99f1",
                    "sha256": "fae491d1874f199537fd5872b5e1f0e74a009b979df9d53d1553fd03da1703e1"
                },
                "downloads": -1,
                "filename": "pytest-3.5.0.tar.gz",
                "has_sig": false,
                "md5_digest": "b8e13a4091f07ff1fda081cf40ff99f1",
                "packagetype": "sdist",
                "python_version": "source",
                "size": 830816,
                "upload_time": "2018-03-22T23:47:56",
                "url": "https://files.pythonhosted.org/packages/2d/56/6019153cdd743300c5688ab3b07702355283e53c83fbf922242c053ffb7b/pytest-3.5.0.tar.gz"
            }
        ],
        "3.5.1": [
            {
                "comment_text": "",
                "digests": {
                    "md5": "01b206fe1d54f5255c360743ac9a044d",
                    "sha256": "829230122facf05a5f81a6d4dfe6454a04978ea3746853b2b84567ecf8e5c526"
                },
                "downloads": -1,
                "filename": "pytest-3.5.1-py2.py3-none-any.whl",
                "has_sig": false,
                "md5_digest": "01b206fe1d54f5255c360743ac9a044d",
                "packagetype": "bdist_wheel",
                "python_version": "py2.py3",
                "size": 192143,
                "upload_time": "2018-04-24T21:37:43",
                "url": "https://files.pythonhosted.org/packages/76/52/fc48d02492d9e6070cb672d9133382e83084f567f88eff1c27bd2c6c27a8/pytest-3.5.1-py2.py3-none-any.whl"
            },
            {
                "comment_text": "",
                "digests": {
                    "md5": "ffd870ee3ca561695d2f916f0f0f3c0b",
                    "sha256": "54713b26c97538db6ff0703a12b19aeaeb60b5e599de542e7fca0ec83b9038e8"
                },
                "downloads": -1,
                "filename": "pytest-3.5.1.tar.gz",
                "has_sig": false,
                "md5_digest": "ffd870ee3ca561695d2f916f0f0f3c0b",
                "packagetype": "sdist",
                "python_version": "source",
                "size": 830571,
                "upload_time": "2018-04-24T21:37:44",
                "url": "https://files.pythonhosted.org/packages/b2/85/24954df0ea8156599563b753de54383a5d702081093b7953334e4701b8d8/pytest-3.5.1.tar.gz"
            }
        ],
        "3.6.0": [
            {
                "comment_text": "",
                "digests": {
                    "md5": "6722eea41b7c90708e5529334ba76be5",
                    "sha256": "c76e93f3145a44812955e8d46cdd302d8a45fbfc7bf22be24fe231f9d8d8853a"
                },
                "downloads": -1,
                "filename": "pytest-3.6.0-py2.py3-none-any.whl",
                "has_sig": false,
                "md5_digest": "6722eea41b7c90708e5529334ba76be5",
                "packagetype": "bdist_wheel",
                "python_version": "py2.py3",
                "size": 194032,
                "upload_time": "2018-05-23T10:46:58",
                "url": "https://files.pythonhosted.org/packages/62/59/950a805f90587d6e2f3692cf43700becb7cdf6c16b06d84e7516b199236b/pytest-3.6.0-py2.py3-none-any.whl"
            },
            {
                "comment_text": "",
                "digests": {
                    "md5": "cbb3559c26eef6f84e5fa92783821101",
                    "sha256": "39555d023af3200d004d09e51b4dd9fdd828baa863cded3fd6ba2f29f757ae2d"
                },
                "downloads": -1,
                "filename": "pytest-3.6.0.tar.gz",
                "has_sig": false,
                "md5_digest": "cbb3559c26eef6f84e5fa92783821101",
                "packagetype": "sdist",
                "python_version": "source",
                "size": 837109,
                "upload_time": "2018-05-23T10:47:00",
                "url": "https://files.pythonhosted.org/packages/67/6a/5bcdc22f8dbada1d2910d6e1a3a03f6b14306c78f81122890735b28be4bf/pytest-3.6.0.tar.gz"
            }
        ]
    },
    "urls": [
        {
            "comment_text": "",
            "digests": {
                "md5": "6722eea41b7c90708e5529334ba76be5",
                "sha256": "c76e93f3145a44812955e8d46cdd302d8a45fbfc7bf22be24fe231f9d8d8853a"
            },
            "downloads": -1,
            "filename": "pytest-3.6.0-py2.py3-none-any.whl",
            "has_sig": false,
            "md5_digest": "6722eea41b7c90708e5529334ba76be5",
            "packagetype": "bdist_wheel",
            "python_version": "py2.py3",
            "size": 194032,
            "upload_time": "2018-05-23T10:46:58",
            "url": "https://files.pythonhosted.org/packages/62/59/950a805f90587d6e2f3692cf43700becb7cdf6c16b06d84e7516b199236b/pytest-3.6.0-py2.py3-none-any.whl"
        },
        {
            "comment_text": "",
            "digests": {
                "md5": "cbb3559c26eef6f84e5fa92783821101",
                "sha256": "39555d023af3200d004d09e51b4dd9fdd828baa863cded3fd6ba2f29f757ae2d"
            },
            "downloads": -1,
            "filename": "pytest-3.6.0.tar.gz",
            "has_sig": false,
            "md5_digest": "cbb3559c26eef6f84e5fa92783821101",
            "packagetype": "sdist",
            "python_version": "source",
            "size": 837109,
            "upload_time": "2018-05-23T10:47:00",
            "url": "https://files.pythonhosted.org/packages/67/6a/5bcdc22f8dbada1d2910d6e1a3a03f6b14306c78f81122890735b28be4bf/pytest-3.6.0.tar.gz"
        }
    ],
    "package_name": "pytest"
}