{
    "info": {
        "author": "Facebook",
        "author_email": "python-tornado@googlegroups.com",
        "bugtrack_url": "",
        "classifiers": [
            "License :: OSI Approved :: Apache Software License",
            "Programming Language :: Python :: 2",
            "Programming Language :: Python :: 2.7",
            "Programming Language :: Python :: 3",
            "Programming Language :: Python :: 3.4",
            "Programming Language :: Python :: 3.5",
            "Programming Language :: Python :: 3.6",
            "Programming Language :: Python :: Implementation :: CPython",
            "Programming Language :: Python :: Implementation :: PyPy"
        ],
        "description": "Tornado Web Server\n==================\n\n.. image:: https://badges.gitter.im/Join%20Chat.svg\n   :alt: Join the chat at https://gitter.im/tornadoweb/tornado\n   :target: https://gitter.im/tornadoweb/tornado?utm_source=badge&utm_medium=badge&utm_campaign=pr-badge&utm_content=badge\n\n`Tornado <http://www.tornadoweb.org>`_ is a Python web framework and\nasynchronous networking library, originally developed at `FriendFeed\n<http://friendfeed.com>`_.  By using non-blocking network I/O, Tornado\ncan scale to tens of thousands of open connections, making it ideal for\n`long polling <http://en.wikipedia.org/wiki/Push_technology#Long_Polling>`_,\n`WebSockets <http://en.wikipedia.org/wiki/WebSocket>`_, and other\napplications that require a long-lived connection to each user.\n\nHello, world\n------------\n\nHere is a simple \"Hello, world\" example web app for Tornado:\n\n.. code-block:: python\n\n    import tornado.ioloop\n    import tornado.web\n\n    class MainHandler(tornado.web.RequestHandler):\n        def get(self):\n            self.write(\"Hello, world\")\n\n    def make_app():\n        return tornado.web.Application([\n            (r\"/\", MainHandler),\n        ])\n\n    if __name__ == \"__main__\":\n        app = make_app()\n        app.listen(8888)\n        tornado.ioloop.IOLoop.current().start()\n\nThis example does not use any of Tornado's asynchronous features; for\nthat see this `simple chat room\n<https://github.com/tornadoweb/tornado/tree/stable/demos/chat>`_.\n\nDocumentation\n-------------\n\nDocumentation and links to additional resources are available at\nhttp://www.tornadoweb.org\n\n\n",
        "description_content_type": "",
        "docs_url": null,
        "download_url": "",
        "downloads": {
            "last_day": -1,
            "last_month": -1,
            "last_week": -1
        },
        "home_page": "http://www.tornadoweb.org/",
        "keywords": "",
        "license": "http://www.apache.org/licenses/LICENSE-2.0",
        "maintainer": "",
        "maintainer_email": "",
        "name": "tornado",
        "package_url": "https://pypi.org/project/tornado/",
        "platform": "",
        "project_url": "https://pypi.org/project/tornado/",
        "release_url": "https://pypi.org/project/tornado/5.0.2/",
        "requires_dist": null,
        "requires_python": ">= 2.7, !=3.0.*, !=3.1.*, !=3.2.*, != 3.3.*",
        "summary": "Tornado is a Python web framework and asynchronous networking library, originally developed at FriendFeed.",
        "version": "5.0.2"
    },
    "last_serial": 3744585,
    "releases": {
        "0.2": [
            {
                "comment_text": "",
                "digests": {
                    "md5": "ac4e1a5821de93cd187ef3abd5bf480f",
                    "sha256": "ed1594a264dee1d1432a08b4c5564e5ec098bf3623fe1a66a879750997b454b9"
                },
                "downloads": -1,
                "filename": "tornado-0.2.tar.gz",
                "has_sig": false,
                "md5_digest": "ac4e1a5821de93cd187ef3abd5bf480f",
                "packagetype": "sdist",
                "python_version": "source",
                "size": 121549,
                "upload_time": "2010-05-18T11:03:55",
                "url": "https://files.pythonhosted.org/packages/5a/f1/f5fc3e5a155996b6fcf3051e7061709ab66ff175cf5642044523cbb66fd0/tornado-0.2.tar.gz"
            }
        ],
        "1.0": [
            {
                "comment_text": "",
                "digests": {
                    "md5": "5d87f25839af90a2ae5a862a40779e41",
                    "sha256": "6b6743afbe3282434251ef5f4c681f8ecb63a01d8230771bce95fa05fdccc9da"
                },
                "downloads": -1,
                "filename": "tornado-1.0.tar.gz",
                "has_sig": false,
                "md5_digest": "5d87f25839af90a2ae5a862a40779e41",
                "packagetype": "sdist",
                "python_version": "source",
                "size": 127311,
                "upload_time": "2010-07-23T14:11:36",
                "url": "https://files.pythonhosted.org/packages/01/ff/3fe5581bbdec37c396dd04ae3e5019c31e45cc05a6afc5276ff990fe1667/tornado-1.0.tar.gz"
            }
        ],
        "1.1": [
            {
                "comment_text": "",
                "digests": {
                    "md5": "dd6914d09b258545bd138763c16c6c1f",
                    "sha256": "3c3d8cee02b38e99fc0f1cf148651fbe0439a3d244b5fe147c7e3195a2275c99"
                },
                "downloads": -1,
                "filename": "tornado-1.1.tar.gz",
                "has_sig": false,
                "md5_digest": "dd6914d09b258545bd138763c16c6c1f",
                "packagetype": "sdist",
                "python_version": "source",
                "size": 136083,
                "upload_time": "2014-05-22T01:39:08",
                "url": "https://files.pythonhosted.org/packages/f9/58/f19092451cdf2bd2ff5822a81153c049fa21d62cb0866cb2680202827d2d/tornado-1.1.tar.gz"
            }
        ],
        "1.1.1": [
            {
                "comment_text": "",
                "digests": {
                    "md5": "b68ec3957382e0f8b5a70ecc5155423c",
                    "sha256": "88e930200859d3d83add1f9b17cb44574b19ba84ac50222178314b283960416e"
                },
                "downloads": -1,
                "filename": "tornado-1.1.1.tar.gz",
                "has_sig": false,
                "md5_digest": "b68ec3957382e0f8b5a70ecc5155423c",
                "packagetype": "sdist",
                "python_version": "source",
                "size": 141511,
                "upload_time": "2014-05-22T01:40:08",
                "url": "https://files.pythonhosted.org/packages/b0/ca/4a5b1fc704757bc946d3c7d3916350efff344ee3ab5c85998cd51b48e2c3/tornado-1.1.1.tar.gz"
            }
        ],
        "1.2": [
            {
                "comment_text": "",
                "digests": {
                    "md5": "268daf20ffa4faf61e5c8c7c760d44fd",
                    "sha256": "73f054d20dc47dc02ac7274a09201afe36676dd72773a36b73b9e698f079bcc5"
                },
                "downloads": -1,
                "filename": "tornado-1.2.tar.gz",
                "has_sig": false,
                "md5_digest": "268daf20ffa4faf61e5c8c7c760d44fd",
                "packagetype": "sdist",
                "python_version": "source",
                "size": 269411,
                "upload_time": "2014-05-22T01:38:41",
                "url": "https://files.pythonhosted.org/packages/bb/5d/0fc9ca2a2b936007dc8e910d18e4de9bd6d63c42c26c9051ab04c5aafc66/tornado-1.2.tar.gz"
            }
        ],
        "1.2.1": [
            {
                "comment_text": "",
                "digests": {
                    "md5": "e2bfb4e0d97e79101dfb0832d76f9e2b",
                    "sha256": "a0cc7385f85061211816d3e0fa54b2bce30ff6338806f3167de3303ee01beee4"
                },
                "downloads": -1,
                "filename": "tornado-1.2.1.tar.gz",
                "has_sig": false,
                "md5_digest": "e2bfb4e0d97e79101dfb0832d76f9e2b",
                "packagetype": "sdist",
                "python_version": "source",
                "size": 269248,
                "upload_time": "2014-05-22T01:38:15",
                "url": "https://files.pythonhosted.org/packages/74/a0/c99f504adbf39c339df4c0619c82f101c0bfb17f0c85065ffc96de9198df/tornado-1.2.1.tar.gz"
            }
        ],
        "2.0": [
            {
                "comment_text": "",
                "digests": {
                    "md5": "26ae11d3292d12e3588b10d737009ec7",
                    "sha256": "24c445f0cd2b95f5c637b90e080ea187b185b7e45bc0e334359b62e433132c4e"
                },
                "downloads": -1,
                "filename": "tornado-2.0.tar.gz",
                "has_sig": false,
                "md5_digest": "26ae11d3292d12e3588b10d737009ec7",
                "packagetype": "sdist",
                "python_version": "source",
                "size": 288328,
                "upload_time": "2014-05-22T01:37:54",
                "url": "https://files.pythonhosted.org/packages/74/af/e90c7643bae2cfb10933312329ef4304843f93482ff5a2beed32938c44f0/tornado-2.0.tar.gz"
            }
        ],
        "2.1": [
            {
                "comment_text": "",
                "digests": {
                    "md5": "641b4091db56ce2ad2d37ce9705ad325",
                    "sha256": "036b2987b96341f8d9075f72a171a27a59b403e2c385446696c7d1a11497f1ab"
                },
                "downloads": -1,
                "filename": "tornado-2.1.tar.gz",
                "has_sig": false,
                "md5_digest": "641b4091db56ce2ad2d37ce9705ad325",
                "packagetype": "sdist",
                "python_version": "source",
                "size": 318159,
                "upload_time": "2014-05-22T01:37:22",
                "url": "https://files.pythonhosted.org/packages/07/97/619800ed69a46bc0c0fdc6c9a595ddedd18bab32876b8eadfc9a2ebd583c/tornado-2.1.tar.gz"
            }
        ],
        "2.1.1": [
            {
                "comment_text": "",
                "digests": {
                    "md5": "3cfa12efec87a26e013128388e1e6aa7",
                    "sha256": "cfb3808d62d3b27f5db2a7599043b9a419ddbad518e30353e78f27bc02e064b5"
                },
                "downloads": -1,
                "filename": "tornado-2.1.1.tar.gz",
                "has_sig": false,
                "md5_digest": "3cfa12efec87a26e013128388e1e6aa7",
                "packagetype": "sdist",
                "python_version": "source",
                "size": 318796,
                "upload_time": "2014-05-22T01:36:58",
                "url": "https://files.pythonhosted.org/packages/68/cd/89f3838913bc999c5d3692e8069314f4dec4e099636ee36f65b23d867b67/tornado-2.1.1.tar.gz"
            }
        ],
        "2.2": [
            {
                "comment_text": "",
                "digests": {
                    "md5": "0b2c9d822e213d7ea2b7ebebca357623",
                    "sha256": "246f9c7cd476fc17a09c86cbcbab2350353dc0c6d9220e1acc8814186a1a0466"
                },
                "downloads": -1,
                "filename": "tornado-2.2.tar.gz",
                "has_sig": false,
                "md5_digest": "0b2c9d822e213d7ea2b7ebebca357623",
                "packagetype": "sdist",
                "python_version": "source",
                "size": 330317,
                "upload_time": "2014-05-22T01:36:37",
                "url": "https://files.pythonhosted.org/packages/7f/0c/9f276b1575b1f787623258c9db44afa4e8a65867b86a1ded910e26670052/tornado-2.2.tar.gz"
            }
        ],
        "2.2.1": [
            {
                "comment_text": "",
                "digests": {
                    "md5": "ad8d943262bff57ef1b8f7b6d502ba04",
                    "sha256": "466fea7696457be3d7b9c9a97c16011f0988788336e7d6fd344554a042d203c1"
                },
                "downloads": -1,
                "filename": "tornado-2.2.1.tar.gz",
                "has_sig": false,
                "md5_digest": "ad8d943262bff57ef1b8f7b6d502ba04",
                "packagetype": "sdist",
                "python_version": "source",
                "size": 330509,
                "upload_time": "2014-05-22T01:35:53",
                "url": "https://files.pythonhosted.org/packages/d8/da/b44fa82b5396b23b2ed88e84b04c3b477d88e8891ceb801dcc21ab6888b2/tornado-2.2.1.tar.gz"
            }
        ],
        "2.3": [
            {
                "comment_text": "",
                "digests": {
                    "md5": "810c3ecd425924fbf0aa1fa040f93ad1",
                    "sha256": "627ef58b7134781c814ac81d83cd435d4b9ebf3b5ba94c2102a1259740c4415c"
                },
                "downloads": -1,
                "filename": "tornado-2.3.tar.gz",
                "has_sig": false,
                "md5_digest": "810c3ecd425924fbf0aa1fa040f93ad1",
                "packagetype": "sdist",
                "python_version": "source",
                "size": 338950,
                "upload_time": "2012-06-01T06:46:20",
                "url": "https://files.pythonhosted.org/packages/2d/3e/5bdd940faa3fb7134055c88d236b9c6cb84d279ac88713825da7b980a4d2/tornado-2.3.tar.gz"
            }
        ],
        "2.4": [
            {
                "comment_text": "",
                "digests": {
                    "md5": "c738af97c31dd70f41f6726cf0968941",
                    "sha256": "154f69547fd4731f3472b4094055567c3836b2af613068499cc6d09c2333ffbf"
                },
                "downloads": -1,
                "filename": "tornado-2.4.tar.gz",
                "has_sig": false,
                "md5_digest": "c738af97c31dd70f41f6726cf0968941",
                "packagetype": "sdist",
                "python_version": "source",
                "size": 347522,
                "upload_time": "2012-09-04T17:53:49",
                "url": "https://files.pythonhosted.org/packages/2d/9a/38e855094bd11cba89cd2a50a54c31019ef4a45785fe12be6aa9a7c633de/tornado-2.4.tar.gz"
            }
        ],
        "2.4.1": [
            {
                "comment_text": "",
                "digests": {
                    "md5": "9b7146cbe7cce015e35856b592707b9b",
                    "sha256": "14d392cf14698eba75b9299748fa83716f7c02fc49684dfc5011668c30ba6b00"
                },
                "downloads": -1,
                "filename": "tornado-2.4.1.tar.gz",
                "has_sig": false,
                "md5_digest": "9b7146cbe7cce015e35856b592707b9b",
                "packagetype": "sdist",
                "python_version": "source",
                "size": 348198,
                "upload_time": "2012-11-25T02:36:24",
                "url": "https://files.pythonhosted.org/packages/2b/29/c8590fd2072afd307412277a4505e282225425d89e556e2cc223eb2ecad7/tornado-2.4.1.tar.gz"
            }
        ],
        "3.0": [
            {
                "comment_text": "",
                "digests": {
                    "md5": "e01f9ae85838e8ed40d977b9ffc90884",
                    "sha256": "f5740cd779caa1effb0e6f079433c97bc1b7948c88b296279b63faa463b4222d"
                },
                "downloads": -1,
                "filename": "tornado-3.0.tar.gz",
                "has_sig": false,
                "md5_digest": "e01f9ae85838e8ed40d977b9ffc90884",
                "packagetype": "sdist",
                "python_version": "source",
                "size": 348656,
                "upload_time": "2013-03-29T13:09:15",
                "url": "https://files.pythonhosted.org/packages/94/28/496d3eb40f3f5a3c315f94830c729f2dff00e637b560ed29d8fd48f374da/tornado-3.0.tar.gz"
            }
        ],
        "3.0.1": [
            {
                "comment_text": "",
                "digests": {
                    "md5": "20423cb0c1ea7ee1e7a58983099969b2",
                    "sha256": "1d0f13df1358ba8f0511bf2d2f7b2cf74abb46f43d45974f8f0797bfcbfbe8f3"
                },
                "downloads": -1,
                "filename": "tornado-3.0.1.tar.gz",
                "has_sig": false,
                "md5_digest": "20423cb0c1ea7ee1e7a58983099969b2",
                "packagetype": "sdist",
                "python_version": "source",
                "size": 353074,
                "upload_time": "2013-04-09T03:28:29",
                "url": "https://files.pythonhosted.org/packages/5a/03/459c9a4565cabf02d151d0392dc26ef714e3730ac349b4cd0dc27e338287/tornado-3.0.1.tar.gz"
            }
        ],
        "3.0.2": [
            {
                "comment_text": "",
                "digests": {
                    "md5": "b265b12c2612f83fc0d12b16130fe3e2",
                    "sha256": "9dd868586871ff18579ddef4ba962a206aa12da21da7df23ea6296e8759c6651"
                },
                "downloads": -1,
                "filename": "tornado-3.0.2.tar.gz",
                "has_sig": false,
                "md5_digest": "b265b12c2612f83fc0d12b16130fe3e2",
                "packagetype": "sdist",
                "python_version": "source",
                "size": 353042,
                "upload_time": "2013-06-02T20:30:48",
                "url": "https://files.pythonhosted.org/packages/e1/0d/53e1d7de1dcee2b75a2e5bbba43c8f2e51a406de1d44625ae069c4ebe161/tornado-3.0.2.tar.gz"
            }
        ],
        "3.1": [
            {
                "comment_text": "",
                "digests": {
                    "md5": "2348d626095c5675753287e9af0c321f",
                    "sha256": "898b577e37b8681bf3d31483b7a30a2db062e99fb1b2b2cb65d203759d3a88d0"
                },
                "downloads": -1,
                "filename": "tornado-3.1.tar.gz",
                "has_sig": false,
                "md5_digest": "2348d626095c5675753287e9af0c321f",
                "packagetype": "sdist",
                "python_version": "source",
                "size": 374189,
                "upload_time": "2013-06-15T18:19:14",
                "url": "https://files.pythonhosted.org/packages/fe/f2/b61b801ffb8426f6c039f9c5fc4dd98e75589b1d66cf098a5f275f26960f/tornado-3.1.tar.gz"
            }
        ],
        "3.1.1": [
            {
                "comment_text": "",
                "digests": {
                    "md5": "901e4f24b9e840860f6095451aa75828",
                    "sha256": "345904bfe4a0ce5d687203f783986a73cfd7dc3a9957ee3342cd43d4e310fdc6"
                },
                "downloads": -1,
                "filename": "tornado-3.1.1.tar.gz",
                "has_sig": false,
                "md5_digest": "901e4f24b9e840860f6095451aa75828",
                "packagetype": "sdist",
                "python_version": "source",
                "size": 374086,
                "upload_time": "2013-09-01T18:44:56",
                "url": "https://files.pythonhosted.org/packages/c9/52/90892c57793f1fb13eeb745adfa32a325ee59875eac46719c641e96f54ec/tornado-3.1.1.tar.gz"
            }
        ],
        "3.2": [
            {
                "comment_text": "",
                "digests": {
                    "md5": "bd83cee5f1a5c5e139e87996d00b251b",
                    "sha256": "c8c2949c8d42af781437e356978f00a42b16a090612573cd7385c62451a00c2b"
                },
                "downloads": -1,
                "filename": "tornado-3.2.tar.gz",
                "has_sig": false,
                "md5_digest": "bd83cee5f1a5c5e139e87996d00b251b",
                "packagetype": "sdist",
                "python_version": "source",
                "size": 400403,
                "upload_time": "2014-01-14T13:44:22",
                "url": "https://files.pythonhosted.org/packages/5f/f1/12c9fb39434a10b9851d404f3c6db67b48bf4a46929c76138e91b9b8c3c3/tornado-3.2.tar.gz"
            }
        ],
        "3.2.1": [
            {
                "comment_text": "",
                "digests": {
                    "md5": "d11986d4639aa9f71a31da1ebf40dc19",
                    "sha256": "4a5f0b1b381d80ec320c7c8f3265e6008afc527cc35b6c36d03acf18c21fcac6"
                },
                "downloads": -1,
                "filename": "tornado-3.2.1.tar.gz",
                "has_sig": false,
                "md5_digest": "d11986d4639aa9f71a31da1ebf40dc19",
                "packagetype": "sdist",
                "python_version": "source",
                "size": 403419,
                "upload_time": "2014-05-06T02:37:53",
                "url": "https://files.pythonhosted.org/packages/29/c9/7ad276f8309ddf55ead1d515e69fda2f62dde8c6a08059c7fbbc7c650478/tornado-3.2.1.tar.gz"
            }
        ],
        "3.2.2": [
            {
                "comment_text": "",
                "digests": {
                    "md5": "bf37082723ace27f508400d65cf111fe",
                    "sha256": "11592d3ed0d2c97ce2c735049e70d72243213579f48b8b28fe292594ba35b88e"
                },
                "downloads": -1,
                "filename": "tornado-3.2.2.tar.gz",
                "has_sig": false,
                "md5_digest": "bf37082723ace27f508400d65cf111fe",
                "packagetype": "sdist",
                "python_version": "source",
                "size": 405596,
                "upload_time": "2014-06-04T03:40:48",
                "url": "https://files.pythonhosted.org/packages/55/10/1ec5c6f225a91758353e551fc39493a627a4cb401a0218f9929f0672dfc8/tornado-3.2.2.tar.gz"
            }
        ],
        "4.0": [
            {
                "comment_text": "",
                "digests": {
                    "md5": "8f4ccc60340b9cd3ae7af6ea7a1e4d0f",
                    "sha256": "ea5a7eba713befffb428ba93f57e9e15f548632d363cdfdcb331e09d27877026"
                },
                "downloads": -1,
                "filename": "tornado-4.0.tar.gz",
                "has_sig": false,
                "md5_digest": "8f4ccc60340b9cd3ae7af6ea7a1e4d0f",
                "packagetype": "sdist",
                "python_version": "source",
                "size": 313742,
                "upload_time": "2014-07-15T12:47:07",
                "url": "https://files.pythonhosted.org/packages/3f/69/dd214321e2d85baa95873536974a2d0e38ffffb492769e09a0ecd22d7316/tornado-4.0.tar.gz"
            }
        ],
        "4.0.1": [
            {
                "comment_text": "",
                "digests": {
                    "md5": "2b28e37b95aa653369a31a440242a24a",
                    "sha256": "ae058668b276b1ec7383cfc911323e6d27b3b47e38a12d3d3eaf6b6577b99901"
                },
                "downloads": -1,
                "filename": "tornado-4.0.1.tar.gz",
                "has_sig": false,
                "md5_digest": "2b28e37b95aa653369a31a440242a24a",
                "packagetype": "sdist",
                "python_version": "source",
                "size": 314852,
                "upload_time": "2014-08-12T13:12:17",
                "url": "https://files.pythonhosted.org/packages/c5/9d/b72f3f5f0e966a112e91dc1b457ec931381f802af75c964e565e7c3dca86/tornado-4.0.1.tar.gz"
            }
        ],
        "4.0.2": [
            {
                "comment_text": "",
                "digests": {
                    "md5": "985c0e704b765c33a6193d49d1935588",
                    "sha256": "900c5124ebdb6598ca8e8a0c5888f41a5f14117952d5515258e3d20222b21bfa"
                },
                "downloads": -1,
                "filename": "tornado-4.0.2.tar.gz",
                "has_sig": false,
                "md5_digest": "985c0e704b765c33a6193d49d1935588",
                "packagetype": "sdist",
                "python_version": "source",
                "size": 315841,
                "upload_time": "2014-09-11T03:48:53",
                "url": "https://files.pythonhosted.org/packages/66/bb/782999291b390181aa2c38ac3ad167567d933e92c0d7ce3f421b3abe4586/tornado-4.0.2.tar.gz"
            }
        ],
        "4.1": [
            {
                "comment_text": "",
                "digests": {
                    "md5": "a06ea343375f2247344257ef691641f9",
                    "sha256": "99abd3aede45c93739346ee7384e710120121c3744da155d5cff1c0101702228"
                },
                "downloads": -1,
                "filename": "tornado-4.1.tar.gz",
                "has_sig": false,
                "md5_digest": "a06ea343375f2247344257ef691641f9",
                "packagetype": "sdist",
                "python_version": "source",
                "size": 332603,
                "upload_time": "2015-02-07T17:59:22",
                "url": "https://files.pythonhosted.org/packages/ca/71/40996a61c5551871f4315eb60b4f0cbef6d62e5147a0c7b2c64a80a18286/tornado-4.1.tar.gz"
            }
        ],
        "4.1b2": [
            {
                "comment_text": "",
                "digests": {
                    "md5": "c2aea149f627f36be4df6e2fc37d3399",
                    "sha256": "f6ed424a83727c6d243ff63db0b15b7e66fd1881aa1124ffa955f10165891544"
                },
                "downloads": -1,
                "filename": "tornado-4.1b2.tar.gz",
                "has_sig": false,
                "md5_digest": "c2aea149f627f36be4df6e2fc37d3399",
                "packagetype": "sdist",
                "python_version": "source",
                "size": 332706,
                "upload_time": "2015-02-01T19:32:44",
                "url": "https://files.pythonhosted.org/packages/ae/35/545417764283761b99ccc788d99f94dc138c972d1547251b29f1e0ebb3f2/tornado-4.1b2.tar.gz"
            }
        ],
        "4.2": [
            {
                "comment_text": "",
                "digests": {
                    "md5": "c548d7b77a11d523c3d7255bd7fd6df8",
                    "sha256": "e8b1207da67dbdceebfb291292b4ef1b547d6171525bec1b366853f923456a5f"
                },
                "downloads": -1,
                "filename": "tornado-4.2.tar.gz",
                "has_sig": false,
                "md5_digest": "c548d7b77a11d523c3d7255bd7fd6df8",
                "packagetype": "sdist",
                "python_version": "source",
                "size": 433734,
                "upload_time": "2015-05-27T01:50:21",
                "url": "https://files.pythonhosted.org/packages/b5/f6/73e51867c998bf8d0f815fcc97f5e6ee6d2ced0b000ef23e8de115546e85/tornado-4.2.tar.gz"
            }
        ],
        "4.2.1": [
            {
                "comment_text": "",
                "digests": {
                    "md5": "d523204389cfb70121bb69709f551b20",
                    "sha256": "a16fcdc4f76b184cb82f4f9eaeeacef6113b524b26a2cb331222e4a7fa6f2969"
                },
                "downloads": -1,
                "filename": "tornado-4.2.1.tar.gz",
                "has_sig": false,
                "md5_digest": "d523204389cfb70121bb69709f551b20",
                "packagetype": "sdist",
                "python_version": "source",
                "size": 434304,
                "upload_time": "2015-07-17T15:52:36",
                "url": "https://files.pythonhosted.org/packages/ec/af/c40ad78dacdef134f3e08b3103c3c859b14ceb9639d344811339227b6444/tornado-4.2.1.tar.gz"
            }
        ],
        "4.2b1": [
            {
                "comment_text": "",
                "digests": {
                    "md5": "6729264a76b2de11cb8bee629e57c67e",
                    "sha256": "216e505f14978143248030e62c275853272316fbd20f3447e40c7295898a2a8e"
                },
                "downloads": -1,
                "filename": "tornado-4.2b1.tar.gz",
                "has_sig": false,
                "md5_digest": "6729264a76b2de11cb8bee629e57c67e",
                "packagetype": "sdist",
                "python_version": "source",
                "size": 433456,
                "upload_time": "2015-05-10T17:25:29",
                "url": "https://files.pythonhosted.org/packages/9e/f4/628a4b7751aa49106bcb5c1c532c0d2ad7b64b5ec8472986bfcba82cc7d7/tornado-4.2b1.tar.gz"
            }
        ],
        "4.3": [
            {
                "comment_text": "",
                "digests": {
                    "md5": "beb80a37266b5be5b27ae4b14175efea",
                    "sha256": "042255160bb1976d2aa3d9e0f32ac7f8c1bc2dfab7b2c86688a3bd6088ba90e1"
                },
                "downloads": -1,
                "filename": "tornado-4.3-cp35-none-win32.whl",
                "has_sig": false,
                "md5_digest": "beb80a37266b5be5b27ae4b14175efea",
                "packagetype": "bdist_wheel",
                "python_version": "cp35",
                "size": 397849,
                "upload_time": "2015-11-06T22:58:14",
                "url": "https://files.pythonhosted.org/packages/7f/af/2522991e353583fc184d27933d75f39de2a25cf11df246c137867b1f2ca9/tornado-4.3-cp35-none-win32.whl"
            },
            {
                "comment_text": "",
                "digests": {
                    "md5": "7adb2f6542204e56fad21e33318e18db",
                    "sha256": "295e1f38225ce2bdd85a0524e265e9adea40507333829f3a7d64c588dd78ff21"
                },
                "downloads": -1,
                "filename": "tornado-4.3-cp35-none-win_amd64.whl",
                "has_sig": false,
                "md5_digest": "7adb2f6542204e56fad21e33318e18db",
                "packagetype": "bdist_wheel",
                "python_version": "cp35",
                "size": 398389,
                "upload_time": "2015-11-06T22:58:20",
                "url": "https://files.pythonhosted.org/packages/d5/1f/efed2f65ad59020bc09fbea9886fff7b98da8f0d4db65156b6c7a7324f50/tornado-4.3-cp35-none-win_amd64.whl"
            },
            {
                "comment_text": "",
                "digests": {
                    "md5": "d13a99dc0b60ba69f5f8ec1235e5b232",
                    "sha256": "c9c2d32593d16eedf2cec1b6a41893626a2649b40b21ca9c4cac4243bde2efbf"
                },
                "downloads": -1,
                "filename": "tornado-4.3.tar.gz",
                "has_sig": false,
                "md5_digest": "d13a99dc0b60ba69f5f8ec1235e5b232",
                "packagetype": "sdist",
                "python_version": "source",
                "size": 450916,
                "upload_time": "2015-11-06T20:14:14",
                "url": "https://files.pythonhosted.org/packages/21/29/e64c97013e97d42d93b3d5997234a6f17455f3744847a7c16289289f8fa6/tornado-4.3.tar.gz"
            }
        ],
        "4.3b1": [
            {
                "comment_text": "",
                "digests": {
                    "md5": "801e3c3a1875f93fe2f7b38ba3367145",
                    "sha256": "c7ddda61d9469c5745f3ac00e480ede0703dd1a4ef540a3d9bd5e03e9796e430"
                },
                "downloads": -1,
                "filename": "tornado-4.3b1.tar.gz",
                "has_sig": false,
                "md5_digest": "801e3c3a1875f93fe2f7b38ba3367145",
                "packagetype": "sdist",
                "python_version": "source",
                "size": 453169,
                "upload_time": "2015-10-18T22:12:23",
                "url": "https://files.pythonhosted.org/packages/c9/b0/bd4ba081d2084ccc7e99ab1d8039aeb91b44918f0fd2232fd6e95ce78666/tornado-4.3b1.tar.gz"
            }
        ],
        "4.3b2": [
            {
                "comment_text": "",
                "digests": {
                    "md5": "74f2187fe5967de1b85e08f1d2c54e73",
                    "sha256": "039627c53708d7e46eae4bd7debd565f467cd5972da6419cba7b19f99bc21e89"
                },
                "downloads": -1,
                "filename": "tornado-4.3b2-cp35-none-win32.whl",
                "has_sig": false,
                "md5_digest": "74f2187fe5967de1b85e08f1d2c54e73",
                "packagetype": "bdist_wheel",
                "python_version": "cp35",
                "size": 400641,
                "upload_time": "2015-10-24T22:32:39",
                "url": "https://files.pythonhosted.org/packages/b8/0c/784cc38a695a5fb97f969026f992e70ae8c47dd734846cadcff0e81a681b/tornado-4.3b2-cp35-none-win32.whl"
            },
            {
                "comment_text": "",
                "digests": {
                    "md5": "b5d2f09d8913d9bf304b5259958cf994",
                    "sha256": "83c942387f8fba9d0fb7b4307ebd1359577af3fd9ea4979bcd62039832506ff7"
                },
                "downloads": -1,
                "filename": "tornado-4.3b2-cp35-none-win_amd64.whl",
                "has_sig": false,
                "md5_digest": "b5d2f09d8913d9bf304b5259958cf994",
                "packagetype": "bdist_wheel",
                "python_version": "cp35",
                "size": 401184,
                "upload_time": "2015-10-24T22:32:44",
                "url": "https://files.pythonhosted.org/packages/c8/24/a4f23975feab8f65bcf6e167be99bf7a8f35ac095a6b713c044013bfb4b5/tornado-4.3b2-cp35-none-win_amd64.whl"
            },
            {
                "comment_text": "",
                "digests": {
                    "md5": "bceb782d5184513a651741da824b9d9c",
                    "sha256": "77be9fc537cc499fbf082e8b487fbd9302d0ae6a761f18fd2814bb482e57a0ed"
                },
                "downloads": -1,
                "filename": "tornado-4.3b2.tar.gz",
                "has_sig": false,
                "md5_digest": "bceb782d5184513a651741da824b9d9c",
                "packagetype": "sdist",
                "python_version": "source",
                "size": 453751,
                "upload_time": "2015-10-24T22:09:19",
                "url": "https://files.pythonhosted.org/packages/c8/eb/8d5b04286573f5e4c131e7e9dd3c7253bad90daf8e12e8a657e862f59c16/tornado-4.3b2.tar.gz"
            }
        ],
        "4.4": [
            {
                "comment_text": "",
                "digests": {
                    "md5": "6452bc2fd170228cebb36432e68c1fe1",
                    "sha256": "f9f414658430d04fc470039de838bddf2371cbdc5238cf9debad11195cdfb2db"
                },
                "downloads": -1,
                "filename": "tornado-4.4-cp35-cp35m-win32.whl",
                "has_sig": false,
                "md5_digest": "6452bc2fd170228cebb36432e68c1fe1",
                "packagetype": "bdist_wheel",
                "python_version": "cp35",
                "size": 403753,
                "upload_time": "2016-07-15T15:22:49",
                "url": "https://files.pythonhosted.org/packages/03/bd/1e86e515f0366399f28a5886cce47fb2090a30d4dba5efead8baf3455905/tornado-4.4-cp35-cp35m-win32.whl"
            },
            {
                "comment_text": "",
                "digests": {
                    "md5": "bfed6ce743c3586301d77fac616aa8c8",
                    "sha256": "9a8c1f6e98882e030a206be0f06553a869de758ee158726d1c1ec63eae9df964"
                },
                "downloads": -1,
                "filename": "tornado-4.4-cp35-cp35m-win_amd64.whl",
                "has_sig": false,
                "md5_digest": "bfed6ce743c3586301d77fac616aa8c8",
                "packagetype": "bdist_wheel",
                "python_version": "cp35",
                "size": 404318,
                "upload_time": "2016-07-15T15:22:52",
                "url": "https://files.pythonhosted.org/packages/e1/c0/6a232d97fac7811f35e534c8fc7497aee04f8557e5e8a2fb29b0d2b1e33f/tornado-4.4-cp35-cp35m-win_amd64.whl"
            },
            {
                "comment_text": "",
                "digests": {
                    "md5": "5fc47b25bea3da157b0b95745a09561d",
                    "sha256": "3176545b6cb2966870db4def4f646da6ab7a0c19400576969c57279a7561ab02"
                },
                "downloads": -1,
                "filename": "tornado-4.4.tar.gz",
                "has_sig": false,
                "md5_digest": "5fc47b25bea3da157b0b95745a09561d",
                "packagetype": "sdist",
                "python_version": "source",
                "size": 456863,
                "upload_time": "2016-07-15T14:55:46",
                "url": "https://files.pythonhosted.org/packages/8b/01/e7b4bcee946b356060639582fa71946130b5fe5ab0d0557c4340275f2dff/tornado-4.4.tar.gz"
            }
        ],
        "4.4.1": [
            {
                "comment_text": "",
                "digests": {
                    "md5": "95d4164e18c093de376c773c67c6d345",
                    "sha256": "af9ee9f93109a98526a29cdea756802f1aab7897def0330532af4c4337895565"
                },
                "downloads": -1,
                "filename": "tornado-4.4.1-cp35-cp35m-win32.whl",
                "has_sig": false,
                "md5_digest": "95d4164e18c093de376c773c67c6d345",
                "packagetype": "bdist_wheel",
                "python_version": "cp35",
                "size": 404112,
                "upload_time": "2016-07-23T17:19:57",
                "url": "https://files.pythonhosted.org/packages/6b/8e/8bfc7447158416926b1bc668a52d3da120c0d098bded35f2be738f06391b/tornado-4.4.1-cp35-cp35m-win32.whl"
            },
            {
                "comment_text": "",
                "digests": {
                    "md5": "4d63e8d17d9c18ffbbe0653603b95b16",
                    "sha256": "3b57939955588055be29c93c2ea533e44ee8ee75a6c1dd14f103eef92d01829f"
                },
                "downloads": -1,
                "filename": "tornado-4.4.1-cp35-cp35m-win_amd64.whl",
                "has_sig": false,
                "md5_digest": "4d63e8d17d9c18ffbbe0653603b95b16",
                "packagetype": "bdist_wheel",
                "python_version": "cp35",
                "size": 404674,
                "upload_time": "2016-07-23T17:20:00",
                "url": "https://files.pythonhosted.org/packages/5c/f4/600a3047eddb4650fbc6290aed7d1f61c5085cc05bd49719a52cf304a9c5/tornado-4.4.1-cp35-cp35m-win_amd64.whl"
            },
            {
                "comment_text": "",
                "digests": {
                    "md5": "fff8a7d7f580b04bacc2ffe7ddf41133",
                    "sha256": "371d0cf3d56c47accc66116a77ad558d76eebaa8458a6b677af71ca606522146"
                },
                "downloads": -1,
                "filename": "tornado-4.4.1.tar.gz",
                "has_sig": false,
                "md5_digest": "fff8a7d7f580b04bacc2ffe7ddf41133",
                "packagetype": "sdist",
                "python_version": "source",
                "size": 456992,
                "upload_time": "2016-07-23T17:20:02",
                "url": "https://files.pythonhosted.org/packages/96/5d/ff472313e8f337d5acda5d56e6ea79a43583cc8771b34c85a1f458e197c3/tornado-4.4.1.tar.gz"
            }
        ],
        "4.4.2": [
            {
                "comment_text": "",
                "digests": {
                    "md5": "3ab2f002c6026188d5b9662f62acc6e9",
                    "sha256": "bbfc2d8acaaf89863bdfd06550d0a3036e15ad6552c5d381a99b4eb2e2357b36"
                },
                "downloads": -1,
                "filename": "tornado-4.4.2-cp35-cp35m-win32.whl",
                "has_sig": false,
                "md5_digest": "3ab2f002c6026188d5b9662f62acc6e9",
                "packagetype": "bdist_wheel",
                "python_version": "cp35",
                "size": 406101,
                "upload_time": "2016-09-30T23:32:03",
                "url": "https://files.pythonhosted.org/packages/c0/73/e550ea3d60b4313f3aca2d5362344498657ad11f6ebedd1f77a74928cb12/tornado-4.4.2-cp35-cp35m-win32.whl"
            },
            {
                "comment_text": "",
                "digests": {
                    "md5": "f390eb4a8bdf3676b4b1bd57d081cc38",
                    "sha256": "051f46b0bb8bca1c4aeaeed1631f2533d559149c4baa52d22805d75ddfd13d63"
                },
                "downloads": -1,
                "filename": "tornado-4.4.2-cp35-cp35m-win_amd64.whl",
                "has_sig": false,
                "md5_digest": "f390eb4a8bdf3676b4b1bd57d081cc38",
                "packagetype": "bdist_wheel",
                "python_version": "cp35",
                "size": 406666,
                "upload_time": "2016-09-30T23:32:06",
                "url": "https://files.pythonhosted.org/packages/9a/b9/71befb05ff6d6ba0c71336c9793109e6569f171fd8330b071b1cdf639931/tornado-4.4.2-cp35-cp35m-win_amd64.whl"
            },
            {
                "comment_text": "",
                "digests": {
                    "md5": "b4816ea209118667ffc52ce9ff06ac85",
                    "sha256": "2898f992f898cd41eeb8d53b6df75495f2f423b6672890aadaf196ea1448edcc"
                },
                "downloads": -1,
                "filename": "tornado-4.4.2.tar.gz",
                "has_sig": false,
                "md5_digest": "b4816ea209118667ffc52ce9ff06ac85",
                "packagetype": "sdist",
                "python_version": "source",
                "size": 460193,
                "upload_time": "2016-09-30T23:31:38",
                "url": "https://files.pythonhosted.org/packages/1e/7c/ea047f7bbd1ff22a7f69fe55e7561040e3e54d6f31da6267ef9748321f98/tornado-4.4.2.tar.gz"
            }
        ],
        "4.4.3": [
            {
                "comment_text": "",
                "digests": {
                    "md5": "e322fcd9cda4b003baac11b9d31eff1d",
                    "sha256": "6ae0925cd08297ea76ec91f1373aa1211aeef26dc7fcdba7ec18e8916747d12b"
                },
                "downloads": -1,
                "filename": "tornado-4.4.3-cp35-cp35m-win32.whl",
                "has_sig": false,
                "md5_digest": "e322fcd9cda4b003baac11b9d31eff1d",
                "packagetype": "bdist_wheel",
                "python_version": "cp35",
                "size": 406099,
                "upload_time": "2017-03-30T14:52:05",
                "url": "https://files.pythonhosted.org/packages/ae/39/9ca026ba8e43836493295e09671ca599ea7a7d8f6cc4225a06bf85c3d0e9/tornado-4.4.3-cp35-cp35m-win32.whl"
            },
            {
                "comment_text": "",
                "digests": {
                    "md5": "9fbc57157f715c3fec206f887073092f",
                    "sha256": "9bb90d6b753ebcb364b8bf81c01c22612a5884c24ad130d8a7c2dea387f70d8f"
                },
                "downloads": -1,
                "filename": "tornado-4.4.3-cp35-cp35m-win_amd64.whl",
                "has_sig": false,
                "md5_digest": "9fbc57157f715c3fec206f887073092f",
                "packagetype": "bdist_wheel",
                "python_version": "cp35",
                "size": 406659,
                "upload_time": "2017-03-30T14:52:08",
                "url": "https://files.pythonhosted.org/packages/e6/1e/15b77e91d0a196ff31fa1b6fda5b0b2bc7d5809ae5dc4534d2cc26d443f7/tornado-4.4.3-cp35-cp35m-win_amd64.whl"
            },
            {
                "comment_text": "",
                "digests": {
                    "md5": "214a1963ca436360dfbfcfe2b3af03e7",
                    "sha256": "f267acc96d5cf3df0fd8a7bfb5a91c2eb4ec81d5962d1a7386ceb34c655634a8"
                },
                "downloads": -1,
                "filename": "tornado-4.4.3.tar.gz",
                "has_sig": false,
                "md5_digest": "214a1963ca436360dfbfcfe2b3af03e7",
                "packagetype": "sdist",
                "python_version": "source",
                "size": 463471,
                "upload_time": "2017-03-30T14:52:10",
                "url": "https://files.pythonhosted.org/packages/5c/0b/2e5cef0d30811532b27ece726fb66a41f63344af8b693c90cec9474d9022/tornado-4.4.3.tar.gz"
            }
        ],
        "4.4b1": [
            {
                "comment_text": "",
                "digests": {
                    "md5": "a0b02cece32d22f9f6a5ac767e1723bf",
                    "sha256": "27f0abed28be201f302380ce38b311a271b83fe2aa6f82838b9dc046e0c82b64"
                },
                "downloads": -1,
                "filename": "tornado-4.4b1.tar.gz",
                "has_sig": false,
                "md5_digest": "a0b02cece32d22f9f6a5ac767e1723bf",
                "packagetype": "sdist",
                "python_version": "source",
                "size": 456626,
                "upload_time": "2016-07-08T18:22:33",
                "url": "https://files.pythonhosted.org/packages/c6/7f/563e2e093638bbec93c72abf87d673bd5fe626557fefdf34c307344e540e/tornado-4.4b1.tar.gz"
            }
        ],
        "4.5": [
            {
                "comment_text": "",
                "digests": {
                    "md5": "43d1dbcdf8138462608e6fc9b964117b",
                    "sha256": "3808544f531c515d1ce3992db2bb37bfa36f0948ead84dd6907920df032c9cff"
                },
                "downloads": -1,
                "filename": "tornado-4.5-cp35-cp35m-win32.whl",
                "has_sig": false,
                "md5_digest": "43d1dbcdf8138462608e6fc9b964117b",
                "packagetype": "bdist_wheel",
                "python_version": "cp35",
                "size": 421851,
                "upload_time": "2017-04-17T01:01:50",
                "url": "https://files.pythonhosted.org/packages/dc/25/2738db53ddbc6e63544b1cdb183d934e2877e4755a4e51c21a76331f8070/tornado-4.5-cp35-cp35m-win32.whl"
            },
            {
                "comment_text": "",
                "digests": {
                    "md5": "6ff63bd6024ecd83dccdadecc403b533",
                    "sha256": "d67786af543a33c88b623c1d7633eef6e2f35b6edebe6e2fd7c9818fbdf454ab"
                },
                "downloads": -1,
                "filename": "tornado-4.5-cp35-cp35m-win_amd64.whl",
                "has_sig": false,
                "md5_digest": "6ff63bd6024ecd83dccdadecc403b533",
                "packagetype": "bdist_wheel",
                "python_version": "cp35",
                "size": 422412,
                "upload_time": "2017-04-17T01:01:51",
                "url": "https://files.pythonhosted.org/packages/d8/84/9546c2a0b17472ffad02500e36c14101091637c0af09a55eddc65238d5ed/tornado-4.5-cp35-cp35m-win_amd64.whl"
            },
            {
                "comment_text": "",
                "digests": {
                    "md5": "db43860572d3cd76a0d2416f265a0038",
                    "sha256": "25cf0aaac9806ea3bfd2e24eb010b771a47be6abe48763692c5143d12d5fd412"
                },
                "downloads": -1,
                "filename": "tornado-4.5-cp36-cp36m-win32.whl",
                "has_sig": false,
                "md5_digest": "db43860572d3cd76a0d2416f265a0038",
                "packagetype": "bdist_wheel",
                "python_version": "cp36",
                "size": 421850,
                "upload_time": "2017-04-17T01:01:54",
                "url": "https://files.pythonhosted.org/packages/c1/5b/b70257395a8e9b92f419509b736008a8da051d5f2f6062b8ae24340aef9a/tornado-4.5-cp36-cp36m-win32.whl"
            },
            {
                "comment_text": "",
                "digests": {
                    "md5": "8fd08318e598fa8d5b4699a009dc375f",
                    "sha256": "64f3c23e5c7ca92450dcae70714f7371087fad67566209f225ab561b4cf6636f"
                },
                "downloads": -1,
                "filename": "tornado-4.5-cp36-cp36m-win_amd64.whl",
                "has_sig": false,
                "md5_digest": "8fd08318e598fa8d5b4699a009dc375f",
                "packagetype": "bdist_wheel",
                "python_version": "cp36",
                "size": 422413,
                "upload_time": "2017-04-17T01:01:55",
                "url": "https://files.pythonhosted.org/packages/1e/0a/5d4f92e05f40bef04a7f8cddeae1e3e70c7f1cccc3eed840eaa139fb4b99/tornado-4.5-cp36-cp36m-win_amd64.whl"
            },
            {
                "comment_text": "",
                "digests": {
                    "md5": "d6c7e25ff4a26885a1da9ba085f28c9d",
                    "sha256": "8861cce3c081557cfca2623507290ed647978ea275c29e2e3dfeeb63ca61e855"
                },
                "downloads": -1,
                "filename": "tornado-4.5.tar.gz",
                "has_sig": false,
                "md5_digest": "d6c7e25ff4a26885a1da9ba085f28c9d",
                "packagetype": "sdist",
                "python_version": "source",
                "size": 483217,
                "upload_time": "2017-04-16T23:48:30",
                "url": "https://files.pythonhosted.org/packages/db/a5/c8057b0725b8aa43d6aaefe323820aac867986d2e4ce751afaa7fab0b776/tornado-4.5.tar.gz"
            }
        ],
        "4.5.1": [
            {
                "comment_text": "",
                "digests": {
                    "md5": "d8909f70e79b356f4256b52fee5b82f5",
                    "sha256": "2b4618010625bcf01f187eec3148c6a3db76a2a900f7dde416330fc413274df1"
                },
                "downloads": -1,
                "filename": "tornado-4.5.1-cp35-cp35m-win32.whl",
                "has_sig": false,
                "md5_digest": "d8909f70e79b356f4256b52fee5b82f5",
                "packagetype": "bdist_wheel",
                "python_version": "cp35",
                "size": 422001,
                "upload_time": "2017-04-20T15:30:00",
                "url": "https://files.pythonhosted.org/packages/8e/f3/94243a7e81ed7e1a8f4172fe1558094410a94a6dd0f9c89113eb990de212/tornado-4.5.1-cp35-cp35m-win32.whl"
            },
            {
                "comment_text": "",
                "digests": {
                    "md5": "2da37264542575d4dfd7f0ff29500303",
                    "sha256": "fb0883ae46da958d06fda2e3be6c033825a0b8603c493df8a69c0237055308d9"
                },
                "downloads": -1,
                "filename": "tornado-4.5.1-cp35-cp35m-win_amd64.whl",
                "has_sig": false,
                "md5_digest": "2da37264542575d4dfd7f0ff29500303",
                "packagetype": "bdist_wheel",
                "python_version": "cp35",
                "size": 422564,
                "upload_time": "2017-04-20T15:30:02",
                "url": "https://files.pythonhosted.org/packages/c0/7d/54c9b8077a641297115b4d2635195b4a74db51488f0091ce3e8fc504ed6e/tornado-4.5.1-cp35-cp35m-win_amd64.whl"
            },
            {
                "comment_text": "",
                "digests": {
                    "md5": "9f724a161b5782c85930e65d133725fd",
                    "sha256": "0a6894559e62a186d6cc20f1c0e7318f83ae8e28922d75c4b6f83d42cc91d8b1"
                },
                "downloads": -1,
                "filename": "tornado-4.5.1-cp36-cp36m-win32.whl",
                "has_sig": false,
                "md5_digest": "9f724a161b5782c85930e65d133725fd",
                "packagetype": "bdist_wheel",
                "python_version": "cp36",
                "size": 422000,
                "upload_time": "2017-04-20T15:30:04",
                "url": "https://files.pythonhosted.org/packages/b9/a6/51536b359820b9c8784d47427851791eb2f770dd9927580d1b220116dcf1/tornado-4.5.1-cp36-cp36m-win32.whl"
            },
            {
                "comment_text": "",
                "digests": {
                    "md5": "49766e4c9d564c1ac9b75aa13d36de26",
                    "sha256": "c3f4456f0ab9e62dab7ede834dcf4c89082238e97b3e67a9196572c076e716aa"
                },
                "downloads": -1,
                "filename": "tornado-4.5.1-cp36-cp36m-win_amd64.whl",
                "has_sig": false,
                "md5_digest": "49766e4c9d564c1ac9b75aa13d36de26",
                "packagetype": "bdist_wheel",
                "python_version": "cp36",
                "size": 422563,
                "upload_time": "2017-04-20T15:30:06",
                "url": "https://files.pythonhosted.org/packages/6d/10/5980dd81cec252df93a1b903f0003d5664db09ade65dbdb9ffbc18e1c4ef/tornado-4.5.1-cp36-cp36m-win_amd64.whl"
            },
            {
                "comment_text": "",
                "digests": {
                    "md5": "838687d20923360af5ab59f101e9e02e",
                    "sha256": "db0904a28253cfe53e7dedc765c71596f3c53bb8a866ae50123320ec1a7b73fd"
                },
                "downloads": -1,
                "filename": "tornado-4.5.1.tar.gz",
                "has_sig": false,
                "md5_digest": "838687d20923360af5ab59f101e9e02e",
                "packagetype": "sdist",
                "python_version": "source",
                "size": 483225,
                "upload_time": "2017-04-20T13:34:59",
                "url": "https://files.pythonhosted.org/packages/df/42/a180ee540e12e2ec1007ac82a42b09dd92e5461e09c98bf465e98646d187/tornado-4.5.1.tar.gz"
            }
        ],
        "4.5.2": [
            {
                "comment_text": "",
                "digests": {
                    "md5": "f9b6802f08b0180ff7df301db00871d9",
                    "sha256": "62a5d4c66bf4e86d25a02e9de97293860b59e61f9c465e80336ba0fc308aacf6"
                },
                "downloads": -1,
                "filename": "tornado-4.5.2-cp35-cp35m-win32.whl",
                "has_sig": false,
                "md5_digest": "f9b6802f08b0180ff7df301db00871d9",
                "packagetype": "bdist_wheel",
                "python_version": "cp35",
                "size": 422081,
                "upload_time": "2017-08-27T20:39:57",
                "url": "https://files.pythonhosted.org/packages/39/64/eaaeaec2e2ba3a31f9dd4cefe1e25e35127278b3c9220a04944bfd10bbbf/tornado-4.5.2-cp35-cp35m-win32.whl"
            },
            {
                "comment_text": "",
                "digests": {
                    "md5": "fc11fbd9bcfbf124e0fc5a24b0b8d406",
                    "sha256": "f109c066411c44bcd3bc877267b45feb8e29092ede59dd0582739444c2344b00"
                },
                "downloads": -1,
                "filename": "tornado-4.5.2-cp35-cp35m-win_amd64.whl",
                "has_sig": false,
                "md5_digest": "fc11fbd9bcfbf124e0fc5a24b0b8d406",
                "packagetype": "bdist_wheel",
                "python_version": "cp35",
                "size": 422646,
                "upload_time": "2017-08-27T20:40:00",
                "url": "https://files.pythonhosted.org/packages/7d/a6/639222363922e14081082227aacba0ba86739b7302fab6e63f96ba4d418b/tornado-4.5.2-cp35-cp35m-win_amd64.whl"
            },
            {
                "comment_text": "",
                "digests": {
                    "md5": "e4ca216975fb50807a7bbc4525b9c3a9",
                    "sha256": "e66f47db4753c6f6849af1f82f04bdc7d2c1f5d64b7cc11ddd17230295c8887f"
                },
                "downloads": -1,
                "filename": "tornado-4.5.2-cp36-cp36m-win32.whl",
                "has_sig": false,
                "md5_digest": "e4ca216975fb50807a7bbc4525b9c3a9",
                "packagetype": "bdist_wheel",
                "python_version": "cp36",
                "size": 422077,
                "upload_time": "2017-08-27T20:40:05",
                "url": "https://files.pythonhosted.org/packages/73/0b/55da7f11c53d849c972453c9c7099ccffa70687755464343557bacd7e03d/tornado-4.5.2-cp36-cp36m-win32.whl"
            },
            {
                "comment_text": "",
                "digests": {
                    "md5": "1bd43a7756d3f3cbfc6fe12e4c658922",
                    "sha256": "2b40720a7b164848ca5c51fab0feac7e3717adcb87bec77f81f7809b72bf7f56"
                },
                "downloads": -1,
                "filename": "tornado-4.5.2-cp36-cp36m-win_amd64.whl",
                "has_sig": false,
                "md5_digest": "1bd43a7756d3f3cbfc6fe12e4c658922",
                "packagetype": "bdist_wheel",
                "python_version": "cp36",
                "size": 422645,
                "upload_time": "2017-08-27T20:40:08",
                "url": "https://files.pythonhosted.org/packages/cb/ec/0dee45e060e9b424664cbec81b32eb3adde0804e1fe7bd5acb64e1775ea1/tornado-4.5.2-cp36-cp36m-win_amd64.whl"
            },
            {
                "comment_text": "",
                "digests": {
                    "md5": "ab41f6765d58089f30ba51e8ec084a7b",
                    "sha256": "1fb8e494cd46c674d86fac5885a3ff87b0e283937a47d74eb3c02a48c9e89ad0"
                },
                "downloads": -1,
                "filename": "tornado-4.5.2.tar.gz",
                "has_sig": false,
                "md5_digest": "ab41f6765d58089f30ba51e8ec084a7b",
                "packagetype": "sdist",
                "python_version": "source",
                "size": 483712,
                "upload_time": "2017-08-27T20:39:41",
                "url": "https://files.pythonhosted.org/packages/fa/14/52e2072197dd0e63589e875ebf5984c91a027121262aa08f71a49b958359/tornado-4.5.2.tar.gz"
            }
        ],
        "4.5.3": [
            {
                "comment_text": "",
                "digests": {
                    "md5": "ba2f5d4f7f85d06eb431870e41deb27d",
                    "sha256": "92b7ca81e18ba9ec3031a7ee73d4577ac21d41a0c9b775a9182f43301c3b5f8e"
                },
                "downloads": -1,
                "filename": "tornado-4.5.3-cp35-cp35m-win32.whl",
                "has_sig": false,
                "md5_digest": "ba2f5d4f7f85d06eb431870e41deb27d",
                "packagetype": "bdist_wheel",
                "python_version": "cp35",
                "size": 422760,
                "upload_time": "2018-01-06T18:09:36",
                "url": "https://files.pythonhosted.org/packages/03/79/a9839a803f24b36d98c5a0c56c2b73ee55483bfe39224789e873eb0d042f/tornado-4.5.3-cp35-cp35m-win32.whl"
            },
            {
                "comment_text": "",
                "digests": {
                    "md5": "3e39a6518c1e305fb06ab2b0c110f0ad",
                    "sha256": "b36298e9f63f18cad97378db2222c0e0ca6a55f6304e605515e05a25483ed51a"
                },
                "downloads": -1,
                "filename": "tornado-4.5.3-cp35-cp35m-win_amd64.whl",
                "has_sig": false,
                "md5_digest": "3e39a6518c1e305fb06ab2b0c110f0ad",
                "packagetype": "bdist_wheel",
                "python_version": "cp35",
                "size": 423326,
                "upload_time": "2018-01-06T18:09:38",
                "url": "https://files.pythonhosted.org/packages/1a/63/79ba038d5e20f3f72ae8cf41decb36f638089af90c34807e3c6777e83cab/tornado-4.5.3-cp35-cp35m-win_amd64.whl"
            },
            {
                "comment_text": "",
                "digests": {
                    "md5": "8301f2b0f8b67029c0ccd879c3f218a2",
                    "sha256": "ab587996fe6fb9ce65abfda440f9b61e4f9f2cf921967723540679176915e4c3"
                },
                "downloads": -1,
                "filename": "tornado-4.5.3-cp36-cp36m-win32.whl",
                "has_sig": false,
                "md5_digest": "8301f2b0f8b67029c0ccd879c3f218a2",
                "packagetype": "bdist_wheel",
                "python_version": "cp36",
                "size": 422760,
                "upload_time": "2018-01-06T18:09:39",
                "url": "https://files.pythonhosted.org/packages/bb/2e/114e8a02438bc18417ce19e916107e359e49ad3538731e9e9726f741d766/tornado-4.5.3-cp36-cp36m-win32.whl"
            },
            {
                "comment_text": "",
                "digests": {
                    "md5": "88a1fe196dfdf6a24ab0d1f7e51e522d",
                    "sha256": "5ef073ac6180038ccf99411fe05ae9aafb675952a2c8db60592d5daf8401f803"
                },
                "downloads": -1,
                "filename": "tornado-4.5.3-cp36-cp36m-win_amd64.whl",
                "has_sig": false,
                "md5_digest": "88a1fe196dfdf6a24ab0d1f7e51e522d",
                "packagetype": "bdist_wheel",
                "python_version": "cp36",
                "size": 423324,
                "upload_time": "2018-01-06T18:09:42",
                "url": "https://files.pythonhosted.org/packages/0a/29/01057551db50f718fda2afa0e42abdfccca4f8b18fa6163c59588ae8e991/tornado-4.5.3-cp36-cp36m-win_amd64.whl"
            },
            {
                "comment_text": "",
                "digests": {
                    "md5": "a5fc7fd4aea94867609a491ce65786f1",
                    "sha256": "6d14e47eab0e15799cf3cdcc86b0b98279da68522caace2bd7ce644287685f0a"
                },
                "downloads": -1,
                "filename": "tornado-4.5.3.tar.gz",
                "has_sig": false,
                "md5_digest": "a5fc7fd4aea94867609a491ce65786f1",
                "packagetype": "sdist",
                "python_version": "source",
                "size": 484221,
                "upload_time": "2018-01-06T18:09:44",
                "url": "https://files.pythonhosted.org/packages/e3/7b/e29ab3d51c8df66922fea216e2bddfcb6430fb29620e5165b16a216e0d3c/tornado-4.5.3.tar.gz"
            }
        ],
        "4.5b1": [
            {
                "comment_text": "",
                "digests": {
                    "md5": "3088d81da1a9162b12b3b7accec2dc87",
                    "sha256": "5ff1826953522338f911a4d6c286fe67ab695ebd73b2d189e126145f00065e1e"
                },
                "downloads": -1,
                "filename": "tornado-4.5b1.tar.gz",
                "has_sig": false,
                "md5_digest": "3088d81da1a9162b12b3b7accec2dc87",
                "packagetype": "sdist",
                "python_version": "source",
                "size": 481673,
                "upload_time": "2017-03-26T22:22:48",
                "url": "https://files.pythonhosted.org/packages/29/14/6e96491eaf391851830804cb6cb0daab53099a218c52dc4bea7a1bfea6c3/tornado-4.5b1.tar.gz"
            }
        ],
        "4.5b2": [
            {
                "comment_text": "",
                "digests": {
                    "md5": "5a5b719a4410ed8eb79518c826a5dc10",
                    "sha256": "1aa7dfea259d1607e32c2bc021eff8c7160313f9ea2bf83c7b796639285ffc5d"
                },
                "downloads": -1,
                "filename": "tornado-4.5b2.tar.gz",
                "has_sig": false,
                "md5_digest": "5a5b719a4410ed8eb79518c826a5dc10",
                "packagetype": "sdist",
                "python_version": "source",
                "size": 482899,
                "upload_time": "2017-04-11T02:45:41",
                "url": "https://files.pythonhosted.org/packages/e2/f1/ed2876755890d017694e11a96117fd45d13e4d9d9a4259046bebf200c0a9/tornado-4.5b2.tar.gz"
            }
        ],
        "5.0": [
            {
                "comment_text": "",
                "digests": {
                    "md5": "967f246011159deb81a75ac283a26527",
                    "sha256": "54a568429fb77529622a4607c66f9144aa980bd4fe2326206672707eba6951fc"
                },
                "downloads": -1,
                "filename": "tornado-5.0-cp35-cp35m-win32.whl",
                "has_sig": false,
                "md5_digest": "967f246011159deb81a75ac283a26527",
                "packagetype": "bdist_wheel",
                "python_version": "cp35",
                "size": 437798,
                "upload_time": "2018-03-05T14:04:02",
                "url": "https://files.pythonhosted.org/packages/ed/5e/526afbe26bb3e1538164e3ddb7f6bdf973509d30e9e8cc204e85c0961170/tornado-5.0-cp35-cp35m-win32.whl"
            },
            {
                "comment_text": "",
                "digests": {
                    "md5": "9eb5ba16a2d9ad076360c2f89427e335",
                    "sha256": "f112ae0b50d2080995afab36aca4fcd93af1fa2e7185b15d854b0d6b2578dce4"
                },
                "downloads": -1,
                "filename": "tornado-5.0-cp35-cp35m-win_amd64.whl",
                "has_sig": false,
                "md5_digest": "9eb5ba16a2d9ad076360c2f89427e335",
                "packagetype": "bdist_wheel",
                "python_version": "cp35",
                "size": 438416,
                "upload_time": "2018-03-05T14:04:04",
                "url": "https://files.pythonhosted.org/packages/48/21/3d3fcdb48b589b840dafb71ad5007fa419226adc8e7894673db322fc8b24/tornado-5.0-cp35-cp35m-win_amd64.whl"
            },
            {
                "comment_text": "",
                "digests": {
                    "md5": "93845a74f5569e8181791ea5c6a9c951",
                    "sha256": "6b56415667b1ad4f222486baa7118d5445310fd9b99a2263e029bc63df6e2e80"
                },
                "downloads": -1,
                "filename": "tornado-5.0-cp36-cp36m-win32.whl",
                "has_sig": false,
                "md5_digest": "93845a74f5569e8181791ea5c6a9c951",
                "packagetype": "bdist_wheel",
                "python_version": "cp36",
                "size": 437796,
                "upload_time": "2018-03-05T14:04:10",
                "url": "https://files.pythonhosted.org/packages/6f/8c/02ac3a96ca431e0b10db7b3451df5424057ec4f088038268e1c6f32b82a2/tornado-5.0-cp36-cp36m-win32.whl"
            },
            {
                "comment_text": "",
                "digests": {
                    "md5": "6a4f52f9b4df2b12ba34fd87c0541a5c",
                    "sha256": "4b6a623a28307c5d5d64b34ed7c84f2bfcc6848fd71546bb8bc03dd82b71ad04"
                },
                "downloads": -1,
                "filename": "tornado-5.0-cp36-cp36m-win_amd64.whl",
                "has_sig": false,
                "md5_digest": "6a4f52f9b4df2b12ba34fd87c0541a5c",
                "packagetype": "bdist_wheel",
                "python_version": "cp36",
                "size": 438416,
                "upload_time": "2018-03-05T14:04:12",
                "url": "https://files.pythonhosted.org/packages/91/ac/36608f18f4d3efb79e4d3c527d298c0bf99c7131a1e86e617ea1ad2ed9bb/tornado-5.0-cp36-cp36m-win_amd64.whl"
            },
            {
                "comment_text": "",
                "digests": {
                    "md5": "9afb40d1722c3492df266709528373fc",
                    "sha256": "62f754562c61ea94b00d61727202105068bc2760f076cc34d2da1a57041731aa"
                },
                "downloads": -1,
                "filename": "tornado-5.0.tar.gz",
                "has_sig": false,
                "md5_digest": "9afb40d1722c3492df266709528373fc",
                "packagetype": "sdist",
                "python_version": "source",
                "size": 504081,
                "upload_time": "2018-03-05T14:04:14",
                "url": "https://files.pythonhosted.org/packages/59/4b/2c992ec4feb904471125702ed1dd3c912de1630c03bd555c3b05a41da93e/tornado-5.0.tar.gz"
            }
        ],
        "5.0.1": [
            {
                "comment_text": "",
                "digests": {
                    "md5": "2335559d27deb8e14b504fcb30291131",
                    "sha256": "69194436190b777abf0b631a692b0b29ba4157d18eeee07327b486e033b944dc"
                },
                "downloads": -1,
                "filename": "tornado-5.0.1-cp35-cp35m-win32.whl",
                "has_sig": false,
                "md5_digest": "2335559d27deb8e14b504fcb30291131",
                "packagetype": "bdist_wheel",
                "python_version": "cp35",
                "size": 437994,
                "upload_time": "2018-03-18T15:50:50",
                "url": "https://files.pythonhosted.org/packages/41/0b/42fbdbf887bffc1c007927b6025e88523bfafdc07e054cf4c7a0342ab540/tornado-5.0.1-cp35-cp35m-win32.whl"
            },
            {
                "comment_text": "",
                "digests": {
                    "md5": "92339f296340dedb2ccaaf53443d681a",
                    "sha256": "186ba4f280429a24120f329c7c08ea91818ff6bf47ed2ccb66f8f460698fc4ed"
                },
                "downloads": -1,
                "filename": "tornado-5.0.1-cp35-cp35m-win_amd64.whl",
                "has_sig": false,
                "md5_digest": "92339f296340dedb2ccaaf53443d681a",
                "packagetype": "bdist_wheel",
                "python_version": "cp35",
                "size": 438613,
                "upload_time": "2018-03-18T15:50:53",
                "url": "https://files.pythonhosted.org/packages/84/e1/7bf81a21fbf2f267f5e0c75c3fa1359469b24cdc9de9be6c5edbdcf8726e/tornado-5.0.1-cp35-cp35m-win_amd64.whl"
            },
            {
                "comment_text": "",
                "digests": {
                    "md5": "307869d2f7490e750f201851c2184301",
                    "sha256": "b5bf7407f88327b80e666dabf91a1e7beb11236855a5c65ba5cf0e9e25ae296b"
                },
                "downloads": -1,
                "filename": "tornado-5.0.1-cp36-cp36m-win32.whl",
                "has_sig": false,
                "md5_digest": "307869d2f7490e750f201851c2184301",
                "packagetype": "bdist_wheel",
                "python_version": "cp36",
                "size": 437995,
                "upload_time": "2018-03-18T15:50:55",
                "url": "https://files.pythonhosted.org/packages/87/a6/782c11a9098339273cba06fd0dd8a3e3ebfcc6eea83aa77774c5189046e6/tornado-5.0.1-cp36-cp36m-win32.whl"
            },
            {
                "comment_text": "",
                "digests": {
                    "md5": "91d98941cb43d8ad4b301a6e31f0d01e",
                    "sha256": "4d192236a9ffee54cb0032f22a8a0cfa64258872f1d83d71f3356681f69a37be"
                },
                "downloads": -1,
                "filename": "tornado-5.0.1-cp36-cp36m-win_amd64.whl",
                "has_sig": false,
                "md5_digest": "91d98941cb43d8ad4b301a6e31f0d01e",
                "packagetype": "bdist_wheel",
                "python_version": "cp36",
                "size": 438611,
                "upload_time": "2018-03-18T15:50:57",
                "url": "https://files.pythonhosted.org/packages/03/3b/90ebd50d40bfa423b6d2ebecf337f8b1ec14f4beb468b2ffe40957d6f5d7/tornado-5.0.1-cp36-cp36m-win_amd64.whl"
            },
            {
                "comment_text": "",
                "digests": {
                    "md5": "3f6b0b8658c111fa3c518f02d87d05e8",
                    "sha256": "3e9a2333362d3dad7876d902595b64aea1a2f91d0df13191ea1f8bca5a447771"
                },
                "downloads": -1,
                "filename": "tornado-5.0.1.tar.gz",
                "has_sig": false,
                "md5_digest": "3f6b0b8658c111fa3c518f02d87d05e8",
                "packagetype": "sdist",
                "python_version": "source",
                "size": 504064,
                "upload_time": "2018-03-18T15:50:59",
                "url": "https://files.pythonhosted.org/packages/66/60/5b34caa5014eb3f1deb16d0e72cc08abeec7a9c9823486da7984ddadc95f/tornado-5.0.1.tar.gz"
            }
        ],
        "5.0.2": [
            {
                "comment_text": "",
                "digests": {
                    "md5": "e6fa319ec02ada40cf430811c0828034",
                    "sha256": "88ce0282cce70df9045e515f578c78f1ebc35dcabe1d70f800c3583ebda7f5f5"
                },
                "downloads": -1,
                "filename": "tornado-5.0.2-cp35-cp35m-win32.whl",
                "has_sig": false,
                "md5_digest": "e6fa319ec02ada40cf430811c0828034",
                "packagetype": "bdist_wheel",
                "python_version": "cp35",
                "size": 438463,
                "upload_time": "2018-04-08T00:42:53",
                "url": "https://files.pythonhosted.org/packages/1a/72/426796781f8afc76da366365c473e4ef5b0dd1d70d2616517070ebd08413/tornado-5.0.2-cp35-cp35m-win32.whl"
            },
            {
                "comment_text": "",
                "digests": {
                    "md5": "9677fa9d2dbbcfbada5120a7de805e83",
                    "sha256": "ba9fbb249ac5390bff8a1d6aa4b844fd400701069bda7d2e380dfe2217895101"
                },
                "downloads": -1,
                "filename": "tornado-5.0.2-cp35-cp35m-win_amd64.whl",
                "has_sig": false,
                "md5_digest": "9677fa9d2dbbcfbada5120a7de805e83",
                "packagetype": "bdist_wheel",
                "python_version": "cp35",
                "size": 439082,
                "upload_time": "2018-04-08T00:42:56",
                "url": "https://files.pythonhosted.org/packages/fc/49/212a0ec5b9aad7629c9b25436e256ef3797b8fe06c4b190fa22e9589e47f/tornado-5.0.2-cp35-cp35m-win_amd64.whl"
            },
            {
                "comment_text": "",
                "digests": {
                    "md5": "c57c4fa4c70ca12fff8490fc6f8c56e5",
                    "sha256": "408d129e9d13d3c55aa73f8084aa97d5f90ed84132e38d6932e63a67d5bec563"
                },
                "downloads": -1,
                "filename": "tornado-5.0.2-cp36-cp36m-win32.whl",
                "has_sig": false,
                "md5_digest": "c57c4fa4c70ca12fff8490fc6f8c56e5",
                "packagetype": "bdist_wheel",
                "python_version": "cp36",
                "size": 438462,
                "upload_time": "2018-04-08T00:42:58",
                "url": "https://files.pythonhosted.org/packages/9b/af/ddd8ba22a47979b5a6538fd712d1f647e23c5590165d927d82ebddf8d457/tornado-5.0.2-cp36-cp36m-win32.whl"
            },
            {
                "comment_text": "",
                "digests": {
                    "md5": "e4e71239ab335640cd3c01d068c6c5ed",
                    "sha256": "c050089173c2e9272244bccfb6a8615fb9e53b79420a5551acfa76094ecc3111"
                },
                "downloads": -1,
                "filename": "tornado-5.0.2-cp36-cp36m-win_amd64.whl",
                "has_sig": false,
                "md5_digest": "e4e71239ab335640cd3c01d068c6c5ed",
                "packagetype": "bdist_wheel",
                "python_version": "cp36",
                "size": 439079,
                "upload_time": "2018-04-08T00:42:59",
                "url": "https://files.pythonhosted.org/packages/3d/4a/5b321dc86dec06205cfae8e06fd9fa78be57e199b8665dc152c56f7d5b53/tornado-5.0.2-cp36-cp36m-win_amd64.whl"
            },
            {
                "comment_text": "",
                "digests": {
                    "md5": "e5e24ce1c8a4e6442dc38d470172f59e",
                    "sha256": "1b83d5c10550f2653380b4c77331d6f8850f287c4f67d7ce1e1c639d9222fbc7"
                },
                "downloads": -1,
                "filename": "tornado-5.0.2.tar.gz",
                "has_sig": false,
                "md5_digest": "e5e24ce1c8a4e6442dc38d470172f59e",
                "packagetype": "sdist",
                "python_version": "source",
                "size": 506544,
                "upload_time": "2018-04-08T00:43:01",
                "url": "https://files.pythonhosted.org/packages/cf/d1/3be271ae5eba9fb59df63c9891fdc7d8044b999e8ac145994cdbfd2ae66a/tornado-5.0.2.tar.gz"
            }
        ],
        "5.0a1": [
            {
                "comment_text": "",
                "digests": {
                    "md5": "9a0198c4b04f22e2dbd3d1ae6cb2dc8c",
                    "sha256": "de89cb47199cb33b7a66ed341207ccca7c293b4382419239af991914703a537f"
                },
                "downloads": -1,
                "filename": "tornado-5.0a1.tar.gz",
                "has_sig": false,
                "md5_digest": "9a0198c4b04f22e2dbd3d1ae6cb2dc8c",
                "packagetype": "sdist",
                "python_version": "source",
                "size": 497426,
                "upload_time": "2017-12-27T18:56:04",
                "url": "https://files.pythonhosted.org/packages/78/6d/2edcda81b05aa1142bc33e0f4917314e898aec044b826efa7fdc2e5c94a1/tornado-5.0a1.tar.gz"
            }
        ],
        "5.0b1": [
            {
                "comment_text": "",
                "digests": {
                    "md5": "5a48c4848d3c0d6feed9f62fc0cbfb10",
                    "sha256": "ff736f63445915138edeb68eb1b3a314a1846c289b78fcdaeb738a957e5d492b"
                },
                "downloads": -1,
                "filename": "tornado-5.0b1.tar.gz",
                "has_sig": false,
                "md5_digest": "5a48c4848d3c0d6feed9f62fc0cbfb10",
                "packagetype": "sdist",
                "python_version": "source",
                "size": 502386,
                "upload_time": "2018-01-27T23:08:32",
                "url": "https://files.pythonhosted.org/packages/bb/92/766b36018312f3115ef174786dc978ebacfe28c68901c7278173c443abe6/tornado-5.0b1.tar.gz"
            }
        ]
    },
    "urls": [
        {
            "comment_text": "",
            "digests": {
                "md5": "e6fa319ec02ada40cf430811c0828034",
                "sha256": "88ce0282cce70df9045e515f578c78f1ebc35dcabe1d70f800c3583ebda7f5f5"
            },
            "downloads": -1,
            "filename": "tornado-5.0.2-cp35-cp35m-win32.whl",
            "has_sig": false,
            "md5_digest": "e6fa319ec02ada40cf430811c0828034",
            "packagetype": "bdist_wheel",
            "python_version": "cp35",
            "size": 438463,
            "upload_time": "2018-04-08T00:42:53",
            "url": "https://files.pythonhosted.org/packages/1a/72/426796781f8afc76da366365c473e4ef5b0dd1d70d2616517070ebd08413/tornado-5.0.2-cp35-cp35m-win32.whl"
        },
        {
            "comment_text": "",
            "digests": {
                "md5": "9677fa9d2dbbcfbada5120a7de805e83",
                "sha256": "ba9fbb249ac5390bff8a1d6aa4b844fd400701069bda7d2e380dfe2217895101"
            },
            "downloads": -1,
            "filename": "tornado-5.0.2-cp35-cp35m-win_amd64.whl",
            "has_sig": false,
            "md5_digest": "9677fa9d2dbbcfbada5120a7de805e83",
            "packagetype": "bdist_wheel",
            "python_version": "cp35",
            "size": 439082,
            "upload_time": "2018-04-08T00:42:56",
            "url": "https://files.pythonhosted.org/packages/fc/49/212a0ec5b9aad7629c9b25436e256ef3797b8fe06c4b190fa22e9589e47f/tornado-5.0.2-cp35-cp35m-win_amd64.whl"
        },
        {
            "comment_text": "",
            "digests": {
                "md5": "c57c4fa4c70ca12fff8490fc6f8c56e5",
                "sha256": "408d129e9d13d3c55aa73f8084aa97d5f90ed84132e38d6932e63a67d5bec563"
            },
            "downloads": -1,
            "filename": "tornado-5.0.2-cp36-cp36m-win32.whl",
            "has_sig": false,
            "md5_digest": "c57c4fa4c70ca12fff8490fc6f8c56e5",
            "packagetype": "bdist_wheel",
            "python_version": "cp36",
            "size": 438462,
            "upload_time": "2018-04-08T00:42:58",
            "url": "https://files.pythonhosted.org/packages/9b/af/ddd8ba22a47979b5a6538fd712d1f647e23c5590165d927d82ebddf8d457/tornado-5.0.2-cp36-cp36m-win32.whl"
        },
        {
            "comment_text": "",
            "digests": {
                "md5": "e4e71239ab335640cd3c01d068c6c5ed",
                "sha256": "c050089173c2e9272244bccfb6a8615fb9e53b79420a5551acfa76094ecc3111"
            },
            "downloads": -1,
            "filename": "tornado-5.0.2-cp36-cp36m-win_amd64.whl",
            "has_sig": false,
            "md5_digest": "e4e71239ab335640cd3c01d068c6c5ed",
            "packagetype": "bdist_wheel",
            "python_version": "cp36",
            "size": 439079,
            "upload_time": "2018-04-08T00:42:59",
            "url": "https://files.pythonhosted.org/packages/3d/4a/5b321dc86dec06205cfae8e06fd9fa78be57e199b8665dc152c56f7d5b53/tornado-5.0.2-cp36-cp36m-win_amd64.whl"
        },
        {
            "comment_text": "",
            "digests": {
                "md5": "e5e24ce1c8a4e6442dc38d470172f59e",
                "sha256": "1b83d5c10550f2653380b4c77331d6f8850f287c4f67d7ce1e1c639d9222fbc7"
            },
            "downloads": -1,
            "filename": "tornado-5.0.2.tar.gz",
            "has_sig": false,
            "md5_digest": "e5e24ce1c8a4e6442dc38d470172f59e",
            "packagetype": "sdist",
            "python_version": "source",
            "size": 506544,
            "upload_time": "2018-04-08T00:43:01",
            "url": "https://files.pythonhosted.org/packages/cf/d1/3be271ae5eba9fb59df63c9891fdc7d8044b999e8ac145994cdbfd2ae66a/tornado-5.0.2.tar.gz"
        }
    ],
    "package_name": "tornado"
}