{
    "info": {
        "author": "Armin Ronacher",
        "author_email": "armin.ronacher@active-4.com",
        "bugtrack_url": "",
        "classifiers": [
            "Development Status :: 5 - Production/Stable",
            "Environment :: Web Environment",
            "Intended Audience :: Developers",
            "License :: OSI Approved :: BSD License",
            "Operating System :: OS Independent",
            "Programming Language :: Python",
            "Programming Language :: Python :: 2",
            "Programming Language :: Python :: 2.6",
            "Programming Language :: Python :: 2.7",
            "Programming Language :: Python :: 3",
            "Programming Language :: Python :: 3.3",
            "Programming Language :: Python :: 3.4",
            "Programming Language :: Python :: 3.5",
            "Programming Language :: Python :: 3.6",
            "Topic :: Internet :: WWW/HTTP :: Dynamic Content",
            "Topic :: Software Development :: Libraries :: Python Modules"
        ],
        "description": "Werkzeug\n========\n\nWerkzeug is a comprehensive `WSGI`_ web application library. It began as\na simple collection of various utilities for WSGI applications and has\nbecome one of the most advanced WSGI utility libraries.\n\nIt includes:\n\n* An interactive debugger that allows inspecting stack traces and source\n  code in the browser with an interactive interpreter for any frame in\n  the stack.\n* A full-featured request object with objects to interact with headers,\n  query args, form data, files, and cookies.\n* A response object that can wrap other WSGI applications and handle\n  streaming data.\n* A routing system for matching URLs to endpoints and generating URLs\n  for endpoints, with an extensible system for capturing variables from\n  URLs.\n* HTTP utilities to handle entity tags, cache control, dates, user\n  agents, cookies, files, and more.\n* A threaded WSGI server for use while developing applications locally.\n* A test client for simulating HTTP requests during testing without\n  requiring running a server.\n\nWerkzeug is Unicode aware and doesn't enforce any dependencies. It is up\nto the developer to choose a template engine, database adapter, and even\nhow to handle requests. It can be used to build all sorts of end user\napplications such as blogs, wikis, or bulletin boards.\n\n`Flask`_ wraps Werkzeug, using it to handle the details of WSGI while\nproviding more structure and patterns for defining powerful\napplications.\n\n\nInstalling\n----------\n\nInstall and update using `pip`_:\n\n.. code-block:: text\n\n    pip install -U Werkzeug\n\n\nA Simple Example\n----------------\n\n.. code-block:: python\n\n    from werkzeug.wrappers import Request, Response\n\n    @Request.application\n    def application(request):\n        return Response('Hello, World!')\n\n    if __name__ == '__main__':\n        from werkzeug.serving import run_simple\n        run_simple('localhost', 4000, application)\n\n\nLinks\n-----\n\n* Website: https://www.palletsprojects.com/p/werkzeug/\n* Releases: https://pypi.org/project/Werkzeug/\n* Code: https://github.com/pallets/werkzeug\n* Issue tracker: https://github.com/pallets/werkzeug/issues\n* Test status:\n\n  * Linux, Mac: https://travis-ci.org/pallets/werkzeug\n  * Windows: https://ci.appveyor.com/project/davidism/werkzeug\n\n* Test coverage: https://codecov.io/gh/pallets/werkzeug\n\n.. _WSGI: https://wsgi.readthedocs.io/en/latest/\n.. _Flask: https://www.palletsprojects.com/p/flask/\n.. _pip: https://pip.pypa.io/en/stable/quickstart/\n\n\n",
        "description_content_type": null,
        "docs_url": null,
        "download_url": "",
        "downloads": {
            "last_day": -1,
            "last_month": -1,
            "last_week": -1
        },
        "home_page": "https://www.palletsprojects.org/p/werkzeug/",
        "keywords": "",
        "license": "BSD",
        "maintainer": "",
        "maintainer_email": "",
        "name": "Werkzeug",
        "package_url": "https://pypi.org/project/Werkzeug/",
        "platform": "any",
        "project_url": "https://pypi.org/project/Werkzeug/",
        "release_url": "https://pypi.org/project/Werkzeug/0.14.1/",
        "requires_dist": [
            "coverage; extra == 'dev'",
            "pytest; extra == 'dev'",
            "sphinx; extra == 'dev'",
            "tox; extra == 'dev'",
            "termcolor; extra == 'termcolor'",
            "watchdog; extra == 'watchdog'"
        ],
        "requires_python": "",
        "summary": "The comprehensive WSGI web application library.",
        "version": "0.14.1"
    },
    "last_serial": 3453682,
    "releases": {
        "0.1": [
            {
                "comment_text": "",
                "digests": {
                    "md5": "3395e2c1770b2df9b26b5e33406b322c",
                    "sha256": "7087dbc6b2e9e86890010324b42b02af7104287545d1389546caa6558b14160a"
                },
                "downloads": -1,
                "filename": "Werkzeug-0.1-py2.4.egg",
                "has_sig": false,
                "md5_digest": "3395e2c1770b2df9b26b5e33406b322c",
                "packagetype": "bdist_egg",
                "python_version": "2.4",
                "size": 179677,
                "upload_time": "2007-12-09T18:32:05",
                "url": "https://files.pythonhosted.org/packages/37/95/00a680f395343454bbd959e0798373a09798ee05e0b04aad20b0e3ebd16b/Werkzeug-0.1-py2.4.egg"
            },
            {
                "comment_text": "",
                "digests": {
                    "md5": "2dd76797de7eabf0eee41e4d8c80ba73",
                    "sha256": "89985ad2b4303eafba238c0f882f1fb96db8425239b0c456cd91d9345ed2575c"
                },
                "downloads": -1,
                "filename": "Werkzeug-0.1-py2.5.egg",
                "has_sig": false,
                "md5_digest": "2dd76797de7eabf0eee41e4d8c80ba73",
                "packagetype": "bdist_egg",
                "python_version": "2.5",
                "size": 177944,
                "upload_time": "2007-12-09T18:29:42",
                "url": "https://files.pythonhosted.org/packages/52/c8/602aa58f9421671f3811c343575f43adf443e19082c2127d0784fb617b90/Werkzeug-0.1-py2.5.egg"
            },
            {
                "comment_text": "",
                "digests": {
                    "md5": "28ae0702cd3af4f1c655e2f8273d8c9f",
                    "sha256": "01943e0f3948010e0aa6a79dd252a8d0121ea1f18bc8bc263f3bed5612a3a184"
                },
                "downloads": -1,
                "filename": "Werkzeug-0.1.tar.gz",
                "has_sig": false,
                "md5_digest": "28ae0702cd3af4f1c655e2f8273d8c9f",
                "packagetype": "sdist",
                "python_version": "source",
                "size": 74464,
                "upload_time": "2007-12-09T18:29:44",
                "url": "https://files.pythonhosted.org/packages/a5/e7/e8dcb0abe805e06cdb609dd1d9e188509345b51a2380c128aa189815437c/Werkzeug-0.1.tar.gz"
            }
        ],
        "0.10": [
            {
                "comment_text": "",
                "digests": {
                    "md5": "42ebf43b19475bf856fde740050d7707",
                    "sha256": "9a97a6fcf87390172748da9e5250710b352dff18e979db925d276112cdcfa7ac"
                },
                "downloads": -1,
                "filename": "Werkzeug-0.10.tar.gz",
                "has_sig": false,
                "md5_digest": "42ebf43b19475bf856fde740050d7707",
                "packagetype": "sdist",
                "python_version": "source",
                "size": 1133931,
                "upload_time": "2015-01-29T23:03:27",
                "url": "https://files.pythonhosted.org/packages/32/d7/5648e058b7786f2f57480b415f369fc7ea8d51468c11b961eddef915891e/Werkzeug-0.10.tar.gz"
            }
        ],
        "0.10.1": [
            {
                "comment_text": "",
                "digests": {
                    "md5": "231d10996b7c3c1efe1776f22d570f83",
                    "sha256": "9cf783990b1a99173e707a5768610800aa87775e9d86e211d17180d5b6c245ab"
                },
                "downloads": -1,
                "filename": "Werkzeug-0.10.1.tar.gz",
                "has_sig": false,
                "md5_digest": "231d10996b7c3c1efe1776f22d570f83",
                "packagetype": "sdist",
                "python_version": "source",
                "size": 1134481,
                "upload_time": "2015-02-03T22:00:36",
                "url": "https://files.pythonhosted.org/packages/4c/01/7c64cf317ace1ff2c9b44cbf2c967dfcb170088b3676a871b7f08c059dfd/Werkzeug-0.10.1.tar.gz"
            }
        ],
        "0.10.2": [
            {
                "comment_text": "",
                "digests": {
                    "md5": "d4c7c680f442471bb84735f15551f3cb",
                    "sha256": "64a7664185a23c9dcf27ba642e7344af9bbd2679643d369dce8ff30c2a6b4f7f"
                },
                "downloads": -1,
                "filename": "Werkzeug-0.10.2-py2.py3-none-any.whl",
                "has_sig": false,
                "md5_digest": "d4c7c680f442471bb84735f15551f3cb",
                "packagetype": "bdist_wheel",
                "python_version": "2.7",
                "size": 295201,
                "upload_time": "2015-03-26T12:40:49",
                "url": "https://files.pythonhosted.org/packages/e2/70/28fb65066572ae5518fef4a53e61adedd0ce4928cdcad9c03f3ace221ae0/Werkzeug-0.10.2-py2.py3-none-any.whl"
            },
            {
                "comment_text": "",
                "digests": {
                    "md5": "66cccf6e98bbddc04bd9768c5e5e4b37",
                    "sha256": "383d16fd907f90cc6d910e2ffc266148aeb5542423f932ce79ac5a0523605cc4"
                },
                "downloads": -1,
                "filename": "Werkzeug-0.10.2.tar.gz",
                "has_sig": false,
                "md5_digest": "66cccf6e98bbddc04bd9768c5e5e4b37",
                "packagetype": "sdist",
                "python_version": "source",
                "size": 1137683,
                "upload_time": "2015-03-26T12:40:44",
                "url": "https://files.pythonhosted.org/packages/7f/3b/9ecf90ee8dada2b85d478d37ed64c70532dfaa2dd6b45a01018b331d37f3/Werkzeug-0.10.2.tar.gz"
            }
        ],
        "0.10.3": [],
        "0.10.4": [
            {
                "comment_text": "",
                "digests": {
                    "md5": "4017a2ed262cfa973f76108eb488e5be",
                    "sha256": "a438aa8c3f513a5cf3dda02a62f9e022b7598e9fbfeba14ba2d6dd957c8ab436"
                },
                "downloads": -1,
                "filename": "Werkzeug-0.10.4-py2.py3-none-any.whl",
                "has_sig": false,
                "md5_digest": "4017a2ed262cfa973f76108eb488e5be",
                "packagetype": "bdist_wheel",
                "python_version": "2.7",
                "size": 293089,
                "upload_time": "2015-03-26T15:50:09",
                "url": "https://files.pythonhosted.org/packages/49/0c/e33c2caec86a7926186f7d454f6a901f45f05ad90337c6972d170b9ee806/Werkzeug-0.10.4-py2.py3-none-any.whl"
            },
            {
                "comment_text": "",
                "digests": {
                    "md5": "66a488e0ac50a9ec326fe020b3083450",
                    "sha256": "9d2771e4c89be127bc4bac056ab7ceaf0e0064c723d6b6e195739c3af4fd5c1d"
                },
                "downloads": -1,
                "filename": "Werkzeug-0.10.4.tar.gz",
                "has_sig": false,
                "md5_digest": "66a488e0ac50a9ec326fe020b3083450",
                "packagetype": "sdist",
                "python_version": "source",
                "size": 1137282,
                "upload_time": "2015-03-26T15:50:04",
                "url": "https://files.pythonhosted.org/packages/ec/17/a7e847bcfd7dcdc86c830ff2f0ab4e1a97b7efd8f8c8ebf26859091d3812/Werkzeug-0.10.4.tar.gz"
            }
        ],
        "0.11": [
            {
                "comment_text": "",
                "digests": {
                    "md5": "b853f46b245d36161f235bd311fb7263",
                    "sha256": "809bcff67e9968a5a83a4f3e9f47451ca8fd868a2d02716e74366bc9c317aed2"
                },
                "downloads": -1,
                "filename": "Werkzeug-0.11-py2.py3-none-any.whl",
                "has_sig": false,
                "md5_digest": "b853f46b245d36161f235bd311fb7263",
                "packagetype": "bdist_wheel",
                "python_version": "2.7",
                "size": 304753,
                "upload_time": "2015-11-08T14:55:41",
                "url": "https://files.pythonhosted.org/packages/dd/89/65fed0cb77bf6e4eb350f80f34fce14a3c39acbcced090fb3abc1e9ef230/Werkzeug-0.11-py2.py3-none-any.whl"
            },
            {
                "comment_text": "",
                "digests": {
                    "md5": "f6cc409c534a6cd115b7f96fc77b7a62",
                    "sha256": "823dd060427c72051915f3f68090639bd6db06302a1eff149c4b5a341bb19305"
                },
                "downloads": -1,
                "filename": "Werkzeug-0.11.tar.gz",
                "has_sig": false,
                "md5_digest": "f6cc409c534a6cd115b7f96fc77b7a62",
                "packagetype": "sdist",
                "python_version": "source",
                "size": 1151616,
                "upload_time": "2015-11-08T14:55:35",
                "url": "https://files.pythonhosted.org/packages/a1/0c/e4c1144db79b9a0f917061cc86d1535261a68d6ad897fe972af5ee7710ef/Werkzeug-0.11.tar.gz"
            }
        ],
        "0.11.1": [
            {
                "comment_text": "",
                "digests": {
                    "md5": "ff8452a255afa44a5fcb1b79a3da2f27",
                    "sha256": "bca5d6a06e4603abd0d2c10bb5ce523039bf16a0a7b8320bd74f6458d20d4c3b"
                },
                "downloads": -1,
                "filename": "Werkzeug-0.11.1-py2.py3-none-any.whl",
                "has_sig": false,
                "md5_digest": "ff8452a255afa44a5fcb1b79a3da2f27",
                "packagetype": "bdist_wheel",
                "python_version": "2.7",
                "size": 304783,
                "upload_time": "2015-11-10T11:48:06",
                "url": "https://files.pythonhosted.org/packages/0b/37/398042f9b852c57f7e9b4e1173dcd40e7b9980d9c76a700647c458f582b1/Werkzeug-0.11.1-py2.py3-none-any.whl"
            },
            {
                "comment_text": "",
                "digests": {
                    "md5": "dd90173db2deb17a75933a8dc3cdc4db",
                    "sha256": "280b37866a1fa8604549cbc278f06d310143e20f1a6520ae5cf66e0df615e0a7"
                },
                "downloads": -1,
                "filename": "Werkzeug-0.11.1.tar.gz",
                "has_sig": false,
                "md5_digest": "dd90173db2deb17a75933a8dc3cdc4db",
                "packagetype": "sdist",
                "python_version": "source",
                "size": 1151713,
                "upload_time": "2015-11-10T11:46:50",
                "url": "https://files.pythonhosted.org/packages/1c/b4/824c916f1451164bd871ad062defa2f48a34e2e952b12c0422f3ecf3a531/Werkzeug-0.11.1.tar.gz"
            }
        ],
        "0.11.10": [
            {
                "comment_text": "",
                "digests": {
                    "md5": "a299cbd884ae33f03ee9d8de75ca231e",
                    "sha256": "f22b9762589decfde50149c7ee080713cbf6129b49ce2b398f59b709b161a8d3"
                },
                "downloads": -1,
                "filename": "Werkzeug-0.11.10-py2.py3-none-any.whl",
                "has_sig": false,
                "md5_digest": "a299cbd884ae33f03ee9d8de75ca231e",
                "packagetype": "bdist_wheel",
                "python_version": "2.7",
                "size": 306928,
                "upload_time": "2016-05-24T09:24:48",
                "url": "https://files.pythonhosted.org/packages/f7/41/6847fed02f9c1692461f66d2b9391c1e4236451f0cb5bcbe3ebc73de1ca2/Werkzeug-0.11.10-py2.py3-none-any.whl"
            },
            {
                "comment_text": "",
                "digests": {
                    "md5": "780967186f9157e88f2bfbfa6f07a893",
                    "sha256": "cc64dafbacc716cdd42503cf6c44cb5a35576443d82f29f6829e5c49264aeeee"
                },
                "downloads": -1,
                "filename": "Werkzeug-0.11.10.tar.gz",
                "has_sig": false,
                "md5_digest": "780967186f9157e88f2bfbfa6f07a893",
                "packagetype": "sdist",
                "python_version": "source",
                "size": 1155484,
                "upload_time": "2016-05-24T09:19:45",
                "url": "https://files.pythonhosted.org/packages/b7/7f/44d3cfe5a12ba002b253f6985a4477edfa66da53787a2a838a40f6415263/Werkzeug-0.11.10.tar.gz"
            }
        ],
        "0.11.11": [
            {
                "comment_text": "",
                "digests": {
                    "md5": "c63a21eedce9504d223ed89358c4bdc9",
                    "sha256": "eb3108af06aed08fb2f4fc883f2adf04c8f4997f6368517591b2becf15ae0da2"
                },
                "downloads": -1,
                "filename": "Werkzeug-0.11.11-py2.py3-none-any.whl",
                "has_sig": false,
                "md5_digest": "c63a21eedce9504d223ed89358c4bdc9",
                "packagetype": "bdist_wheel",
                "python_version": "2.7",
                "size": 306997,
                "upload_time": "2016-08-31T13:13:17",
                "url": "https://files.pythonhosted.org/packages/a9/5e/41f791a3f380ec50f2c4c3ef1399d9ffce6b4fe9a7f305222f014cf4fe83/Werkzeug-0.11.11-py2.py3-none-any.whl"
            },
            {
                "comment_text": "",
                "digests": {
                    "md5": "1d34afa1f19abcef4c0da51ebc2c4ea7",
                    "sha256": "e72c46bc14405cba7a26bd2ce28df734471bc9016bc8b4cb69466c2c14c2f7e5"
                },
                "downloads": -1,
                "filename": "Werkzeug-0.11.11.tar.gz",
                "has_sig": false,
                "md5_digest": "1d34afa1f19abcef4c0da51ebc2c4ea7",
                "packagetype": "sdist",
                "python_version": "source",
                "size": 1158304,
                "upload_time": "2016-08-31T13:13:13",
                "url": "https://files.pythonhosted.org/packages/43/2e/d822b4a4216804519ace92e0368dcfc4b0b2887462d852fdd476b253ecc9/Werkzeug-0.11.11.tar.gz"
            }
        ],
        "0.11.12": [
            {
                "comment_text": "",
                "digests": {
                    "md5": "7b174750cd32380263fb83935d0fb33c",
                    "sha256": "47c333d78cfff9c1e4ce378bf1991ff7b7dc6e26b87214dad292c3b844fcab50"
                },
                "downloads": -1,
                "filename": "Werkzeug-0.11.12-py2.py3-none-any.whl",
                "has_sig": false,
                "md5_digest": "7b174750cd32380263fb83935d0fb33c",
                "packagetype": "bdist_wheel",
                "python_version": "3.5",
                "size": 308722,
                "upload_time": "2016-12-26T14:10:37",
                "url": "https://files.pythonhosted.org/packages/b3/30/453c5e63a70d4d3bef512035eb02eb1bd050ecfea0367981346f3b726240/Werkzeug-0.11.12-py2.py3-none-any.whl"
            },
            {
                "comment_text": "",
                "digests": {
                    "md5": "f1be73d139c067e6caf0ff2564550f52",
                    "sha256": "d42fc6a5036da96358091bc0460f7f39dd7f15d63a4c3be70e17d6697522a8f2"
                },
                "downloads": -1,
                "filename": "Werkzeug-0.11.12.zip",
                "has_sig": false,
                "md5_digest": "f1be73d139c067e6caf0ff2564550f52",
                "packagetype": "sdist",
                "python_version": "source",
                "size": 1255209,
                "upload_time": "2016-12-26T14:10:52",
                "url": "https://files.pythonhosted.org/packages/b9/84/5e882887ee5e962e54fb19e25e04bf4c7b7ebe74b1906550cfb8e1990aa5/Werkzeug-0.11.12.zip"
            }
        ],
        "0.11.13": [
            {
                "comment_text": "",
                "digests": {
                    "md5": "1f9aded02c3a2b80bedb6d157c0aa58a",
                    "sha256": "475bdde8e782f6f426b76d3d04ba8f1a2d3e346522d65249e1da391a93b062db"
                },
                "downloads": -1,
                "filename": "Werkzeug-0.11.13-py2.py3-none-any.whl",
                "has_sig": false,
                "md5_digest": "1f9aded02c3a2b80bedb6d157c0aa58a",
                "packagetype": "bdist_wheel",
                "python_version": "3.5",
                "size": 308760,
                "upload_time": "2016-12-26T18:56:10",
                "url": "https://files.pythonhosted.org/packages/18/47/152d1617f9cf49bb3780fce34706ce85f89c4cbb6baa7625d227540244c1/Werkzeug-0.11.13-py2.py3-none-any.whl"
            },
            {
                "comment_text": "",
                "digests": {
                    "md5": "9fc73626c72021b4497581340a92f8e3",
                    "sha256": "ebf720bc2f0ac7739ee2d6de63da8a323d73d91fddc16f5fadae915ae9e1e690"
                },
                "downloads": -1,
                "filename": "Werkzeug-0.11.13.zip",
                "has_sig": false,
                "md5_digest": "9fc73626c72021b4497581340a92f8e3",
                "packagetype": "sdist",
                "python_version": "source",
                "size": 1255270,
                "upload_time": "2016-12-26T18:56:14",
                "url": "https://files.pythonhosted.org/packages/4a/4a/0e5f691c1e00d8b5678f35225cfc9e21dcebec794fb9702648b8fac716b1/Werkzeug-0.11.13.zip"
            }
        ],
        "0.11.14": [
            {
                "comment_text": "",
                "digests": {
                    "md5": "4efc6cef346124a1aba19ccc42f9085b",
                    "sha256": "11a56e4141a2a9279a0d924f1aa6089bd675abfe66ce7ff6d4912655f4c289bf"
                },
                "downloads": -1,
                "filename": "Werkzeug-0.11.14-py2.py3-none-any.whl",
                "has_sig": false,
                "md5_digest": "4efc6cef346124a1aba19ccc42f9085b",
                "packagetype": "bdist_wheel",
                "python_version": "2.7",
                "size": 307248,
                "upload_time": "2016-12-30T22:13:14",
                "url": "https://files.pythonhosted.org/packages/0b/c1/ecb9ca942e429944630cd33494db1fd7e692e6464c97a651fd762f2f160d/Werkzeug-0.11.14-py2.py3-none-any.whl"
            },
            {
                "comment_text": "",
                "digests": {
                    "md5": "cb4139025c63927068dd9a797908c8d6",
                    "sha256": "735bf5847d0e133e7f3f13589dd5782539d6579fe4b7a389e247a351ab02f7be"
                },
                "downloads": -1,
                "filename": "Werkzeug-0.11.14.tar.gz",
                "has_sig": false,
                "md5_digest": "cb4139025c63927068dd9a797908c8d6",
                "packagetype": "sdist",
                "python_version": "source",
                "size": 1156468,
                "upload_time": "2016-12-30T22:13:11",
                "url": "https://files.pythonhosted.org/packages/67/aa/f6996f1e199c49fa52fe84de51aea88fdb46c5b9234cb47b4b580d669753/Werkzeug-0.11.14.tar.gz"
            }
        ],
        "0.11.15": [
            {
                "comment_text": "",
                "digests": {
                    "md5": "893d272530b18ba2546d53643600de61",
                    "sha256": "c6f6f89124df0514d886782c658c3e12f2caaa94da34cee3fd82eebf4ebf052b"
                },
                "downloads": -1,
                "filename": "Werkzeug-0.11.15-py2.py3-none-any.whl",
                "has_sig": false,
                "md5_digest": "893d272530b18ba2546d53643600de61",
                "packagetype": "bdist_wheel",
                "python_version": "2.7",
                "size": 307256,
                "upload_time": "2016-12-30T22:49:48",
                "url": "https://files.pythonhosted.org/packages/ef/c6/3c431fea5f93c8bc869ec9c7bdad9ffef4ff9c81bfe1d294217447206c46/Werkzeug-0.11.15-py2.py3-none-any.whl"
            },
            {
                "comment_text": "",
                "digests": {
                    "md5": "cb4010478dd33905f95920e4880204a2",
                    "sha256": "455d7798ac263266dbd38d4841f7534dd35ca9c3da4a8df303f8488f38f3bcc0"
                },
                "downloads": -1,
                "filename": "Werkzeug-0.11.15.tar.gz",
                "has_sig": false,
                "md5_digest": "cb4010478dd33905f95920e4880204a2",
                "packagetype": "sdist",
                "python_version": "source",
                "size": 1156471,
                "upload_time": "2016-12-30T22:49:45",
                "url": "https://files.pythonhosted.org/packages/fe/7f/6d70f765ce5484e07576313897793cb49333dd34e462488ee818d17244af/Werkzeug-0.11.15.tar.gz"
            }
        ],
        "0.11.2": [
            {
                "comment_text": "",
                "digests": {
                    "md5": "a21a2329d977837d5f9faa9068cfb05e",
                    "sha256": "b6a93e909b31e3e14659584ff7329864275905ddc1b8653861bdfe1e597250f4"
                },
                "downloads": -1,
                "filename": "Werkzeug-0.11.2-py2.py3-none-any.whl",
                "has_sig": false,
                "md5_digest": "a21a2329d977837d5f9faa9068cfb05e",
                "packagetype": "bdist_wheel",
                "python_version": "2.7",
                "size": 304944,
                "upload_time": "2015-11-12T09:23:36",
                "url": "https://files.pythonhosted.org/packages/b7/3d/be1357f3cdbfa10c9898b0fbbd5eeeaef08df7908176d09c454e66592b1e/Werkzeug-0.11.2-py2.py3-none-any.whl"
            },
            {
                "comment_text": "",
                "digests": {
                    "md5": "b3b90c940ab5f77a1e96313263c6d288",
                    "sha256": "eb4f98994b40a8e2edce289e811c9a38880ae53eb9ff6f031d0e243a69b0fcbf"
                },
                "downloads": -1,
                "filename": "Werkzeug-0.11.2.tar.gz",
                "has_sig": false,
                "md5_digest": "b3b90c940ab5f77a1e96313263c6d288",
                "packagetype": "sdist",
                "python_version": "source",
                "size": 1152067,
                "upload_time": "2015-11-12T09:23:13",
                "url": "https://files.pythonhosted.org/packages/f6/d6/819c7462d86a4a22a276359db65bf8cc3afcbb7a8b2e41021cd6519a4f7d/Werkzeug-0.11.2.tar.gz"
            }
        ],
        "0.11.3": [
            {
                "comment_text": "",
                "digests": {
                    "md5": "111eb38fe31ce6d17fd840bc4024286c",
                    "sha256": "69491b5305157c3c6e0f04a701984d6ae77fd729fc1c9acd25077f1df385326b"
                },
                "downloads": -1,
                "filename": "Werkzeug-0.11.3-py2.py3-none-any.whl",
                "has_sig": false,
                "md5_digest": "111eb38fe31ce6d17fd840bc4024286c",
                "packagetype": "bdist_wheel",
                "python_version": "2.7",
                "size": 305018,
                "upload_time": "2015-12-19T23:13:54",
                "url": "https://files.pythonhosted.org/packages/1c/35/18d0febbe432d61a607d1fe457d404cc30815ed9afb31314ea1a7bbbe9e3/Werkzeug-0.11.3-py2.py3-none-any.whl"
            },
            {
                "comment_text": "",
                "digests": {
                    "md5": "9479bc7ea6a42c2d0d82929d3926df67",
                    "sha256": "eb5f700a9bfc96420b055635af9002d3662e43d80c3ffd31f224c25bc0d5f462"
                },
                "downloads": -1,
                "filename": "Werkzeug-0.11.3.tar.gz",
                "has_sig": false,
                "md5_digest": "9479bc7ea6a42c2d0d82929d3926df67",
                "packagetype": "sdist",
                "python_version": "source",
                "size": 1152396,
                "upload_time": "2015-12-19T23:13:44",
                "url": "https://files.pythonhosted.org/packages/f1/2b/efd5c9e1cce9485254d9c18d41df47d212eeec154b9cc8e17457da9dce6a/Werkzeug-0.11.3.tar.gz"
            }
        ],
        "0.11.4": [
            {
                "comment_text": "",
                "digests": {
                    "md5": "6185433b025f5bfe90d8a670e97ca47f",
                    "sha256": "7db3cb2d4725be0680abf64a45b18229186f03ad8b9989abbe053f9357b17b37"
                },
                "downloads": -1,
                "filename": "Werkzeug-0.11.4-py2.py3-none-any.whl",
                "has_sig": false,
                "md5_digest": "6185433b025f5bfe90d8a670e97ca47f",
                "packagetype": "bdist_wheel",
                "python_version": "2.7",
                "size": 305196,
                "upload_time": "2016-02-14T17:54:40",
                "url": "https://files.pythonhosted.org/packages/a8/6a/12dca42596ffa19297bd31154b489c5dd5ab3399850644894de10e7bbcae/Werkzeug-0.11.4-py2.py3-none-any.whl"
            },
            {
                "comment_text": "",
                "digests": {
                    "md5": "9c5cfb704e39aea1524777caa5891eb0",
                    "sha256": "e48fb7e3f2bb5a740dd9a666624699a4d83e2e028555f9c46bcc8ecfc2cd8c32"
                },
                "downloads": -1,
                "filename": "Werkzeug-0.11.4.tar.gz",
                "has_sig": false,
                "md5_digest": "9c5cfb704e39aea1524777caa5891eb0",
                "packagetype": "sdist",
                "python_version": "source",
                "size": 1152770,
                "upload_time": "2016-02-14T17:54:32",
                "url": "https://files.pythonhosted.org/packages/77/88/93b65347187fe101f2848982e2f84871e7aea76bb75aa05467b2c1eac6ea/Werkzeug-0.11.4.tar.gz"
            }
        ],
        "0.11.5": [
            {
                "comment_text": "",
                "digests": {
                    "md5": "7d5d6360f14e431de6fb10dfdece9e51",
                    "sha256": "22218d2f8572575531e876dbeb26c8691d5e1a4f5d923324f045a6231ba03609"
                },
                "downloads": -1,
                "filename": "Werkzeug-0.11.5-py2.py3-none-any.whl",
                "has_sig": false,
                "md5_digest": "7d5d6360f14e431de6fb10dfdece9e51",
                "packagetype": "bdist_wheel",
                "python_version": "2.7",
                "size": 305305,
                "upload_time": "2016-03-22T19:39:16",
                "url": "https://files.pythonhosted.org/packages/10/25/9a27e9d35aa457b40ce3aebde9d7b2fefbee96937a59c4975752c5c10a62/Werkzeug-0.11.5-py2.py3-none-any.whl"
            },
            {
                "comment_text": "",
                "digests": {
                    "md5": "daf443a939459e12f14fd2e4658a26df",
                    "sha256": "afdb04f183eef3b20827eb4520dcb75c1cd1f0ba7a7de3f463ff7a462eee8164"
                },
                "downloads": -1,
                "filename": "Werkzeug-0.11.5.tar.gz",
                "has_sig": false,
                "md5_digest": "daf443a939459e12f14fd2e4658a26df",
                "packagetype": "sdist",
                "python_version": "source",
                "size": 1154970,
                "upload_time": "2016-03-22T19:39:01",
                "url": "https://files.pythonhosted.org/packages/96/2c/ef9b1b4692472938cfa15799258be35bc1cf600a860b24e1bd675a38ae39/Werkzeug-0.11.5.tar.gz"
            }
        ],
        "0.11.6": [
            {
                "comment_text": "",
                "digests": {
                    "md5": "a58f3a09fed6b67c9ee9234c526452ca",
                    "sha256": "d6ff6e90c3c35d53705bacda21593d684ea8b1ff3f90b3b83e3e918a6111f269"
                },
                "downloads": -1,
                "filename": "Werkzeug-0.11.6-py2.py3-none-any.whl",
                "has_sig": false,
                "md5_digest": "a58f3a09fed6b67c9ee9234c526452ca",
                "packagetype": "bdist_wheel",
                "python_version": "2.7",
                "size": 306553,
                "upload_time": "2016-04-14T13:48:58",
                "url": "https://files.pythonhosted.org/packages/34/e9/624a3b7de10c47a1a3ab5a95174897f75269042cdf2a13656cdedc73c2ad/Werkzeug-0.11.6-py2.py3-none-any.whl"
            },
            {
                "comment_text": "",
                "digests": {
                    "md5": "7328769c4b958611a080a9f0b8b961c8",
                    "sha256": "63d79a05941359a09341c70e0a2dedf50854adbed2e618130e51082811330b32"
                },
                "downloads": -1,
                "filename": "Werkzeug-0.11.6.tar.gz",
                "has_sig": false,
                "md5_digest": "7328769c4b958611a080a9f0b8b961c8",
                "packagetype": "sdist",
                "python_version": "source",
                "size": 1154974,
                "upload_time": "2016-04-14T13:48:49",
                "url": "https://files.pythonhosted.org/packages/11/e3/7e48abadfb8ed2bbc526fd62c0ae2f8871b466a0cab2b7c852c8d234b0d8/Werkzeug-0.11.6.tar.gz"
            }
        ],
        "0.11.7": [
            {
                "comment_text": "",
                "digests": {
                    "md5": "1b21ac5c86af62eb09e0bc35b764e277",
                    "sha256": "22cc822fd56d66b452b5b01af5c5feab36054985a911b1602e9d2712913e252b"
                },
                "downloads": -1,
                "filename": "Werkzeug-0.11.7-py2.py3-none-any.whl",
                "has_sig": false,
                "md5_digest": "1b21ac5c86af62eb09e0bc35b764e277",
                "packagetype": "bdist_wheel",
                "python_version": "2.7",
                "size": 306554,
                "upload_time": "2016-04-14T17:38:21",
                "url": "https://files.pythonhosted.org/packages/5d/41/15cd28a4b8cc6560ce6ea71d9c30bdf147e83a06fda8b4391a83288913ef/Werkzeug-0.11.7-py2.py3-none-any.whl"
            },
            {
                "comment_text": "",
                "digests": {
                    "md5": "12b5d2b23a2ef09d2c61ce86965d14a7",
                    "sha256": "afecff59c86c631183fffa0fe5c0e1bbc950095a30821d2615106af5e12ebac6"
                },
                "downloads": -1,
                "filename": "Werkzeug-0.11.7.tar.gz",
                "has_sig": false,
                "md5_digest": "12b5d2b23a2ef09d2c61ce86965d14a7",
                "packagetype": "sdist",
                "python_version": "source",
                "size": 1154958,
                "upload_time": "2016-04-14T17:38:12",
                "url": "https://files.pythonhosted.org/packages/97/da/b0366b37c56d5d4746b3e7f3f39f096a882c5ac6169e4a7e664313c64e81/Werkzeug-0.11.7.tar.gz"
            }
        ],
        "0.11.8": [
            {
                "comment_text": "",
                "digests": {
                    "md5": "6a0a390fcf9702e10004bafe218f8c17",
                    "sha256": "c19bd65115c46ba59013047b233e41149a8cc2de2780d8b32e77a716356b595e"
                },
                "downloads": -1,
                "filename": "Werkzeug-0.11.8-py2.py3-none-any.whl",
                "has_sig": false,
                "md5_digest": "6a0a390fcf9702e10004bafe218f8c17",
                "packagetype": "bdist_wheel",
                "python_version": "2.7",
                "size": 306554,
                "upload_time": "2016-04-15T13:00:56",
                "url": "https://files.pythonhosted.org/packages/29/43/6f344e71411687d9a1ae2aaac426cb8d864842c255f05ed5cfba0122c40b/Werkzeug-0.11.8-py2.py3-none-any.whl"
            },
            {
                "comment_text": "",
                "digests": {
                    "md5": "7ffc339ac66eec241278aa81ed40c4de",
                    "sha256": "729730a25f43a29ac6a79f08384ea18a3a125d07079492e15c3b3c2a3f090c37"
                },
                "downloads": -1,
                "filename": "Werkzeug-0.11.8.tar.gz",
                "has_sig": false,
                "md5_digest": "7ffc339ac66eec241278aa81ed40c4de",
                "packagetype": "sdist",
                "python_version": "source",
                "size": 1154973,
                "upload_time": "2016-04-15T13:00:40",
                "url": "https://files.pythonhosted.org/packages/e6/92/47240436fb19717b42ad02a3c028796b474580b55149b51059826a55ebec/Werkzeug-0.11.8.tar.gz"
            }
        ],
        "0.11.9": [
            {
                "comment_text": "",
                "digests": {
                    "md5": "d8340e479694dc0603fc5e10314a97f3",
                    "sha256": "cc4b84a685bfa01163a0bb30738d0dfcffa6af411dd489aed90f37a61bc4af26"
                },
                "downloads": -1,
                "filename": "Werkzeug-0.11.9-py2.py3-none-any.whl",
                "has_sig": false,
                "md5_digest": "d8340e479694dc0603fc5e10314a97f3",
                "packagetype": "bdist_wheel",
                "python_version": "2.7",
                "size": 306576,
                "upload_time": "2016-04-24T18:31:53",
                "url": "https://files.pythonhosted.org/packages/cb/98/83bd68761e7bd0a378ab5a0d805939bf7923ea71ca3849d6961c04ddf82d/Werkzeug-0.11.9-py2.py3-none-any.whl"
            },
            {
                "comment_text": "",
                "digests": {
                    "md5": "e4dbeb6302ce74babc0d7c21fc3d8291",
                    "sha256": "837b71338794634c24713a79c3b9c287301433f2d18cd0adefcbcf885e60c8a1"
                },
                "downloads": -1,
                "filename": "Werkzeug-0.11.9.tar.gz",
                "has_sig": false,
                "md5_digest": "e4dbeb6302ce74babc0d7c21fc3d8291",
                "packagetype": "sdist",
                "python_version": "source",
                "size": 1157394,
                "upload_time": "2016-04-24T18:31:46",
                "url": "https://files.pythonhosted.org/packages/0f/7c/b316cd9779817173e93f5cebc8fb387db33cc8dc526f3db5e61f2c008d5b/Werkzeug-0.11.9.tar.gz"
            }
        ],
        "0.12": [
            {
                "comment_text": "",
                "digests": {
                    "md5": "4d4492720c5070d876fbdd05211675d0",
                    "sha256": "7fce5d96278e9e4132fd0e90ff17d2bcc6e74695d11e619ba4645c0341396810"
                },
                "downloads": -1,
                "filename": "Werkzeug-0.12-py2.py3-none-any.whl",
                "has_sig": false,
                "md5_digest": "4d4492720c5070d876fbdd05211675d0",
                "packagetype": "bdist_wheel",
                "python_version": "2.7",
                "size": 312818,
                "upload_time": "2017-03-10T11:22:10",
                "url": "https://files.pythonhosted.org/packages/ae/c3/f59f6ade89c811143272161aae8a7898735e7439b9e182d03d141de4804f/Werkzeug-0.12-py2.py3-none-any.whl"
            },
            {
                "comment_text": "",
                "digests": {
                    "md5": "1fd20c9dceed7d4ac279d3770277315e",
                    "sha256": "f007848ed997101cb5c09a47e46c0b0b6f193d0f8a01cd2af920d77bf1ab4e68"
                },
                "downloads": -1,
                "filename": "Werkzeug-0.12.tar.gz",
                "has_sig": false,
                "md5_digest": "1fd20c9dceed7d4ac279d3770277315e",
                "packagetype": "sdist",
                "python_version": "source",
                "size": 1169497,
                "upload_time": "2017-03-10T11:22:05",
                "url": "https://files.pythonhosted.org/packages/13/a2/c4f2a1e1e9239cd979de00a2d7e0008559c46d920e9842e9b8063c5e6bf5/Werkzeug-0.12.tar.gz"
            }
        ],
        "0.12.1": [
            {
                "comment_text": "",
                "digests": {
                    "md5": "3fc1eb27df57a80a79dc032cb9a7c7fa",
                    "sha256": "918322630c58fa52b89e14c45de3ad78514e18928dac726060bb89cd647f6b83"
                },
                "downloads": -1,
                "filename": "Werkzeug-0.12.1-py2.py3-none-any.whl",
                "has_sig": false,
                "md5_digest": "3fc1eb27df57a80a79dc032cb9a7c7fa",
                "packagetype": "bdist_wheel",
                "python_version": "2.7",
                "size": 312856,
                "upload_time": "2017-03-15T17:08:20",
                "url": "https://files.pythonhosted.org/packages/f6/00/f3aae474bbc18d2e2cb5651935fbdaf1fb3a9676e2d606bc7d96c4c85d29/Werkzeug-0.12.1-py2.py3-none-any.whl"
            },
            {
                "comment_text": "",
                "digests": {
                    "md5": "b1c7bbe0066c0578116d75fef65c7eb3",
                    "sha256": "6716830febe9808bb7521fd26db3b398450cbed0886b2b4bea678b87340f534e"
                },
                "downloads": -1,
                "filename": "Werkzeug-0.12.1.tar.gz",
                "has_sig": false,
                "md5_digest": "b1c7bbe0066c0578116d75fef65c7eb3",
                "packagetype": "sdist",
                "python_version": "source",
                "size": 1169595,
                "upload_time": "2017-03-15T17:08:16",
                "url": "https://files.pythonhosted.org/packages/ab/65/d3f1edd1109cb1beb6b82f4139addad482df5b5ea113bdc98242383bf402/Werkzeug-0.12.1.tar.gz"
            }
        ],
        "0.12.2": [
            {
                "comment_text": "",
                "digests": {
                    "md5": "f2f1955f470f6eae8563c9e4e1ad1bba",
                    "sha256": "e8549c143af3ce6559699a01e26fa4174f4c591dbee0a499f3cd4c3781cdec3d"
                },
                "downloads": -1,
                "filename": "Werkzeug-0.12.2-py2.py3-none-any.whl",
                "has_sig": false,
                "md5_digest": "f2f1955f470f6eae8563c9e4e1ad1bba",
                "packagetype": "bdist_wheel",
                "python_version": "2.7",
                "size": 312953,
                "upload_time": "2017-05-16T06:37:47",
                "url": "https://files.pythonhosted.org/packages/97/02/306e0d57fdbf467ec1c763bc1757ec6ba20b1332e0ea7e49111533d71d1c/Werkzeug-0.12.2-py2.py3-none-any.whl"
            },
            {
                "comment_text": "",
                "digests": {
                    "md5": "e385b2c5a7193cff24c689b31e1124dc",
                    "sha256": "903a7b87b74635244548b30d30db4c8947fe64c5198f58899ddcd3a13c23bb26"
                },
                "downloads": -1,
                "filename": "Werkzeug-0.12.2.tar.gz",
                "has_sig": false,
                "md5_digest": "e385b2c5a7193cff24c689b31e1124dc",
                "packagetype": "sdist",
                "python_version": "source",
                "size": 1169770,
                "upload_time": "2017-05-16T06:37:43",
                "url": "https://files.pythonhosted.org/packages/56/41/c095a77eb2dd69bf278dd664a97d3416af04e9ba1a00b8c138f772741d31/Werkzeug-0.12.2.tar.gz"
            }
        ],
        "0.13": [
            {
                "comment_text": "",
                "digests": {
                    "md5": "7263e4dbc0197d6e4bafa8ba1b63316f",
                    "sha256": "f3000aa146ce8a9da8ca3e978e0e931c2a58eb56c323a5efb6b4307f7832b549"
                },
                "downloads": -1,
                "filename": "Werkzeug-0.13-py2.py3-none-any.whl",
                "has_sig": true,
                "md5_digest": "7263e4dbc0197d6e4bafa8ba1b63316f",
                "packagetype": "bdist_wheel",
                "python_version": "py2.py3",
                "size": 311833,
                "upload_time": "2017-12-07T17:33:16",
                "url": "https://files.pythonhosted.org/packages/e7/dc/e41d4d6adf0cd3f02b0bdf02fcddee77a2ef02c0b1d5eaa517308333d673/Werkzeug-0.13-py2.py3-none-any.whl"
            },
            {
                "comment_text": "",
                "digests": {
                    "md5": "abdb978e30101809a0ad255f010b1d3d",
                    "sha256": "6246e5fc98a505824113fb6aca993d45ea284a2bcffdc2c65d0c538e53e4abd3"
                },
                "downloads": -1,
                "filename": "Werkzeug-0.13.tar.gz",
                "has_sig": true,
                "md5_digest": "abdb978e30101809a0ad255f010b1d3d",
                "packagetype": "sdist",
                "python_version": "source",
                "size": 1173763,
                "upload_time": "2017-12-07T17:33:19",
                "url": "https://files.pythonhosted.org/packages/88/71/669c831c5611e3dbdcd46acdca42a3d29866f010c1d1ae70232b15473ba8/Werkzeug-0.13.tar.gz"
            }
        ],
        "0.14": [
            {
                "comment_text": "",
                "digests": {
                    "md5": "ce4a1c42a58b51137eb904447a90d585",
                    "sha256": "322b15deb0e503c3e96c267b676d47ca069edccbf6338549bea7916583822a55"
                },
                "downloads": -1,
                "filename": "Werkzeug-0.14-py2.py3-none-any.whl",
                "has_sig": false,
                "md5_digest": "ce4a1c42a58b51137eb904447a90d585",
                "packagetype": "bdist_wheel",
                "python_version": "py2.py3",
                "size": 322825,
                "upload_time": "2017-12-31T13:32:12",
                "url": "https://files.pythonhosted.org/packages/08/9f/896df5ed2a14c9dd83eec007f8df38ab246fd27d3d2cd105f4fa0ba5ce10/Werkzeug-0.14-py2.py3-none-any.whl"
            },
            {
                "comment_text": "",
                "digests": {
                    "md5": "533da0a836a7923704f35918da3bdc1e",
                    "sha256": "4aea27a9513b056346e9c8b49107f4ee7927f7bcf0be63024ecee39d5b87e9ef"
                },
                "downloads": -1,
                "filename": "Werkzeug-0.14.tar.gz",
                "has_sig": false,
                "md5_digest": "533da0a836a7923704f35918da3bdc1e",
                "packagetype": "sdist",
                "python_version": "source",
                "size": 1185468,
                "upload_time": "2017-12-31T13:32:18",
                "url": "https://files.pythonhosted.org/packages/90/b4/228683892aff6edbc7557e4fecd82e42163c7f258decc4efa0f53dbcf3ac/Werkzeug-0.14.tar.gz"
            }
        ],
        "0.14.1": [
            {
                "comment_text": "",
                "digests": {
                    "md5": "11f469d64429cc75f995cf6be5662133",
                    "sha256": "d5da73735293558eb1651ee2fddc4d0dedcfa06538b8813a2e20011583c9e49b"
                },
                "downloads": -1,
                "filename": "Werkzeug-0.14.1-py2.py3-none-any.whl",
                "has_sig": false,
                "md5_digest": "11f469d64429cc75f995cf6be5662133",
                "packagetype": "bdist_wheel",
                "python_version": "py2.py3",
                "size": 322863,
                "upload_time": "2017-12-31T21:16:45",
                "url": "https://files.pythonhosted.org/packages/20/c4/12e3e56473e52375aa29c4764e70d1b8f3efa6682bef8d0aae04fe335243/Werkzeug-0.14.1-py2.py3-none-any.whl"
            },
            {
                "comment_text": "",
                "digests": {
                    "md5": "6d20b5be2d245be4ac7706cc390d130c",
                    "sha256": "c3fd7a7d41976d9f44db327260e263132466836cef6f91512889ed60ad26557c"
                },
                "downloads": -1,
                "filename": "Werkzeug-0.14.1.tar.gz",
                "has_sig": false,
                "md5_digest": "6d20b5be2d245be4ac7706cc390d130c",
                "packagetype": "sdist",
                "python_version": "source",
                "size": 1185546,
                "upload_time": "2017-12-31T21:16:54",
                "url": "https://files.pythonhosted.org/packages/9f/08/a3bb1c045ec602dc680906fc0261c267bed6b3bb4609430aff92c3888ec8/Werkzeug-0.14.1.tar.gz"
            }
        ],
        "0.2": [
            {
                "comment_text": "",
                "digests": {
                    "md5": "5051e439cce3ca7fb5c4a4393ccc7012",
                    "sha256": "cbb956ab6356f416e0b4bcac86f26744d8d8f27786b93c6ecd057a84ddf9964c"
                },
                "downloads": -1,
                "filename": "Werkzeug-0.2-py2.4.egg",
                "has_sig": false,
                "md5_digest": "5051e439cce3ca7fb5c4a4393ccc7012",
                "packagetype": "bdist_egg",
                "python_version": "2.4",
                "size": 284313,
                "upload_time": "2008-02-13T22:39:40",
                "url": "https://files.pythonhosted.org/packages/ca/47/6cc683d8b30069f4c9cd9a1d42572c90c5387492a6f8e51b835735fdc92a/Werkzeug-0.2-py2.4.egg"
            },
            {
                "comment_text": "",
                "digests": {
                    "md5": "aa3ac768542f620f9005eb5a64ad5cb0",
                    "sha256": "8819c0c147984e9ff202e295eb7747be287fbd493834baf31ea21c385fa7fbcd"
                },
                "downloads": -1,
                "filename": "Werkzeug-0.2-py2.5.egg",
                "has_sig": false,
                "md5_digest": "aa3ac768542f620f9005eb5a64ad5cb0",
                "packagetype": "bdist_egg",
                "python_version": "2.5",
                "size": 281784,
                "upload_time": "2008-02-13T22:38:59",
                "url": "https://files.pythonhosted.org/packages/2f/8b/994fcd2cb15fddef05fc67d5b0ff75f43f3eac089c165e5124628c126767/Werkzeug-0.2-py2.5.egg"
            },
            {
                "comment_text": "",
                "digests": {
                    "md5": "4f045b31ea7495361d1193a60be46930",
                    "sha256": "5c0bfcc1b2539d348ea3a6353a699fc7861bc9b2c4082b4a471be40720b843b3"
                },
                "downloads": -1,
                "filename": "Werkzeug-0.2.tar.gz",
                "has_sig": false,
                "md5_digest": "4f045b31ea7495361d1193a60be46930",
                "packagetype": "sdist",
                "python_version": "source",
                "size": 139010,
                "upload_time": "2008-02-13T22:38:53",
                "url": "https://files.pythonhosted.org/packages/91/a3/d9e77072b45ecee8e34d71cedb3c94c024f865673b3b177615182663629a/Werkzeug-0.2.tar.gz"
            }
        ],
        "0.3": [
            {
                "comment_text": "",
                "digests": {
                    "md5": "c2d8c63d19cd9be69566a80249cf746b",
                    "sha256": "ac4b2961db19dd8f54b50671837f94f30374cbb03df4e5db91e8c1dd293d30f0"
                },
                "downloads": -1,
                "filename": "Werkzeug-0.3-py2.3.egg",
                "has_sig": false,
                "md5_digest": "c2d8c63d19cd9be69566a80249cf746b",
                "packagetype": "bdist_egg",
                "python_version": "2.3",
                "size": 1614022,
                "upload_time": "2008-06-14T16:21:26",
                "url": "https://files.pythonhosted.org/packages/dd/4f/251903df88a0c09e9aca62af84525d1f6b5e37a4520651de34107b89c1f7/Werkzeug-0.3-py2.3.egg"
            },
            {
                "comment_text": "",
                "digests": {
                    "md5": "6b66a5a0986d005781a248993c3e270c",
                    "sha256": "f84d6bebdb25e5fbaa43670b074f499d24fdf931332cb2186d3727cf3dbd80cb"
                },
                "downloads": -1,
                "filename": "Werkzeug-0.3-py2.4.egg",
                "has_sig": false,
                "md5_digest": "6b66a5a0986d005781a248993c3e270c",
                "packagetype": "bdist_egg",
                "python_version": "2.4",
                "size": 555652,
                "upload_time": "2008-06-14T16:18:40",
                "url": "https://files.pythonhosted.org/packages/cd/85/0391710ff9bfbd5eeb648ed62021c98682ffe669471c066d0515a1e99b7d/Werkzeug-0.3-py2.4.egg"
            },
            {
                "comment_text": "",
                "digests": {
                    "md5": "1217f0819b993b7e20066c1507f2f90c",
                    "sha256": "6f10e0c03f5ab39430ca282efe33d55e7f2003d832c849e13baaca2c0ff28808"
                },
                "downloads": -1,
                "filename": "Werkzeug-0.3-py2.5.egg",
                "has_sig": false,
                "md5_digest": "1217f0819b993b7e20066c1507f2f90c",
                "packagetype": "bdist_egg",
                "python_version": "2.5",
                "size": 552655,
                "upload_time": "2008-06-14T16:14:41",
                "url": "https://files.pythonhosted.org/packages/29/65/efb4f95269c1743f060e50ff9f1b3cefa3614408839b49b51ff2cfdc51d4/Werkzeug-0.3-py2.5.egg"
            },
            {
                "comment_text": "",
                "digests": {
                    "md5": "ec66867dfa0f8f84dd694d06ced394c2",
                    "sha256": "343aa771e188d883c994a797030429f8bbc4d3a95ec588550669e35f805d5da4"
                },
                "downloads": -1,
                "filename": "Werkzeug-0.3.tar.gz",
                "has_sig": false,
                "md5_digest": "ec66867dfa0f8f84dd694d06ced394c2",
                "packagetype": "sdist",
                "python_version": "source",
                "size": 625329,
                "upload_time": "2008-06-14T16:14:16",
                "url": "https://files.pythonhosted.org/packages/d5/19/8bfbef420b510540d59fcb1108f7233db3b4005f67f9c3abd15418b93df0/Werkzeug-0.3.tar.gz"
            }
        ],
        "0.3.1": [
            {
                "comment_text": "",
                "digests": {
                    "md5": "5f669acf04af135ad8577d99a4387504",
                    "sha256": "eb45de43b9f30804240a3d5bc60387397b446804042a1e4c6132deffea652922"
                },
                "downloads": -1,
                "filename": "Werkzeug-0.3.1-py2.3.egg",
                "has_sig": false,
                "md5_digest": "5f669acf04af135ad8577d99a4387504",
                "packagetype": "bdist_egg",
                "python_version": "2.3",
                "size": 1602664,
                "upload_time": "2008-06-24T15:27:40",
                "url": "https://files.pythonhosted.org/packages/51/c7/95b5d6be90cd6cf306dda5e322f5460e660ad296525164126bd6c85f9561/Werkzeug-0.3.1-py2.3.egg"
            },
            {
                "comment_text": "",
                "digests": {
                    "md5": "b242a4b1a03d0f85b6521ffec72900f8",
                    "sha256": "5121726666a8a943a600cd3baf64fa2718a001b4183cff79b461a5ca53a6a986"
                },
                "downloads": -1,
                "filename": "Werkzeug-0.3.1-py2.4.egg",
                "has_sig": false,
                "md5_digest": "b242a4b1a03d0f85b6521ffec72900f8",
                "packagetype": "bdist_egg",
                "python_version": "2.4",
                "size": 551878,
                "upload_time": "2008-06-24T15:27:01",
                "url": "https://files.pythonhosted.org/packages/99/5d/89caf3938f6cc94ec34f5945342bf5cf15c9de3811c4883d7f68527b32d4/Werkzeug-0.3.1-py2.4.egg"
            },
            {
                "comment_text": "",
                "digests": {
                    "md5": "9ef7e15b78985481feb6289fb21f1238",
                    "sha256": "cd133a8e2a47510f0449bbffa91f9791e76d984e59fe3335aa8039410cd96dcb"
                },
                "downloads": -1,
                "filename": "Werkzeug-0.3.1-py2.5.egg",
                "has_sig": false,
                "md5_digest": "9ef7e15b78985481feb6289fb21f1238",
                "packagetype": "bdist_egg",
                "python_version": "2.5",
                "size": 548889,
                "upload_time": "2008-06-24T15:26:00",
                "url": "https://files.pythonhosted.org/packages/94/eb/28db1e40586a1e63322de82602c6e8753ff8cbe03d4972314b1903ee63d1/Werkzeug-0.3.1-py2.5.egg"
            },
            {
                "comment_text": "",
                "digests": {
                    "md5": "6119c0d9084cebc4103969616c9ac2ba",
                    "sha256": "b148bf58be3eadc0d128a959b14a4b629c6185eb02de3fdc39b32c03ce680e53"
                },
                "downloads": -1,
                "filename": "Werkzeug-0.3.1.tar.gz",
                "has_sig": false,
                "md5_digest": "6119c0d9084cebc4103969616c9ac2ba",
                "packagetype": "sdist",
                "python_version": "source",
                "size": 581629,
                "upload_time": "2008-06-24T15:26:12",
                "url": "https://files.pythonhosted.org/packages/d1/3b/c8b9b5612c4893443d1c9993dd7c9ba54a63a3f7a19aed389e1eb6f82d05/Werkzeug-0.3.1.tar.gz"
            }
        ],
        "0.4": [
            {
                "comment_text": "",
                "digests": {
                    "md5": "40483df016b2116450ec9ceb66acd700",
                    "sha256": "04ab0febf8f9a0f3868139ced0a253cc13998fb6254315a9d50a895e64a68393"
                },
                "downloads": -1,
                "filename": "Werkzeug-0.4.tar.gz",
                "has_sig": false,
                "md5_digest": "40483df016b2116450ec9ceb66acd700",
                "packagetype": "sdist",
                "python_version": "source",
                "size": 635879,
                "upload_time": "2008-11-23T14:49:54",
                "url": "https://files.pythonhosted.org/packages/0d/30/9778d232bdbef60fb9109a589defdd4d5849c8d4a60976f0b1dc95f3424f/Werkzeug-0.4.tar.gz"
            }
        ],
        "0.4.1": [
            {
                "comment_text": "",
                "digests": {
                    "md5": "9bc096feb9fc43ea9f6c558b9c330c3e",
                    "sha256": "96f4a1ac7cdc81f7817b574632d6fecdd553fe8c3ae46aa60eb380793999cf63"
                },
                "downloads": -1,
                "filename": "Werkzeug-0.4.1.tar.gz",
                "has_sig": false,
                "md5_digest": "9bc096feb9fc43ea9f6c558b9c330c3e",
                "packagetype": "sdist",
                "python_version": "source",
                "size": 641239,
                "upload_time": "2009-01-11T10:45:11",
                "url": "https://files.pythonhosted.org/packages/0f/91/eb4595f2ad79067c38409679a599cead6237b7e126b65db204d318c86d4b/Werkzeug-0.4.1.tar.gz"
            }
        ],
        "0.5": [
            {
                "comment_text": "",
                "digests": {
                    "md5": "d980e9c332a16db3538798aa303b1af5",
                    "sha256": "68609a74a0fbca56abe9003490eb29bd25b97304610c663bd86b66bba2eca00d"
                },
                "downloads": -1,
                "filename": "Werkzeug-0.5.tar.gz",
                "has_sig": false,
                "md5_digest": "d980e9c332a16db3538798aa303b1af5",
                "packagetype": "sdist",
                "python_version": "source",
                "size": 1620257,
                "upload_time": "2009-04-25T00:16:55",
                "url": "https://files.pythonhosted.org/packages/43/98/91f18ee928714a953949f4836721e9b2b7c6f5edfb91a2daf373190fb492/Werkzeug-0.5.tar.gz"
            }
        ],
        "0.5.1": [
            {
                "comment_text": "",
                "digests": {
                    "md5": "620955f34b8424c92674fe76d5c47679",
                    "sha256": "ff638b44eaca81c9a1c8c492b957c1b8d1b44b2147e50216355ff9c99daa8637"
                },
                "downloads": -1,
                "filename": "Werkzeug-0.5.1.zip",
                "has_sig": false,
                "md5_digest": "620955f34b8424c92674fe76d5c47679",
                "packagetype": "sdist",
                "python_version": "source",
                "size": 1744847,
                "upload_time": "2009-07-09T22:15:10",
                "url": "https://files.pythonhosted.org/packages/64/43/5f7bfe7bafee622337186d86116d8c00d5c34856e9b0caeea0899bf252af/Werkzeug-0.5.1.zip"
            }
        ],
        "0.6": [
            {
                "comment_text": "",
                "digests": {
                    "md5": "b84236e8d9a012591f26fd211fa2c84e",
                    "sha256": "8c608c0ce3695af19ff0d1ab40871a02bcb9a947a9b915e89ecf332992561808"
                },
                "downloads": -1,
                "filename": "Werkzeug-0.6.tar.gz",
                "has_sig": false,
                "md5_digest": "b84236e8d9a012591f26fd211fa2c84e",
                "packagetype": "sdist",
                "python_version": "source",
                "size": 2677956,
                "upload_time": "2010-02-19T00:06:42",
                "url": "https://files.pythonhosted.org/packages/40/cb/4efd61b34a3c6ec511d0f962e7956da8394549abbe673cf329b070805906/Werkzeug-0.6.tar.gz"
            }
        ],
        "0.6.1": [
            {
                "comment_text": "",
                "digests": {
                    "md5": "f4d3e131b111c1f48aa1d1cb0b82531c",
                    "sha256": "8c31d01d844c3c496ae371832d78d895c2283163565da26d3ec69f8f9ce34274"
                },
                "downloads": -1,
                "filename": "Werkzeug-0.6.1.tar.gz",
                "has_sig": false,
                "md5_digest": "f4d3e131b111c1f48aa1d1cb0b82531c",
                "packagetype": "sdist",
                "python_version": "source",
                "size": 1710824,
                "upload_time": "2010-04-13T00:16:33",
                "url": "https://files.pythonhosted.org/packages/d1/32/8ea95879ecc0b52cc0a4cab8686e7e18bcc71498554e6378f63bfefc145f/Werkzeug-0.6.1.tar.gz"
            }
        ],
        "0.6.2": [
            {
                "comment_text": "",
                "digests": {
                    "md5": "519408350346a247333bb5d584371724",
                    "sha256": "4a80c87db4c105f24bb6587b2fdc45a1844e6b0d185d698543b43f2cf900d27b"
                },
                "downloads": -1,
                "filename": "Werkzeug-0.6.2.tar.gz",
                "has_sig": false,
                "md5_digest": "519408350346a247333bb5d584371724",
                "packagetype": "sdist",
                "python_version": "source",
                "size": 1720741,
                "upload_time": "2010-04-23T18:05:38",
                "url": "https://files.pythonhosted.org/packages/a5/46/9e8809b1eaffa8ea42ddd4b590dd59ebf539a9bad33c772b850d66697e4a/Werkzeug-0.6.2.tar.gz"
            }
        ],
        "0.7": [
            {
                "comment_text": "",
                "digests": {
                    "md5": "264d1beaa2676fc9216688c8b95c8833",
                    "sha256": "1f249abd79f791841827f09cdee1334c965b77db061fc1ea7c2c1248a24e8340"
                },
                "downloads": -1,
                "filename": "Werkzeug-0.7.tar.gz",
                "has_sig": false,
                "md5_digest": "264d1beaa2676fc9216688c8b95c8833",
                "packagetype": "sdist",
                "python_version": "source",
                "size": 1103423,
                "upload_time": "2011-07-24T17:46:37",
                "url": "https://files.pythonhosted.org/packages/d1/e8/2b3e9c133c5c2ed5d32cfd8b40865c35c08b0f647b3ff7fe7c33526763ad/Werkzeug-0.7.tar.gz"
            }
        ],
        "0.7.1": [
            {
                "comment_text": "",
                "digests": {
                    "md5": "d5f2107fb2317944079b1c3019330c38",
                    "sha256": "0682ada4e9b4018004be995fb3db01d9da47d0d5b488444e45a484f9e940d885"
                },
                "downloads": -1,
                "filename": "Werkzeug-0.7.1.tar.gz",
                "has_sig": false,
                "md5_digest": "d5f2107fb2317944079b1c3019330c38",
                "packagetype": "sdist",
                "python_version": "source",
                "size": 1103388,
                "upload_time": "2011-07-26T12:25:43",
                "url": "https://files.pythonhosted.org/packages/fc/80/f10de2774c9c8ca248fb5ac3a9067c97e7d3cca18b203493225fd3b82e23/Werkzeug-0.7.1.tar.gz"
            }
        ],
        "0.7.2": [
            {
                "comment_text": "",
                "digests": {
                    "md5": "a9ff192fcc60806e778344a36ff840f6",
                    "sha256": "6d0d199989c025b33eb002aaa4412160c2241319d2d887331f64da86d83bfeac"
                },
                "downloads": -1,
                "filename": "Werkzeug-0.7.2.tar.gz",
                "has_sig": false,
                "md5_digest": "a9ff192fcc60806e778344a36ff840f6",
                "packagetype": "sdist",
                "python_version": "source",
                "size": 1103430,
                "upload_time": "2011-09-30T12:48:57",
                "url": "https://files.pythonhosted.org/packages/30/2e/8a4630856707238f1eec6cbb0ea4a44ed6ddd67dcbfd884517782efae7e5/Werkzeug-0.7.2.tar.gz"
            }
        ],
        "0.8": [
            {
                "comment_text": "",
                "digests": {
                    "md5": "6b20fc6ce88ec9e6726874ec72bb3645",
                    "sha256": "2f60d10c69e705ef77a2775bec679ad2474b22ca35887c9c61503cec1e4d4d5d"
                },
                "downloads": -1,
                "filename": "Werkzeug-0.8.tar.gz",
                "has_sig": false,
                "md5_digest": "6b20fc6ce88ec9e6726874ec72bb3645",
                "packagetype": "sdist",
                "python_version": "source",
                "size": 1107041,
                "upload_time": "2011-09-29T23:55:03",
                "url": "https://files.pythonhosted.org/packages/a4/3c/417598d787f0a00029554d5e001d7ff1df884dc39594fbeff8aa5a92c708/Werkzeug-0.8.tar.gz"
            }
        ],
        "0.8.1": [
            {
                "comment_text": "",
                "digests": {
                    "md5": "20f3a65710d64f9f455111ed71e3da66",
                    "sha256": "ec4122adcf3f6277c23f10128be1c2da9352b899a976a03245a698e83dfd95db"
                },
                "downloads": -1,
                "filename": "Werkzeug-0.8.1.tar.gz",
                "has_sig": false,
                "md5_digest": "20f3a65710d64f9f455111ed71e3da66",
                "packagetype": "sdist",
                "python_version": "source",
                "size": 1107020,
                "upload_time": "2011-09-30T12:50:19",
                "url": "https://files.pythonhosted.org/packages/a0/45/cc3c87afb246bf19aca390bd852d78b10b0c6543e2b8fc8b64877bea4e4f/Werkzeug-0.8.1.tar.gz"
            }
        ],
        "0.8.2": [
            {
                "comment_text": "",
                "digests": {
                    "md5": "d4fcc1c9c5a4c4d148b87e5b581f9dea",
                    "sha256": "15bbc16f586a9ec6606e8a6005373491270901ef8fd47a91898f5183cd383a28"
                },
                "downloads": -1,
                "filename": "Werkzeug-0.8.2.tar.gz",
                "has_sig": false,
                "md5_digest": "d4fcc1c9c5a4c4d148b87e5b581f9dea",
                "packagetype": "sdist",
                "python_version": "source",
                "size": 1108056,
                "upload_time": "2011-12-16T15:53:06",
                "url": "https://files.pythonhosted.org/packages/1e/a3/a9cee8a481782d7192db46aa89bed2d30f309075db503d5e31c3ba4016f9/Werkzeug-0.8.2.tar.gz"
            }
        ],
        "0.8.3": [
            {
                "comment_text": "",
                "digests": {
                    "md5": "12aa03e302ce49da98703938f257347a",
                    "sha256": "108c3d41fb701c4af4ef00e8ebbedc147632c82247beb798c8d8657a12810206"
                },
                "downloads": -1,
                "filename": "Werkzeug-0.8.3.tar.gz",
                "has_sig": false,
                "md5_digest": "12aa03e302ce49da98703938f257347a",
                "packagetype": "sdist",
                "python_version": "source",
                "size": 1108617,
                "upload_time": "2012-02-05T11:10:46",
                "url": "https://files.pythonhosted.org/packages/a1/1c/02e6127ec997c08266b03d7fd340ba7675dafe0e28886a569664fd019e56/Werkzeug-0.8.3.tar.gz"
            }
        ],
        "0.9": [
            {
                "comment_text": "",
                "digests": {
                    "md5": "c1700146d77252eb45be587b6b9db4ed",
                    "sha256": "383d547274b580f79dc9effe1169949113f980e1ced450961e68152ff96bd8c3"
                },
                "downloads": -1,
                "filename": "Werkzeug-0.9.tar.gz",
                "has_sig": false,
                "md5_digest": "c1700146d77252eb45be587b6b9db4ed",
                "packagetype": "sdist",
                "python_version": "source",
                "size": 1124358,
                "upload_time": "2013-06-13T08:27:11",
                "url": "https://files.pythonhosted.org/packages/8c/50/15a4a51a461370e0d51a6a3e9182857a14cf12f023350b96b2fde1a4be0b/Werkzeug-0.9.tar.gz"
            }
        ],
        "0.9.1": [
            {
                "comment_text": "",
                "digests": {
                    "md5": "41ff407867a90c6f252cdacf2d6c2fd4",
                    "sha256": "d892523bb6110a8ff8bad51982bb76a9c168659b2d58369806fd9bf049b65669"
                },
                "downloads": -1,
                "filename": "Werkzeug-0.9.1.tar.gz",
                "has_sig": false,
                "md5_digest": "41ff407867a90c6f252cdacf2d6c2fd4",
                "packagetype": "sdist",
                "python_version": "source",
                "size": 1124459,
                "upload_time": "2013-06-14T08:51:26",
                "url": "https://files.pythonhosted.org/packages/28/8d/26f5612010252778c7d9d7afad19b990505a99689ef599c85e48237740e8/Werkzeug-0.9.1.tar.gz"
            }
        ],
        "0.9.2": [
            {
                "comment_text": "",
                "digests": {
                    "md5": "d4bf6dc46aaa792ac9290761095c2b99",
                    "sha256": "ca5142934bb506145383fc12ea86683dd20ed9da56e9e185505ab2195f7e71e8"
                },
                "downloads": -1,
                "filename": "Werkzeug-0.9.2.tar.gz",
                "has_sig": false,
                "md5_digest": "d4bf6dc46aaa792ac9290761095c2b99",
                "packagetype": "sdist",
                "python_version": "source",
                "size": 1125205,
                "upload_time": "2013-07-18T15:06:56",
                "url": "https://files.pythonhosted.org/packages/f4/59/eab1d85bffc16abb34d35e271485522dcb8d3aeed3e2ea24c2b6ca76b44c/Werkzeug-0.9.2.tar.gz"
            }
        ],
        "0.9.3": [
            {
                "comment_text": "",
                "digests": {
                    "md5": "a040b7e8861111926e5cbe968b36d7c5",
                    "sha256": "ead3a6baf49f8fc594d88dca910d60c61e26e3bb89467ff034c47f6b57b3089a"
                },
                "downloads": -1,
                "filename": "Werkzeug-0.9.3.tar.gz",
                "has_sig": false,
                "md5_digest": "a040b7e8861111926e5cbe968b36d7c5",
                "packagetype": "sdist",
                "python_version": "source",
                "size": 1126096,
                "upload_time": "2013-07-25T15:00:47",
                "url": "https://files.pythonhosted.org/packages/8d/3b/79b28e9436f321763bfa47d7784bedb8f0b6b7da92b2979ee5a2a60f3bc6/Werkzeug-0.9.3.tar.gz"
            }
        ],
        "0.9.4": [
            {
                "comment_text": "",
                "digests": {
                    "md5": "670fad41f57c13b71a6816765765a3dd",
                    "sha256": "c1baf7a3e8be70f34d931ee173283f406877bd3d17f372bbe82318a5b3c510cc"
                },
                "downloads": -1,
                "filename": "Werkzeug-0.9.4.tar.gz",
                "has_sig": false,
                "md5_digest": "670fad41f57c13b71a6816765765a3dd",
                "packagetype": "sdist",
                "python_version": "source",
                "size": 1126353,
                "upload_time": "2013-08-25T23:20:28",
                "url": "https://files.pythonhosted.org/packages/d8/5e/8abc95630f9c4248edffed30592468f884e845ba656a959a12e452fafcec/Werkzeug-0.9.4.tar.gz"
            }
        ],
        "0.9.5": [
            {
                "comment_text": "",
                "digests": {
                    "md5": "e4ba9dc1149c56c07d698f850956210a",
                    "sha256": "9f6c20c7786bb64c3d5b637df8d12ae7601efbb9d9e527505f91f0e96a3a2e3e"
                },
                "downloads": -1,
                "filename": "Werkzeug-0.9.5.tar.gz",
                "has_sig": false,
                "md5_digest": "e4ba9dc1149c56c07d698f850956210a",
                "packagetype": "sdist",
                "python_version": "source",
                "size": 1127546,
                "upload_time": "2014-06-06T19:18:48",
                "url": "https://files.pythonhosted.org/packages/bf/d1/37f309bff81dd40afe89692bd09e0888a7e3afbef08d6d3d1eb632de307f/Werkzeug-0.9.5.tar.gz"
            }
        ],
        "0.9.6": [
            {
                "comment_text": "",
                "digests": {
                    "md5": "f7afcadc03b0f2267bdc156c34586043",
                    "sha256": "7f11e7e2e73eb22677cac1b11113eb6106f66cedef13d140e83cf6563c90b79c"
                },
                "downloads": -1,
                "filename": "Werkzeug-0.9.6.tar.gz",
                "has_sig": false,
                "md5_digest": "f7afcadc03b0f2267bdc156c34586043",
                "packagetype": "sdist",
                "python_version": "source",
                "size": 1128428,
                "upload_time": "2014-06-07T10:34:38",
                "url": "https://files.pythonhosted.org/packages/63/69/5702e5eb897d1a144001e21d676676bcb87b88c0862f947509ea95ea54fc/Werkzeug-0.9.6.tar.gz"
            }
        ]
    },
    "urls": [
        {
            "comment_text": "",
            "digests": {
                "md5": "11f469d64429cc75f995cf6be5662133",
                "sha256": "d5da73735293558eb1651ee2fddc4d0dedcfa06538b8813a2e20011583c9e49b"
            },
            "downloads": -1,
            "filename": "Werkzeug-0.14.1-py2.py3-none-any.whl",
            "has_sig": false,
            "md5_digest": "11f469d64429cc75f995cf6be5662133",
            "packagetype": "bdist_wheel",
            "python_version": "py2.py3",
            "size": 322863,
            "upload_time": "2017-12-31T21:16:45",
            "url": "https://files.pythonhosted.org/packages/20/c4/12e3e56473e52375aa29c4764e70d1b8f3efa6682bef8d0aae04fe335243/Werkzeug-0.14.1-py2.py3-none-any.whl"
        },
        {
            "comment_text": "",
            "digests": {
                "md5": "6d20b5be2d245be4ac7706cc390d130c",
                "sha256": "c3fd7a7d41976d9f44db327260e263132466836cef6f91512889ed60ad26557c"
            },
            "downloads": -1,
            "filename": "Werkzeug-0.14.1.tar.gz",
            "has_sig": false,
            "md5_digest": "6d20b5be2d245be4ac7706cc390d130c",
            "packagetype": "sdist",
            "python_version": "source",
            "size": 1185546,
            "upload_time": "2017-12-31T21:16:54",
            "url": "https://files.pythonhosted.org/packages/9f/08/a3bb1c045ec602dc680906fc0261c267bed6b3bb4609430aff92c3888ec8/Werkzeug-0.14.1.tar.gz"
        }
    ],
    "package_name": "werkzeug"
}